-- ============================================
-- Import catalogue approvisionnement
-- Généré depuis Base_Achats_Matieres 2025+2026
-- ============================================

-- 1. FOURNISSEURS
INSERT INTO appro_fournisseurs (id, nom, actif) VALUES ('e6217bfa-cc2c-4b7b-9f68-af53dfe20479', 'Alsabret (Au Pain de mon Grand-Père)', true) ON CONFLICT (nom) DO NOTHING;
INSERT INTO appro_fournisseurs (id, nom, actif) VALUES ('8f1bd2cd-b23a-4fa5-b270-aad415051639', 'Café Sati', true) ON CONFLICT (nom) DO NOTHING;
INSERT INTO appro_fournisseurs (id, nom, actif) VALUES ('b0a1a51e-0ec8-4eae-8bbe-a922649465e7', 'Distribution Iller', true) ON CONFLICT (nom) DO NOTHING;
INSERT INTO appro_fournisseurs (id, nom, actif) VALUES ('cf4d1399-a4c8-422f-ae11-c9e5a97f733a', 'Essentiel RHF', true) ON CONFLICT (nom) DO NOTHING;
INSERT INTO appro_fournisseurs (id, nom, actif) VALUES ('6615983c-bd95-4160-a4c6-589d4033aef7', 'Herbes Fines Christian', true) ON CONFLICT (nom) DO NOTHING;
INSERT INTO appro_fournisseurs (id, nom, actif) VALUES ('c9927e05-8576-449c-9912-93595ac33f1e', 'Koch & Fils', true) ON CONFLICT (nom) DO NOTHING;
INSERT INTO appro_fournisseurs (id, nom, actif) VALUES ('3ef9d8c3-4455-420e-a3f9-0074777761e5', 'Malt et Houblon', true) ON CONFLICT (nom) DO NOTHING;
INSERT INTO appro_fournisseurs (id, nom, actif) VALUES ('873c4e87-78f3-48d8-8f88-0c67d8274ccb', 'Nos Belles Quilles', true) ON CONFLICT (nom) DO NOTHING;
INSERT INTO appro_fournisseurs (id, nom, actif) VALUES ('ba2f7076-33c2-4ce9-ad90-5778e30c29d3', 'Promocash', true) ON CONFLICT (nom) DO NOTHING;
INSERT INTO appro_fournisseurs (id, nom, actif) VALUES ('b11dbed0-0d23-4e23-b6db-7a5dda2c8d33', 'Ruhlmann-Schutz', true) ON CONFLICT (nom) DO NOTHING;
INSERT INTO appro_fournisseurs (id, nom, actif) VALUES ('21fbe47e-0b13-40b5-984f-673cb012149f', 'Sapam', true) ON CONFLICT (nom) DO NOTHING;
INSERT INTO appro_fournisseurs (id, nom, actif) VALUES ('2b28ab5a-0091-4d1b-9f77-a56647888abc', 'Wolfberger', true) ON CONFLICT (nom) DO NOTHING;
INSERT INTO appro_fournisseurs (id, nom, actif) VALUES ('d55c0dfd-d61a-432b-896f-30cbad6c68f7', 'Zeyssolff', true) ON CONFLICT (nom) DO NOTHING;

-- 13 fournisseurs

-- 2. ARTICLES ET PRIX
INSERT INTO appro_catalogue (id, nom, nom_recherche, categorie, unite, actif) VALUES ('d722ed8d-6987-459f-bf85-8d0b89f6a387', 'MUNSTER FERMIER LC 17 CM F.MATHIEU 1 X 4 X 750 GR', 'munster fermier lc 17 cm f mathieu 1 x 4 x 750 gr', 'Frais', 'kg', true);
INSERT INTO appro_prix (id, article_id, fournisseur_id, designation, reference_fournisseur, pu_ht, unite, taux_tva, source, actif) VALUES ('72c8504c-d974-428c-9c35-6f8fbe0ff98d', 'd722ed8d-6987-459f-bf85-8d0b89f6a387', 'c9927e05-8576-449c-9912-93595ac33f1e', 'MUNSTER FERMIER LC 17 CM F.MATHIEU 1 X 4 X 750 GR', 'P1228', 15.41, 'kg', 0.055, 'import_2026', true);
INSERT INTO appro_catalogue (id, nom, nom_recherche, categorie, unite, actif) VALUES ('18fd78db-1785-4c2a-bb55-2eab0e996be0', 'PALERON DE BOEUF FRANCE', 'paleron de boeuf france', 'Viande & charcuterie', 'kg', true);
INSERT INTO appro_prix (id, article_id, fournisseur_id, designation, reference_fournisseur, pu_ht, unite, taux_tva, source, actif) VALUES ('85396e7f-6aef-440f-b28e-311527a97e10', '18fd78db-1785-4c2a-bb55-2eab0e996be0', 'b0a1a51e-0ec8-4eae-8bbe-a922649465e7', 'PALERON DE BOEUF FRANCE', '015300', 18.74, 'kg', 0.055, 'import_2026', true);
INSERT INTO appro_catalogue (id, nom, nom_recherche, categorie, unite, actif) VALUES ('32598910-8da7-4723-870d-394304229bc8', 'PALERON ALSACE 2.5 KG+-', 'paleron alsace 2 5 kg', 'Frais', 'kg', true);
INSERT INTO appro_prix (id, article_id, fournisseur_id, designation, reference_fournisseur, pu_ht, unite, taux_tva, source, actif) VALUES ('8dd4040c-20ed-47c5-acf0-bc0c6d47417c', '32598910-8da7-4723-870d-394304229bc8', 'c9927e05-8576-449c-9912-93595ac33f1e', 'PALERON ALSACE 2.5 KG+-', '30205', 18.12, 'kg', 0.055, 'import_2026', true);
INSERT INTO appro_catalogue (id, nom, nom_recherche, categorie, unite, actif) VALUES ('5c0928a4-ddcd-427e-8893-e3e8d580c483', 'JARRET BRAISE KOCH 1 X 10 X 700G+-', 'jarret braise koch 1 x 10 x 700g', 'Frais', 'pce', true);
INSERT INTO appro_prix (id, article_id, fournisseur_id, designation, reference_fournisseur, pu_ht, unite, taux_tva, source, actif) VALUES ('848501e0-91e1-42d5-b783-bf69b1afcfdf', '5c0928a4-ddcd-427e-8893-e3e8d580c483', 'c9927e05-8576-449c-9912-93595ac33f1e', 'JARRET BRAISE KOCH 1 X 10 X 700G+-', '3315', 5.37, 'pce', 0.055, 'import_2026', true);
INSERT INTO appro_catalogue (id, nom, nom_recherche, categorie, unite, actif) VALUES ('ac70bc7f-3935-4a04-9c95-61ffba0780e4', 'CREME UHT 35 % MG BAIGNES 1 X 6 X 1 L', 'creme uht 35 mg baignes 1 x 6 x 1 l', 'Frais', 'L', true);
INSERT INTO appro_prix (id, article_id, fournisseur_id, designation, reference_fournisseur, pu_ht, unite, taux_tva, source, actif) VALUES ('4e9e6488-9983-4ae3-b37d-12ebb4e10629', 'ac70bc7f-3935-4a04-9c95-61ffba0780e4', 'c9927e05-8576-449c-9912-93595ac33f1e', 'CREME UHT 35 % MG BAIGNES 1 X 6 X 1 L', 'P2475', 6.09, 'L', 0.055, 'import_2026', true);
INSERT INTO appro_catalogue (id, nom, nom_recherche, categorie, unite, actif) VALUES ('ba0d157c-bdc9-43dc-8626-ac569a831063', 'JARRET POIRE CUIT ILLER', 'jarret poire cuit iller', 'Viande & charcuterie', 'kg', true);
INSERT INTO appro_prix (id, article_id, fournisseur_id, designation, reference_fournisseur, pu_ht, unite, taux_tva, source, actif) VALUES ('96392d0f-aeec-46e7-b7f0-241553306781', 'ba0d157c-bdc9-43dc-8626-ac569a831063', 'b0a1a51e-0ec8-4eae-8bbe-a922649465e7', 'JARRET POIRE CUIT ILLER', '051619', 6.11, 'kg', 0.055, 'import_2026', true);
INSERT INTO appro_catalogue (id, nom, nom_recherche, categorie, unite, actif) VALUES ('1ad3be4b-c7b3-4000-8785-dbd4470ce1f7', 'OEUF ENTIER LIQUIDE BRIQUE 1 X 10 X 1 KG', 'oeuf entier liquide brique 1 x 10 x 1 kg', 'Frais', 'kg', true);
INSERT INTO appro_prix (id, article_id, fournisseur_id, designation, reference_fournisseur, pu_ht, unite, taux_tva, source, actif) VALUES ('8bb3e3c9-c25b-485d-af79-d9db73587832', '1ad3be4b-c7b3-4000-8785-dbd4470ce1f7', 'c9927e05-8576-449c-9912-93595ac33f1e', 'OEUF ENTIER LIQUIDE BRIQUE 1 X 10 X 1 KG', 'P1545', 7.02, 'kg', 0.055, 'import_2026', true);
INSERT INTO appro_catalogue (id, nom, nom_recherche, categorie, unite, actif) VALUES ('44bfde9b-1ba9-4f7d-8ab4-0e7282aa7c67', 'CONFIT DE CUISSE CANARD ROUGIE FRANCE ST DE 6PC', 'confit de cuisse canard rougie france st de 6pc', 'Frais', 'kg', true);
INSERT INTO appro_prix (id, article_id, fournisseur_id, designation, reference_fournisseur, pu_ht, unite, taux_tva, source, actif) VALUES ('00655941-6c83-4ebc-8abe-40610f08c5a8', '44bfde9b-1ba9-4f7d-8ab4-0e7282aa7c67', 'c9927e05-8576-449c-9912-93595ac33f1e', 'CONFIT DE CUISSE CANARD ROUGIE FRANCE ST DE 6PC', '3645', 13.85, 'kg', 0.055, 'import_2026', true);
INSERT INTO appro_catalogue (id, nom, nom_recherche, categorie, unite, actif) VALUES ('cb4400c2-6193-42c1-afd5-e78eed16eed2', 'PDT JAZZY FR 35+ 12,5KG I &', 'pdt jazzy fr 35 12 5kg i', 'Fruits & Légumes', 'kg', true);
INSERT INTO appro_prix (id, article_id, fournisseur_id, designation, reference_fournisseur, pu_ht, unite, taux_tva, source, actif) VALUES ('d5d70ffe-b78f-4e80-9d1f-f2117bc7d929', 'cb4400c2-6193-42c1-afd5-e78eed16eed2', '21fbe47e-0b13-40b5-984f-673cb012149f', 'PDT JAZZY FR 35+ 12,5KG I &', 'FR', 16.59, 'kg', 0.055, 'import_2026', true);
INSERT INTO appro_catalogue (id, nom, nom_recherche, categorie, unite, actif) VALUES ('1e44c435-0b6c-47c3-a998-9388fad82001', 'CREME FLUIDE 33 % MG SEAU SCHW. 1 X 5 L', 'creme fluide 33 mg seau schw 1 x 5 l', 'Frais', 'L', true);
INSERT INTO appro_prix (id, article_id, fournisseur_id, designation, reference_fournisseur, pu_ht, unite, taux_tva, source, actif) VALUES ('6511d088-17b6-43bc-b923-2fd2ef9eb2fc', '1e44c435-0b6c-47c3-a998-9388fad82001', 'c9927e05-8576-449c-9912-93595ac33f1e', 'CREME FLUIDE 33 % MG SEAU SCHW. 1 X 5 L', 'P0052', 4.91, 'L', 0.055, 'import_2026', true);
INSERT INTO appro_catalogue (id, nom, nom_recherche, categorie, unite, actif) VALUES ('db559319-123e-4ce5-9533-003cbacf6634', 'JARRET CUIT FAB ILLER X2 LE PAQ', 'jarret cuit fab iller x2 le paq', 'Viande & charcuterie', 'kg', true);
INSERT INTO appro_prix (id, article_id, fournisseur_id, designation, reference_fournisseur, pu_ht, unite, taux_tva, source, actif) VALUES ('e92b8b25-0bf2-4fbf-999f-34fdee52f29b', 'db559319-123e-4ce5-9533-003cbacf6634', 'b0a1a51e-0ec8-4eae-8bbe-a922649465e7', 'JARRET CUIT FAB ILLER X2 LE PAQ', '140219', 7.5, 'kg', 0.055, 'import_2026', true);
INSERT INTO appro_catalogue (id, nom, nom_recherche, categorie, unite, actif) VALUES ('f157074b-91a3-48b3-802d-201af40ec1ab', 'BLANC DE POULET IMPORT X 5KG', 'blanc de poulet import x 5kg', 'Viande & charcuterie', 'kg', true);
INSERT INTO appro_prix (id, article_id, fournisseur_id, designation, reference_fournisseur, pu_ht, unite, taux_tva, source, actif) VALUES ('ddbfe819-1036-4975-976c-2f4fff6f3075', 'f157074b-91a3-48b3-802d-201af40ec1ab', 'b0a1a51e-0ec8-4eae-8bbe-a922649465e7', 'BLANC DE POULET IMPORT X 5KG', '074301', 7.44, 'kg', 0.055, 'import_2026', true);
INSERT INTO appro_catalogue (id, nom, nom_recherche, categorie, unite, actif) VALUES ('723252ee-44bf-4019-b98d-5a9e52885380', 'BEURRE DE CAMPAGNE 500 GR 82% 1 X 10 KG', 'beurre de campagne 500 gr 82 1 x 10 kg', 'Frais', 'kg', true);
INSERT INTO appro_prix (id, article_id, fournisseur_id, designation, reference_fournisseur, pu_ht, unite, taux_tva, source, actif) VALUES ('c59b3b84-f898-4557-8b30-339114ba9bd8', '723252ee-44bf-4019-b98d-5a9e52885380', 'c9927e05-8576-449c-9912-93595ac33f1e', 'BEURRE DE CAMPAGNE 500 GR 82% 1 X 10 KG', 'P0251', 8.58, 'kg', 0.055, 'import_2026', true);
INSERT INTO appro_catalogue (id, nom, nom_recherche, categorie, unite, actif) VALUES ('8c7dd574-4c50-48f1-a35e-9df02ecdf292', 'FILET POULET S/ATH HALAL 1 X 2 X 5 KG', 'filet poulet s ath halal 1 x 2 x 5 kg', 'Frais', 'kg', true);
INSERT INTO appro_prix (id, article_id, fournisseur_id, designation, reference_fournisseur, pu_ht, unite, taux_tva, source, actif) VALUES ('ea78f0b9-ac9a-4493-815f-081b6bc3e640', '8c7dd574-4c50-48f1-a35e-9df02ecdf292', 'c9927e05-8576-449c-9912-93595ac33f1e', 'FILET POULET S/ATH HALAL 1 X 2 X 5 KG', '3669', 7.32, 'kg', 0.055, 'import_2026', true);
INSERT INTO appro_catalogue (id, nom, nom_recherche, categorie, unite, actif) VALUES ('7c806c64-2063-4b37-9537-0d0364e228b3', 'EPAULE D AGNEAU A/OS S/OS COUPEE EN SAUTE', 'epaule d agneau a os s os coupee en saute', 'Viande & charcuterie', 'kg', true);
INSERT INTO appro_prix (id, article_id, fournisseur_id, designation, reference_fournisseur, pu_ht, unite, taux_tva, source, actif) VALUES ('2fb48539-6656-4b5a-9e6e-46491bdb4360', '7c806c64-2063-4b37-9537-0d0364e228b3', 'b0a1a51e-0ec8-4eae-8bbe-a922649465e7', 'EPAULE D AGNEAU A/OS S/OS COUPEE EN SAUTE', '040521', 19.74, 'kg', 0.055, 'import_2026', true);
INSERT INTO appro_catalogue (id, nom, nom_recherche, categorie, unite, actif) VALUES ('33b6f71d-47e2-4b25-95a6-fc571473be56', 'OEUF FRAIS MOYEN 53/63 1 X 180 P', 'oeuf frais moyen 53 63 1 x 180 p', 'Frais', 'Carton', true);
INSERT INTO appro_prix (id, article_id, fournisseur_id, designation, reference_fournisseur, pu_ht, unite, taux_tva, source, actif) VALUES ('ba0a056f-18a5-48cf-9487-c8a9ffb93806', '33b6f71d-47e2-4b25-95a6-fc571473be56', 'c9927e05-8576-449c-9912-93595ac33f1e', 'OEUF FRAIS MOYEN 53/63 1 X 180 P', 'P3215', 46.25, 'Carton', 0.055, 'import_2026', true);
INSERT INTO appro_catalogue (id, nom, nom_recherche, categorie, unite, actif) VALUES ('b7a660f8-df75-4a25-b230-275fa67eea6b', 'ONGLET DE BOEUF S/V', 'onglet de boeuf s v', 'Viande & charcuterie', 'kg', true);
INSERT INTO appro_prix (id, article_id, fournisseur_id, designation, reference_fournisseur, pu_ht, unite, taux_tva, source, actif) VALUES ('1796dee5-6f22-42e6-96ac-58da9842c557', 'b7a660f8-df75-4a25-b230-275fa67eea6b', 'b0a1a51e-0ec8-4eae-8bbe-a922649465e7', 'ONGLET DE BOEUF S/V', '012800', 15.62, 'kg', 0.055, 'import_2026', true);
INSERT INTO appro_catalogue (id, nom, nom_recherche, categorie, unite, actif) VALUES ('361c1684-dbd5-4ed4-bf96-4f7746c81977', 'ONGLET DE BOEUF SIMMENTAL 1 X 2 KG+-', 'onglet de boeuf simmental 1 x 2 kg', 'Frais', 'kg', true);
INSERT INTO appro_prix (id, article_id, fournisseur_id, designation, reference_fournisseur, pu_ht, unite, taux_tva, source, actif) VALUES ('21378c71-333f-4971-b47b-b4db2756ad58', '361c1684-dbd5-4ed4-bf96-4f7746c81977', 'c9927e05-8576-449c-9912-93595ac33f1e', 'ONGLET DE BOEUF SIMMENTAL 1 X 2 KG+-', '30101', 16.9, 'kg', 0.055, 'import_2026', true);
INSERT INTO appro_catalogue (id, nom, nom_recherche, categorie, unite, actif) VALUES ('e74c4756-1277-4bd4-9b4e-2c560dfb3aed', 'CERVELAS 12 X 100 G', 'cervelas 12 x 100 g', 'Frais', 'kg', true);
INSERT INTO appro_prix (id, article_id, fournisseur_id, designation, reference_fournisseur, pu_ht, unite, taux_tva, source, actif) VALUES ('d5e6471d-b186-4e96-90c8-b56745f956d5', 'e74c4756-1277-4bd4-9b4e-2c560dfb3aed', 'c9927e05-8576-449c-9912-93595ac33f1e', 'CERVELAS 12 X 100 G', '2824', 8.53, 'kg', 0.055, 'import_2026', true);
INSERT INTO appro_catalogue (id, nom, nom_recherche, categorie, unite, actif) VALUES ('e587d2f9-149d-4dd9-9eb8-32fcca6b95f0', 'ESCALOPE FG CANAR CRU UE 40/60 G 1X 5 X 1 KG', 'escalope fg canar cru ue 40 60 g 1x 5 x 1 kg', 'Surgelés', 'kg', true);
INSERT INTO appro_prix (id, article_id, fournisseur_id, designation, reference_fournisseur, pu_ht, unite, taux_tva, source, actif) VALUES ('7ceb90bd-22d4-473d-9968-c91d0db444e8', 'e587d2f9-149d-4dd9-9eb8-32fcca6b95f0', 'c9927e05-8576-449c-9912-93595ac33f1e', 'ESCALOPE FG CANAR CRU UE 40/60 G 1X 5 X 1 KG', '1481', 42.84, 'kg', 0.055, 'import_2026', true);
INSERT INTO appro_catalogue (id, nom, nom_recherche, categorie, unite, actif) VALUES ('6220a277-9e90-4ab8-8959-7b9ece71312d', 'NOIX DE VEAU UE BLANCHE', 'noix de veau ue blanche', 'Viande & charcuterie', 'kg', true);
INSERT INTO appro_prix (id, article_id, fournisseur_id, designation, reference_fournisseur, pu_ht, unite, taux_tva, source, actif) VALUES ('2b8aa10b-a542-4ef0-8b8f-578822ab3052', '6220a277-9e90-4ab8-8959-7b9ece71312d', 'b0a1a51e-0ec8-4eae-8bbe-a922649465e7', 'NOIX DE VEAU UE BLANCHE', '030501', 20.13, 'kg', 0.055, 'import_2026', true);
INSERT INTO appro_catalogue (id, nom, nom_recherche, categorie, unite, actif) VALUES ('dda6d3ed-e6f6-4b04-811e-ec358e20ee5c', 'METEOR PILS Litre Fût - Fut 30 L', 'meteor pils litre fut fut 30 l', 'Boisson alcoolisée', 'pce', true);
INSERT INTO appro_prix (id, article_id, fournisseur_id, designation, reference_fournisseur, pu_ht, unite, taux_tva, source, actif) VALUES ('dad55dbb-e83f-4a37-8f81-876318114170', 'dda6d3ed-e6f6-4b04-811e-ec358e20ee5c', '3ef9d8c3-4455-420e-a3f9-0074777761e5', 'METEOR PILS Litre Fût - Fut 30 L', '40113', 2.74, 'pce', 0.2, 'import_2026', true);
INSERT INTO appro_catalogue (id, nom, nom_recherche, categorie, unite, actif) VALUES ('d678dceb-74dc-40b7-8454-ff782ca1d6c9', 'LAIT UHT ENTIER 1 X 12 X 1 L SCHWARZW.', 'lait uht entier 1 x 12 x 1 l schwarzw', 'Frais', 'L', true);
INSERT INTO appro_prix (id, article_id, fournisseur_id, designation, reference_fournisseur, pu_ht, unite, taux_tva, source, actif) VALUES ('aa3550c7-2dc2-49e9-8377-06fb27e638cc', 'd678dceb-74dc-40b7-8454-ff782ca1d6c9', 'c9927e05-8576-449c-9912-93595ac33f1e', 'LAIT UHT ENTIER 1 X 12 X 1 L SCHWARZW.', 'P1104', 1.26, 'L', 0.055, 'import_2026', true);
INSERT INTO appro_catalogue (id, nom, nom_recherche, categorie, unite, actif) VALUES ('97ecb9ef-d3f2-470d-8fd8-c71c32bbedbe', 'JAUNE D''OEUF BRIQUE 1 X 10 X 1KG', 'jaune d oeuf brique 1 x 10 x 1kg', 'Frais', 'kg', true);
INSERT INTO appro_prix (id, article_id, fournisseur_id, designation, reference_fournisseur, pu_ht, unite, taux_tva, source, actif) VALUES ('0b94b273-d173-4103-9489-b956038bd1ea', '97ecb9ef-d3f2-470d-8fd8-c71c32bbedbe', 'c9927e05-8576-449c-9912-93595ac33f1e', 'JAUNE D''OEUF BRIQUE 1 X 10 X 1KG', 'P1544', 12.87, 'kg', 0.055, 'import_2026', true);
INSERT INTO appro_catalogue (id, nom, nom_recherche, categorie, unite, actif) VALUES ('f7027907-d881-4b61-9d63-795209ddafb9', 'GEWURZ WOLFBERGER LES FRIANDS 12,9 CRD', 'gewurz wolfberger les friands 12 9 crd', 'Boisson alcoolisée', 'Bouteille', true);
INSERT INTO appro_prix (id, article_id, fournisseur_id, designation, reference_fournisseur, pu_ht, unite, taux_tva, source, actif) VALUES ('448b018d-90ea-45ec-9881-64f7b643ad69', 'f7027907-d881-4b61-9d63-795209ddafb9', '2b28ab5a-0091-4d1b-9f77-a56647888abc', 'GEWURZ WOLFBERGER LES FRIANDS 12,9 CRD', '39641', 7.04, 'Bouteille', 0.2, 'import_2026', true);
INSERT INTO appro_catalogue (id, nom, nom_recherche, categorie, unite, actif) VALUES ('37ab38f5-4f19-4aee-93fb-5634f2748bf4', 'PNOIR WOLFBERGER LES FRIANDS 12,2 CRD', 'pnoir wolfberger les friands 12 2 crd', 'Boisson alcoolisée', 'Bouteille', true);
INSERT INTO appro_prix (id, article_id, fournisseur_id, designation, reference_fournisseur, pu_ht, unite, taux_tva, source, actif) VALUES ('409f71e0-6c0e-4700-bf47-d2e39c5ff9a4', '37ab38f5-4f19-4aee-93fb-5634f2748bf4', '2b28ab5a-0091-4d1b-9f77-a56647888abc', 'PNOIR WOLFBERGER LES FRIANDS 12,2 CRD', '53206', 6.04, 'Bouteille', 0.2, 'import_2026', true);
INSERT INTO appro_catalogue (id, nom, nom_recherche, categorie, unite, actif) VALUES ('1181417a-73d1-416b-819d-6a65a39f915c', 'FROMAGE BLANC 40 % MG A.LAIT (7.80%) 1 X 5 KG', 'fromage blanc 40 mg a lait 7 80 1 x 5 kg', 'Frais', 'kg', true);
INSERT INTO appro_prix (id, article_id, fournisseur_id, designation, reference_fournisseur, pu_ht, unite, taux_tva, source, actif) VALUES ('0845b631-c616-46c5-97c3-d8308cdcad5e', '1181417a-73d1-416b-819d-6a65a39f915c', 'c9927e05-8576-449c-9912-93595ac33f1e', 'FROMAGE BLANC 40 % MG A.LAIT (7.80%) 1 X 5 KG', 'P0580', 3.16, 'kg', 0.055, 'import_2026', true);
INSERT INTO appro_catalogue (id, nom, nom_recherche, categorie, unite, actif) VALUES ('e1369d97-6289-479d-958d-11fafce841d4', 'PGRIS WOLFBERGER LES FRIANDS 12,6 CRD', 'pgris wolfberger les friands 12 6 crd', 'Boisson alcoolisée', 'Bouteille', true);
INSERT INTO appro_prix (id, article_id, fournisseur_id, designation, reference_fournisseur, pu_ht, unite, taux_tva, source, actif) VALUES ('1aa01b2b-61fd-469e-bc37-a41032d3bc9b', 'e1369d97-6289-479d-958d-11fafce841d4', '2b28ab5a-0091-4d1b-9f77-a56647888abc', 'PGRIS WOLFBERGER LES FRIANDS 12,6 CRD', '53236', 5.75, 'Bouteille', 0.2, 'import_2026', true);
INSERT INTO appro_catalogue (id, nom, nom_recherche, categorie, unite, actif) VALUES ('521e1dde-1bc7-489e-97f6-4bee08c6df71', 'PINOT NOIR WILLM CUVEE LINA 22 12,0 CRD', 'pinot noir willm cuvee lina 22 12 0 crd', 'Boisson alcoolisée', 'Bouteille', true);
INSERT INTO appro_prix (id, article_id, fournisseur_id, designation, reference_fournisseur, pu_ht, unite, taux_tva, source, actif) VALUES ('6c19aaed-4ce5-4079-aebd-7e6babfdf2e2', '521e1dde-1bc7-489e-97f6-4bee08c6df71', '2b28ab5a-0091-4d1b-9f77-a56647888abc', 'PINOT NOIR WILLM CUVEE LINA 22 12,0 CRD', '49395', 9.48, 'Bouteille', 0.2, 'import_2026', true);
INSERT INTO appro_catalogue (id, nom, nom_recherche, categorie, unite, actif) VALUES ('524e9e98-5f96-4ae7-a69e-33ef0dbce218', 'PALERON DE BOEUF S/V', 'paleron de boeuf s v', 'Viande & charcuterie', 'kg', true);
INSERT INTO appro_prix (id, article_id, fournisseur_id, designation, reference_fournisseur, pu_ht, unite, taux_tva, source, actif) VALUES ('4b2989dd-bce5-4d7e-93c0-1539948478cc', '524e9e98-5f96-4ae7-a69e-33ef0dbce218', 'b0a1a51e-0ec8-4eae-8bbe-a922649465e7', 'PALERON DE BOEUF S/V', '012000', 14.82, 'kg', 0.055, 'import_2026', true);
INSERT INTO appro_catalogue (id, nom, nom_recherche, categorie, unite, actif) VALUES ('55de05f6-2079-4d05-9176-f9af33601ec8', 'PINOT NOIR WILLM CUVEE LINA 22 12,1 CRD', 'pinot noir willm cuvee lina 22 12 1 crd', 'Boisson alcoolisée', 'Bouteille', true);
INSERT INTO appro_prix (id, article_id, fournisseur_id, designation, reference_fournisseur, pu_ht, unite, taux_tva, source, actif) VALUES ('e2a02652-d13f-4250-adef-2c0dab8bf95e', '55de05f6-2079-4d05-9176-f9af33601ec8', '2b28ab5a-0091-4d1b-9f77-a56647888abc', 'PINOT NOIR WILLM CUVEE LINA 22 12,1 CRD', '49395', 9.33, 'Bouteille', 0.2, 'import_2026', true);
INSERT INTO appro_catalogue (id, nom, nom_recherche, categorie, unite, actif) VALUES ('02f7b17e-515b-402e-ab6d-907de5d38805', 'GENDARME PAR 10 PAIRES', 'gendarme par 10 paires', 'Frais', 'pce', true);
INSERT INTO appro_prix (id, article_id, fournisseur_id, designation, reference_fournisseur, pu_ht, unite, taux_tva, source, actif) VALUES ('16e041c7-290c-464d-8a51-470360b80cf5', '02f7b17e-515b-402e-ab6d-907de5d38805', 'c9927e05-8576-449c-9912-93595ac33f1e', 'GENDARME PAR 10 PAIRES', '2829', 17.7, 'pce', 0.055, 'import_2026', true);
INSERT INTO appro_catalogue (id, nom, nom_recherche, categorie, unite, actif) VALUES ('96c3dc42-13e2-4b7a-9514-b001ac2a9ba8', 'CREMANT DOMAINE JUX BRUT 12,0 CRD', 'cremant domaine jux brut 12 0 crd', 'Boisson alcoolisée', 'Bouteille', true);
INSERT INTO appro_prix (id, article_id, fournisseur_id, designation, reference_fournisseur, pu_ht, unite, taux_tva, source, actif) VALUES ('db299290-b8ef-4454-befc-9895bd9ed08a', '96c3dc42-13e2-4b7a-9514-b001ac2a9ba8', '2b28ab5a-0091-4d1b-9f77-a56647888abc', 'CREMANT DOMAINE JUX BRUT 12,0 CRD', '4750', 6.77, 'Bouteille', 0.2, 'import_2026', true);
INSERT INTO appro_catalogue (id, nom, nom_recherche, categorie, unite, actif) VALUES ('58eefd58-e20c-439f-8544-8f274f5dd7ee', 'PNOIR WOLFBERGER BIO TRAD 23 12,6 CRD', 'pnoir wolfberger bio trad 23 12 6 crd', 'Boisson alcoolisée', 'Bouteille', true);
INSERT INTO appro_prix (id, article_id, fournisseur_id, designation, reference_fournisseur, pu_ht, unite, taux_tva, source, actif) VALUES ('01160ce8-bb30-4a44-b502-0a9e7f71354e', '58eefd58-e20c-439f-8544-8f274f5dd7ee', '2b28ab5a-0091-4d1b-9f77-a56647888abc', 'PNOIR WOLFBERGER BIO TRAD 23 12,6 CRD', '50417', 7.69, 'Bouteille', 0.2, 'import_2026', true);
INSERT INTO appro_catalogue (id, nom, nom_recherche, categorie, unite, actif) VALUES ('da1d37f2-2b78-4151-9d75-dcd765c9a343', 'BOEUF BOURGUIGNON S/V 2.5KG', 'boeuf bourguignon s v 2 5kg', 'Viande & charcuterie', 'kg', true);
INSERT INTO appro_prix (id, article_id, fournisseur_id, designation, reference_fournisseur, pu_ht, unite, taux_tva, source, actif) VALUES ('ba7d7cbf-c4dd-45c6-a95b-91f38e2b496f', 'da1d37f2-2b78-4151-9d75-dcd765c9a343', 'b0a1a51e-0ec8-4eae-8bbe-a922649465e7', 'BOEUF BOURGUIGNON S/V 2.5KG', '013800', 13.24, 'kg', 0.055, 'import_2026', true);
INSERT INTO appro_catalogue (id, nom, nom_recherche, categorie, unite, actif) VALUES ('04eefd31-fbfb-4a63-aa14-ed6bae107715', 'POULE PAC', 'poule pac', 'Viande & charcuterie', 'kg', true);
INSERT INTO appro_prix (id, article_id, fournisseur_id, designation, reference_fournisseur, pu_ht, unite, taux_tva, source, actif) VALUES ('275392cf-df4b-45f4-89ec-407ad3594823', '04eefd31-fbfb-4a63-aa14-ed6bae107715', 'b0a1a51e-0ec8-4eae-8bbe-a922649465e7', 'POULE PAC', '070600', 6.43, 'kg', 0.055, 'import_2026', true);
INSERT INTO appro_catalogue (id, nom, nom_recherche, categorie, unite, actif) VALUES ('3d02bbe3-b2fe-4c4f-82f2-b3dc4f5ad6d0', 'GEWURZ WOLFB NOIRE VT MUVIGO22 20 12,6 CRD', 'gewurz wolfb noire vt muvigo22 20 12 6 crd', 'Boisson alcoolisée', 'Bouteille', true);
INSERT INTO appro_prix (id, article_id, fournisseur_id, designation, reference_fournisseur, pu_ht, unite, taux_tva, source, actif) VALUES ('fd92371a-a86d-4acc-8906-bc1a75a49e9d', '3d02bbe3-b2fe-4c4f-82f2-b3dc4f5ad6d0', '2b28ab5a-0091-4d1b-9f77-a56647888abc', 'GEWURZ WOLFB NOIRE VT MUVIGO22 20 12,6 CRD', '49124', 18.09, 'Bouteille', 0.2, 'import_2026', true);
INSERT INTO appro_catalogue (id, nom, nom_recherche, categorie, unite, actif) VALUES ('098f9cc9-c885-4a2f-9de0-cb3202760d53', 'SAUMON FUME NORVEGE TRAITEUR 26 TR X 40 G', 'saumon fume norvege traiteur 26 tr x 40 g', 'Frais', 'pce', true);
INSERT INTO appro_prix (id, article_id, fournisseur_id, designation, reference_fournisseur, pu_ht, unite, taux_tva, source, actif) VALUES ('a7d747be-64f1-4246-b7d3-c9965d2f04e5', '098f9cc9-c885-4a2f-9de0-cb3202760d53', 'c9927e05-8576-449c-9912-93595ac33f1e', 'SAUMON FUME NORVEGE TRAITEUR 26 TR X 40 G', '3223', 33.85, 'pce', 0.055, 'import_2026', true);
INSERT INTO appro_catalogue (id, nom, nom_recherche, categorie, unite, actif) VALUES ('6be3af57-25e4-478b-b702-43dcdffca80c', 'LARD SALE EN 1/2 1 X 2 KG+-', 'lard sale en 1 2 1 x 2 kg', 'Frais', 'kg', true);
INSERT INTO appro_prix (id, article_id, fournisseur_id, designation, reference_fournisseur, pu_ht, unite, taux_tva, source, actif) VALUES ('20e3afba-7aa7-4959-95f2-d30041345872', '6be3af57-25e4-478b-b702-43dcdffca80c', 'c9927e05-8576-449c-9912-93595ac33f1e', 'LARD SALE EN 1/2 1 X 2 KG+-', '2844', 8.47, 'kg', 0.055, 'import_2026', true);
INSERT INTO appro_catalogue (id, nom, nom_recherche, categorie, unite, actif) VALUES ('00bdfe27-2627-448d-b8ab-223f815b56f9', 'TIRAMISU DEBIC 1 X 6 X 1 L', 'tiramisu debic 1 x 6 x 1 l', 'Frais', 'L', true);
INSERT INTO appro_prix (id, article_id, fournisseur_id, designation, reference_fournisseur, pu_ht, unite, taux_tva, source, actif) VALUES ('0c53f7dd-9b32-4ac5-b4d0-24df773c4739', '00bdfe27-2627-448d-b8ab-223f815b56f9', 'c9927e05-8576-449c-9912-93595ac33f1e', 'TIRAMISU DEBIC 1 X 6 X 1 L', 'P1275', 8.73, 'L', 0.055, 'import_2026', true);
INSERT INTO appro_catalogue (id, nom, nom_recherche, categorie, unite, actif) VALUES ('0cd63819-0a69-44df-8462-9fcab56f24a4', 'PNOIR ROSE WOLF B. SAISON 24 12,7 CRD', 'pnoir rose wolf b saison 24 12 7 crd', 'Boisson alcoolisée', 'Bouteille', true);
INSERT INTO appro_prix (id, article_id, fournisseur_id, designation, reference_fournisseur, pu_ht, unite, taux_tva, source, actif) VALUES ('c9d0bdf0-2632-4881-be44-9d6369c77e48', '0cd63819-0a69-44df-8462-9fcab56f24a4', '2b28ab5a-0091-4d1b-9f77-a56647888abc', 'PNOIR ROSE WOLF B. SAISON 24 12,7 CRD', '52262', 5.97, 'Bouteille', 0.2, 'import_2026', true);
INSERT INTO appro_catalogue (id, nom, nom_recherche, categorie, unite, actif) VALUES ('0ff64f00-9806-4df7-9bac-c0ccb71f83e5', 'JAMBON CRU FORET NOIRE 10 TR X 200G', 'jambon cru foret noire 10 tr x 200g', 'Frais', 'pce', true);
INSERT INTO appro_prix (id, article_id, fournisseur_id, designation, reference_fournisseur, pu_ht, unite, taux_tva, source, actif) VALUES ('c0463ccf-841b-4f21-a6bb-fe9489062027', '0ff64f00-9806-4df7-9bac-c0ccb71f83e5', 'c9927e05-8576-449c-9912-93595ac33f1e', 'JAMBON CRU FORET NOIRE 10 TR X 200G', '2876', 3.08, 'pce', 0.055, 'import_2026', true);
INSERT INTO appro_catalogue (id, nom, nom_recherche, categorie, unite, actif) VALUES ('2459f954-6544-42f5-8290-1db54fbb8405', 'KNACK D''ALSACE EXTRA - 20 X 50 G', 'knack d alsace extra 20 x 50 g', 'Frais', 'kg', true);
INSERT INTO appro_prix (id, article_id, fournisseur_id, designation, reference_fournisseur, pu_ht, unite, taux_tva, source, actif) VALUES ('c1938d63-3d35-4341-885c-3e072084aa44', '2459f954-6544-42f5-8290-1db54fbb8405', 'c9927e05-8576-449c-9912-93595ac33f1e', 'KNACK D''ALSACE EXTRA - 20 X 50 G', '2821', 9.83, 'kg', 0.055, 'import_2026', true);
INSERT INTO appro_catalogue (id, nom, nom_recherche, categorie, unite, actif) VALUES ('5f8620a9-b01a-4b72-b1ee-123f9d9a92e3', 'SAUTE DE PORC 70/80GR 3KG S/V', 'saute de porc 70 80gr 3kg s v', 'Viande & charcuterie', 'kg', true);
INSERT INTO appro_prix (id, article_id, fournisseur_id, designation, reference_fournisseur, pu_ht, unite, taux_tva, source, actif) VALUES ('64181252-8503-40aa-a488-834bdf53e908', '5f8620a9-b01a-4b72-b1ee-123f9d9a92e3', 'b0a1a51e-0ec8-4eae-8bbe-a922649465e7', 'SAUTE DE PORC 70/80GR 3KG S/V', '055406', 6.87, 'kg', 0.055, 'import_2026', true);
INSERT INTO appro_catalogue (id, nom, nom_recherche, categorie, unite, actif) VALUES ('38f8a320-035a-4fc9-93ab-12fb7202dbe8', 'LARD FUME EN 1/2 1 X 2.2+ KG', 'lard fume en 1 2 1 x 2 2 kg', 'Frais', 'kg', true);
INSERT INTO appro_prix (id, article_id, fournisseur_id, designation, reference_fournisseur, pu_ht, unite, taux_tva, source, actif) VALUES ('d6f9c1ba-bbfc-4559-b56e-18682ad1c8b3', '38f8a320-035a-4fc9-93ab-12fb7202dbe8', 'c9927e05-8576-449c-9912-93595ac33f1e', 'LARD FUME EN 1/2 1 X 2.2+ KG', '2845', 9.37, 'kg', 0.055, 'import_2026', true);
INSERT INTO appro_catalogue (id, nom, nom_recherche, categorie, unite, actif) VALUES ('ad711e5c-1bc1-4b67-8716-92e9e9782e39', 'PGRIS WOLFBERGER LES FRIANDS 13,0 CRD', 'pgris wolfberger les friands 13 0 crd', 'Boisson alcoolisée', 'Bouteille', true);
INSERT INTO appro_prix (id, article_id, fournisseur_id, designation, reference_fournisseur, pu_ht, unite, taux_tva, source, actif) VALUES ('a6d6add2-cc12-4c08-bfe0-5379ea0dd315', 'ad711e5c-1bc1-4b67-8716-92e9e9782e39', '2b28ab5a-0091-4d1b-9f77-a56647888abc', 'PGRIS WOLFBERGER LES FRIANDS 13,0 CRD', '39645', 5.75, 'Bouteille', 0.2, 'import_2026', true);
INSERT INTO appro_catalogue (id, nom, nom_recherche, categorie, unite, actif) VALUES ('3cbe2614-b61f-4fe1-87d6-4811d0fcf715', 'EMMENTAL RAPE STD VALMARTIN 2.2 MM 1 KG X 10', 'emmental rape std valmartin 2 2 mm 1 kg x 10', 'Frais', 'kg', true);
INSERT INTO appro_prix (id, article_id, fournisseur_id, designation, reference_fournisseur, pu_ht, unite, taux_tva, source, actif) VALUES ('8981be18-9e71-4014-9c59-6f02013f6701', '3cbe2614-b61f-4fe1-87d6-4811d0fcf715', 'c9927e05-8576-449c-9912-93595ac33f1e', 'EMMENTAL RAPE STD VALMARTIN 2.2 MM 1 KG X 10', 'P0202', 8.5, 'kg', 0.055, 'import_2026', true);
INSERT INTO appro_catalogue (id, nom, nom_recherche, categorie, unite, actif) VALUES ('a1844a50-fca3-4d9f-ab17-3f7fe4ca97de', 'KASSLER FUME CRU S/OS 1 X 1.6 KG+-', 'kassler fume cru s os 1 x 1 6 kg', 'Frais', 'kg', true);
INSERT INTO appro_prix (id, article_id, fournisseur_id, designation, reference_fournisseur, pu_ht, unite, taux_tva, source, actif) VALUES ('3b09eb8a-dffa-4baa-b596-3d77c12668d3', 'a1844a50-fca3-4d9f-ab17-3f7fe4ca97de', 'c9927e05-8576-449c-9912-93595ac33f1e', 'KASSLER FUME CRU S/OS 1 X 1.6 KG+-', '2839', 8.99, 'kg', 0.055, 'import_2026', true);
INSERT INTO appro_catalogue (id, nom, nom_recherche, categorie, unite, actif) VALUES ('92ea7c7a-0b14-4672-9335-62785e51d3c6', 'SAUCISSE DE STRASBOURG 60GR PAR 20 S/V', 'saucisse de strasbourg 60gr par 20 s v', 'Viande & charcuterie', 'kg', true);
INSERT INTO appro_prix (id, article_id, fournisseur_id, designation, reference_fournisseur, pu_ht, unite, taux_tva, source, actif) VALUES ('5e758d2c-ef97-4a52-9151-e81b0e68a6c0', '92ea7c7a-0b14-4672-9335-62785e51d3c6', 'b0a1a51e-0ec8-4eae-8bbe-a922649465e7', 'SAUCISSE DE STRASBOURG 60GR PAR 20 S/V', '062300', 8.95, 'kg', 0.055, 'import_2026', true);
INSERT INTO appro_catalogue (id, nom, nom_recherche, categorie, unite, actif) VALUES ('f2dfef96-ddad-4ebd-bcf0-6350916ca1e5', 'QUETSCHES (OREILLONS) 1 X 8 X 1 KG', 'quetsches oreillons 1 x 8 x 1 kg', 'Surgelés', 'kg', true);
INSERT INTO appro_prix (id, article_id, fournisseur_id, designation, reference_fournisseur, pu_ht, unite, taux_tva, source, actif) VALUES ('7f0c5c82-e797-4ab2-a124-2853399d349d', 'f2dfef96-ddad-4ebd-bcf0-6350916ca1e5', 'c9927e05-8576-449c-9912-93595ac33f1e', 'QUETSCHES (OREILLONS) 1 X 8 X 1 KG', '2416', 4.12, 'kg', 0.055, 'import_2026', true);
INSERT INTO appro_catalogue (id, nom, nom_recherche, categorie, unite, actif) VALUES ('048eed6f-d531-4dfc-9cfd-da66b1516bd6', 'KASSLER SALE FUME 1/2 S/V', 'kassler sale fume 1 2 s v', 'Viande & charcuterie', 'kg', true);
INSERT INTO appro_prix (id, article_id, fournisseur_id, designation, reference_fournisseur, pu_ht, unite, taux_tva, source, actif) VALUES ('c314858e-bf0c-402a-8705-34e1ed566f77', '048eed6f-d531-4dfc-9cfd-da66b1516bd6', 'b0a1a51e-0ec8-4eae-8bbe-a922649465e7', 'KASSLER SALE FUME 1/2 S/V', '054001', 7.95, 'kg', 0.055, 'import_2026', true);
INSERT INTO appro_catalogue (id, nom, nom_recherche, categorie, unite, actif) VALUES ('9ef5b2cb-3345-4043-91ce-c9f2d950bf60', 'ESCALOPE FOIE GRAS CANARD IMPORT SURGELE', 'escalope foie gras canard import surgele', 'Viande & charcuterie', 'kg', true);
INSERT INTO appro_prix (id, article_id, fournisseur_id, designation, reference_fournisseur, pu_ht, unite, taux_tva, source, actif) VALUES ('0a877f8d-b2fa-41f7-85c0-4b1111840345', '9ef5b2cb-3345-4043-91ce-c9f2d950bf60', 'b0a1a51e-0ec8-4eae-8bbe-a922649465e7', 'ESCALOPE FOIE GRAS CANARD IMPORT SURGELE', '215600', 39.95, 'kg', 0.055, 'import_2026', true);
INSERT INTO appro_catalogue (id, nom, nom_recherche, categorie, unite, actif) VALUES ('b25d8a73-6cd1-4ec3-abf2-2b8caff43c5f', 'BRETZEL SURPRISE 30 TOASTS 1 X 4 PC PAR CT', 'bretzel surprise 30 toasts 1 x 4 pc par ct', 'Surgelés', 'pce', true);
INSERT INTO appro_prix (id, article_id, fournisseur_id, designation, reference_fournisseur, pu_ht, unite, taux_tva, source, actif) VALUES ('bf365e19-4a76-4689-a1cf-b1ca5049401b', 'b25d8a73-6cd1-4ec3-abf2-2b8caff43c5f', 'c9927e05-8576-449c-9912-93595ac33f1e', 'BRETZEL SURPRISE 30 TOASTS 1 X 4 PC PAR CT', '2585', 25.95, 'pce', 0.055, 'import_2026', true);
INSERT INTO appro_catalogue (id, nom, nom_recherche, categorie, unite, actif) VALUES ('78663448-bcdb-43af-8600-9080921ff45c', 'PDT NLLE ANOE FR 35+ 12,5KG I CC & POM', 'pdt nlle anoe fr 35 12 5kg i cc pom', 'Fruits & Légumes', 'kg', true);
INSERT INTO appro_prix (id, article_id, fournisseur_id, designation, reference_fournisseur, pu_ht, unite, taux_tva, source, actif) VALUES ('d9a48282-7061-4ef2-8658-fba1cbfa6785', '78663448-bcdb-43af-8600-9080921ff45c', '21fbe47e-0b13-40b5-984f-673cb012149f', 'PDT NLLE ANOE FR 35+ 12,5KG I CC & POM', 'FR', 16.94, 'kg', 0.055, 'import_2026', true);
INSERT INTO appro_catalogue (id, nom, nom_recherche, categorie, unite, actif) VALUES ('146579c2-ce3c-48ac-9051-bf55fab94168', 'SL FEUI.CHE.RGE HVE3 ALS I X12', 'sl feui che rge hve3 als i x12', 'Fruits & Légumes', 'pce', true);
INSERT INTO appro_prix (id, article_id, fournisseur_id, designation, reference_fournisseur, pu_ht, unite, taux_tva, source, actif) VALUES ('b589e327-4ddc-47f1-82aa-2755f14177f7', '146579c2-ce3c-48ac-9051-bf55fab94168', '21fbe47e-0b13-40b5-984f-673cb012149f', 'SL FEUI.CHE.RGE HVE3 ALS I X12', 'FR', 13.93, 'pce', 0.055, 'import_2026', true);
INSERT INTO appro_catalogue (id, nom, nom_recherche, categorie, unite, actif) VALUES ('bb76017b-9c45-417e-9de7-5476edfa51a9', 'ROGNON VEAU BLANC EN GRAISSE U.E. 1 X 16 P+-', 'rognon veau blanc en graisse u e 1 x 16 p', 'Frais', 'pce', true);
INSERT INTO appro_prix (id, article_id, fournisseur_id, designation, reference_fournisseur, pu_ht, unite, taux_tva, source, actif) VALUES ('3a2d5311-b04d-47a9-b770-a1b0a6242461', 'bb76017b-9c45-417e-9de7-5476edfa51a9', 'c9927e05-8576-449c-9912-93595ac33f1e', 'ROGNON VEAU BLANC EN GRAISSE U.E. 1 X 16 P+-', '3031', 3.57, 'pce', 0.055, 'import_2026', true);
INSERT INTO appro_catalogue (id, nom, nom_recherche, categorie, unite, actif) VALUES ('f42053e7-9b9c-4f47-8cc1-00fd8d8c5f9d', 'ROGNON DE VEAU EN GRAISSE LA PIECE', 'rognon de veau en graisse la piece', 'Viande & charcuterie', 'kg', true);
INSERT INTO appro_prix (id, article_id, fournisseur_id, designation, reference_fournisseur, pu_ht, unite, taux_tva, source, actif) VALUES ('f77a28b9-25ef-48a0-a809-b3278775c14b', 'f42053e7-9b9c-4f47-8cc1-00fd8d8c5f9d', 'b0a1a51e-0ec8-4eae-8bbe-a922649465e7', 'ROGNON DE VEAU EN GRAISSE LA PIECE', '131600', 4.23, 'kg', 0.055, 'import_2026', true);
INSERT INTO appro_catalogue (id, nom, nom_recherche, categorie, unite, actif) VALUES ('d7f48fb0-7b77-401d-b0b3-eb556d0abb0e', 'LARD SALE EN 1/2', 'lard sale en 1 2', 'Viande & charcuterie', 'kg', true);
INSERT INTO appro_prix (id, article_id, fournisseur_id, designation, reference_fournisseur, pu_ht, unite, taux_tva, source, actif) VALUES ('29a6f440-a177-4ffa-9254-bdcf1130d4cd', 'd7f48fb0-7b77-401d-b0b3-eb556d0abb0e', 'b0a1a51e-0ec8-4eae-8bbe-a922649465e7', 'LARD SALE EN 1/2', '052101', 7.85, 'kg', 0.055, 'import_2026', true);
INSERT INTO appro_catalogue (id, nom, nom_recherche, categorie, unite, actif) VALUES ('85e8f490-ba3f-45c7-9559-a37d11af7ce7', 'ESCARGOT BOURGOGNE 10DZ 4/4', 'escargot bourgogne 10dz 4 4', 'Alimentaire', 'pce', true);
INSERT INTO appro_prix (id, article_id, fournisseur_id, designation, reference_fournisseur, pu_ht, unite, taux_tva, source, actif) VALUES ('f6e8fbfe-fd0a-4a15-b90b-74e1f936e71d', '85e8f490-ba3f-45c7-9559-a37d11af7ce7', 'cf4d1399-a4c8-422f-ae11-c9e5a97f733a', 'ESCARGOT BOURGOGNE 10DZ 4/4', 'A01440', 20.45, 'pce', 0.055, 'import_2026', true);
INSERT INTO appro_catalogue (id, nom, nom_recherche, categorie, unite, actif) VALUES ('846e370a-b796-456a-995c-9b7d81c4fcf6', 'PALERON DE BOEUF VBF 1 X 3.5 KG+-', 'paleron de boeuf vbf 1 x 3 5 kg', 'Frais', 'kg', true);
INSERT INTO appro_prix (id, article_id, fournisseur_id, designation, reference_fournisseur, pu_ht, unite, taux_tva, source, actif) VALUES ('d62d56b4-36ab-463a-871d-0ac2afcf3c19', '846e370a-b796-456a-995c-9b7d81c4fcf6', 'c9927e05-8576-449c-9912-93595ac33f1e', 'PALERON DE BOEUF VBF 1 X 3.5 KG+-', '3015', 17.5, 'kg', 0.055, 'import_2026', true);
INSERT INTO appro_catalogue (id, nom, nom_recherche, categorie, unite, actif) VALUES ('8aac236e-7892-42bb-b81e-d05aa68965e1', 'LARD FUME 1/2 S/V', 'lard fume 1 2 s v', 'Viande & charcuterie', 'kg', true);
INSERT INTO appro_prix (id, article_id, fournisseur_id, designation, reference_fournisseur, pu_ht, unite, taux_tva, source, actif) VALUES ('30fc8795-f52b-4f0f-b22d-34e784a64ef7', '8aac236e-7892-42bb-b81e-d05aa68965e1', 'b0a1a51e-0ec8-4eae-8bbe-a922649465e7', 'LARD FUME 1/2 S/V', '054900', 8.95, 'kg', 0.055, 'import_2026', true);
INSERT INTO appro_catalogue (id, nom, nom_recherche, categorie, unite, actif) VALUES ('909dfe9d-7f49-484b-a9e6-0f2f88b20d30', 'GRIOTTISSIMO 5L 15% W 15,0', 'griottissimo 5l 15 w 15 0', 'Boisson alcoolisée', 'Bouteille', true);
INSERT INTO appro_prix (id, article_id, fournisseur_id, designation, reference_fournisseur, pu_ht, unite, taux_tva, source, actif) VALUES ('e9da4742-a9e1-404b-8db5-e3a2792516f0', '909dfe9d-7f49-484b-a9e6-0f2f88b20d30', '2b28ab5a-0091-4d1b-9f77-a56647888abc', 'GRIOTTISSIMO 5L 15% W 15,0', '6322', 57.25, 'Bouteille', 0.2, 'import_2026', true);
INSERT INTO appro_catalogue (id, nom, nom_recherche, categorie, unite, actif) VALUES ('ff9c21fc-c962-431c-9d01-db3a0756475d', 'RIESLING WOLF LES FRIANDS 11,9 CRD', 'riesling wolf les friands 11 9 crd', 'Boisson alcoolisée', 'Bouteille', true);
INSERT INTO appro_prix (id, article_id, fournisseur_id, designation, reference_fournisseur, pu_ht, unite, taux_tva, source, actif) VALUES ('923188cb-e1b9-45b2-ad2f-900430903b32', 'ff9c21fc-c962-431c-9d01-db3a0756475d', '2b28ab5a-0091-4d1b-9f77-a56647888abc', 'RIESLING WOLF LES FRIANDS 11,9 CRD', '53208', 5.24, 'Bouteille', 0.2, 'import_2026', true);
INSERT INTO appro_catalogue (id, nom, nom_recherche, categorie, unite, actif) VALUES ('b0d5c727-1210-4179-bc0e-31fe8357da08', 'PNOIR WOLFBERGER LES FRIANDS 12,5 CRD', 'pnoir wolfberger les friands 12 5 crd', 'Boisson alcoolisée', 'Bouteille', true);
INSERT INTO appro_prix (id, article_id, fournisseur_id, designation, reference_fournisseur, pu_ht, unite, taux_tva, source, actif) VALUES ('afec6d8c-d0c3-4642-b9ee-d018123d8772', 'b0d5c727-1210-4179-bc0e-31fe8357da08', '2b28ab5a-0091-4d1b-9f77-a56647888abc', 'PNOIR WOLFBERGER LES FRIANDS 12,5 CRD', '39647', 6.04, 'Bouteille', 0.2, 'import_2026', true);
INSERT INTO appro_catalogue (id, nom, nom_recherche, categorie, unite, actif) VALUES ('b925c9e9-94ef-48ab-9e4e-37f72b0481dd', 'POM BOSCOOP HVE3 ALS 170-200G 7KG I PLT', 'pom boscoop hve3 als 170 200g 7kg i plt', 'Fruits & Légumes', 'kg', true);
INSERT INTO appro_prix (id, article_id, fournisseur_id, designation, reference_fournisseur, pu_ht, unite, taux_tva, source, actif) VALUES ('0299ec7b-243e-4ee6-b341-76686f572b9e', 'b925c9e9-94ef-48ab-9e4e-37f72b0481dd', '21fbe47e-0b13-40b5-984f-673cb012149f', 'POM BOSCOOP HVE3 ALS 170-200G 7KG I PLT', 'FR', 14.77, 'kg', 0.055, 'import_2026', true);
INSERT INTO appro_catalogue (id, nom, nom_recherche, categorie, unite, actif) VALUES ('096d9334-e4a1-40b7-853f-91b5c3c222cc', 'FARCE DE BOEUF PREPAREE S/V', 'farce de boeuf preparee s v', 'Viande & charcuterie', 'kg', true);
INSERT INTO appro_prix (id, article_id, fournisseur_id, designation, reference_fournisseur, pu_ht, unite, taux_tva, source, actif) VALUES ('837f36ea-f87d-4db5-909c-cd5979fcb4af', '096d9334-e4a1-40b7-853f-91b5c3c222cc', 'b0a1a51e-0ec8-4eae-8bbe-a922649465e7', 'FARCE DE BOEUF PREPAREE S/V', '013200', 13.82, 'kg', 0.055, 'import_2026', true);
INSERT INTO appro_catalogue (id, nom, nom_recherche, categorie, unite, actif) VALUES ('7d55a49b-994a-498b-ba0b-58b75b200904', 'GEWURZ WOLFB NOIRE VT MOVF24 21 12,3 CRD', 'gewurz wolfb noire vt movf24 21 12 3 crd', 'Boisson alcoolisée', 'Bouteille', true);
INSERT INTO appro_prix (id, article_id, fournisseur_id, designation, reference_fournisseur, pu_ht, unite, taux_tva, source, actif) VALUES ('86aeaa45-2e65-4741-876c-bbbf756072d5', '7d55a49b-994a-498b-ba0b-58b75b200904', '2b28ab5a-0091-4d1b-9f77-a56647888abc', 'GEWURZ WOLFB NOIRE VT MOVF24 21 12,3 CRD', '51399', 18.09, 'Bouteille', 0.2, 'import_2026', true);
INSERT INTO appro_catalogue (id, nom, nom_recherche, categorie, unite, actif) VALUES ('6c0e9b23-ce2a-4101-ae6c-06d191397fba', 'METEOR PRINTEMPS Litre Fût - Fut 30 L', 'meteor printemps litre fut fut 30 l', 'Boisson alcoolisée', 'pce', true);
INSERT INTO appro_prix (id, article_id, fournisseur_id, designation, reference_fournisseur, pu_ht, unite, taux_tva, source, actif) VALUES ('e8807eda-2ded-4c28-befe-2c361faba2bf', '6c0e9b23-ce2a-4101-ae6c-06d191397fba', '3ef9d8c3-4455-420e-a3f9-0074777761e5', 'METEOR PRINTEMPS Litre Fût - Fut 30 L', '446', 3.61, 'pce', 0.2, 'import_2026', true);
INSERT INTO appro_catalogue (id, nom, nom_recherche, categorie, unite, actif) VALUES ('fc14b3ac-406d-40ab-bd67-cae5e87f69d4', 'KOUGLOF MARC DE GEWURZT IND. 1X2X6 X 180 ML', 'kouglof marc de gewurzt ind 1x2x6 x 180 ml', 'Surgelés', 'Carton', true);
INSERT INTO appro_prix (id, article_id, fournisseur_id, designation, reference_fournisseur, pu_ht, unite, taux_tva, source, actif) VALUES ('d78ceb07-f550-4702-96c0-3641d875d0f7', 'fc14b3ac-406d-40ab-bd67-cae5e87f69d4', 'c9927e05-8576-449c-9912-93595ac33f1e', 'KOUGLOF MARC DE GEWURZT IND. 1X2X6 X 180 ML', '87052', 22.61, 'Carton', 0.055, 'import_2026', true);
INSERT INTO appro_catalogue (id, nom, nom_recherche, categorie, unite, actif) VALUES ('84494c01-56e4-4c33-9ec6-a1f4154cf369', 'GEWURZ WOLFBERGER LES FRIANDS 13,2 CRD', 'gewurz wolfberger les friands 13 2 crd', 'Boisson alcoolisée', 'Bouteille', true);
INSERT INTO appro_prix (id, article_id, fournisseur_id, designation, reference_fournisseur, pu_ht, unite, taux_tva, source, actif) VALUES ('82f7acb0-2c4c-4c67-b51b-40fa37565544', '84494c01-56e4-4c33-9ec6-a1f4154cf369', '2b28ab5a-0091-4d1b-9f77-a56647888abc', 'GEWURZ WOLFBERGER LES FRIANDS 13,2 CRD', '39641', 6.9, 'Bouteille', 0.2, 'import_2026', true);
INSERT INTO appro_catalogue (id, nom, nom_recherche, categorie, unite, actif) VALUES ('97cb815b-b7e9-44e7-8d5d-c8cb4203bf7a', 'CH CHAMPIGNON P.C POLOG M 3KG I', 'ch champignon p c polog m 3kg i', 'Fruits & Légumes', 'kg', true);
INSERT INTO appro_prix (id, article_id, fournisseur_id, designation, reference_fournisseur, pu_ht, unite, taux_tva, source, actif) VALUES ('f9a69d84-9a4b-4239-96dc-357f6e2da5bb', '97cb815b-b7e9-44e7-8d5d-c8cb4203bf7a', '21fbe47e-0b13-40b5-984f-673cb012149f', 'CH CHAMPIGNON P.C POLOG M 3KG I', 'PL', 13.29, 'kg', 0.055, 'import_2026', true);
INSERT INTO appro_catalogue (id, nom, nom_recherche, categorie, unite, actif) VALUES ('a54cb579-332a-47c6-a2e0-0cb1915d2aeb', 'FILET DE POULET EXTRA FRANCE S/A 12 X 200 G', 'filet de poulet extra france s a 12 x 200 g', 'Frais', 'kg', true);
INSERT INTO appro_prix (id, article_id, fournisseur_id, designation, reference_fournisseur, pu_ht, unite, taux_tva, source, actif) VALUES ('5372a0d6-f35e-4810-9729-f4d6140bb1c5', 'a54cb579-332a-47c6-a2e0-0cb1915d2aeb', 'c9927e05-8576-449c-9912-93595ac33f1e', 'FILET DE POULET EXTRA FRANCE S/A 12 X 200 G', '3612', 10.5, 'kg', 0.055, 'import_2026', true);
INSERT INTO appro_catalogue (id, nom, nom_recherche, categorie, unite, actif) VALUES ('ec47cae4-a0ec-41ca-a9ee-be6d1ad34918', 'LARDON FRAIS 8/8 SALADE S/ATHMO 1 X 1 KG', 'lardon frais 8 8 salade s athmo 1 x 1 kg', 'Frais', 'kg', true);
INSERT INTO appro_prix (id, article_id, fournisseur_id, designation, reference_fournisseur, pu_ht, unite, taux_tva, source, actif) VALUES ('2665a3af-35ef-43b7-8985-d5bf38d957e4', 'ec47cae4-a0ec-41ca-a9ee-be6d1ad34918', 'c9927e05-8576-449c-9912-93595ac33f1e', 'LARDON FRAIS 8/8 SALADE S/ATHMO 1 X 1 KG', '28130', 9.07, 'kg', 0.055, 'import_2026', true);
INSERT INTO appro_catalogue (id, nom, nom_recherche, categorie, unite, actif) VALUES ('a273b794-3723-4c4b-9410-5f34c7cd1d52', 'PDT NLLE JAZZY FR 35+ 12,5KG I', 'pdt nlle jazzy fr 35 12 5kg i', 'Fruits & Légumes', 'kg', true);
INSERT INTO appro_prix (id, article_id, fournisseur_id, designation, reference_fournisseur, pu_ht, unite, taux_tva, source, actif) VALUES ('9eb2e6ee-2f7e-449c-b03a-8ed3d2fc3c3e', 'a273b794-3723-4c4b-9410-5f34c7cd1d52', '21fbe47e-0b13-40b5-984f-673cb012149f', 'PDT NLLE JAZZY FR 35+ 12,5KG I', 'FR', 30.0, 'kg', 0.055, 'import_2026', true);
INSERT INTO appro_catalogue (id, nom, nom_recherche, categorie, unite, actif) VALUES ('95e8c270-ef9f-49ec-a82e-c1c9825ae69e', 'FILET DE SAUMON TRIM D (Salmo Salar)', 'filet de saumon trim d salmo salar', 'Viande & charcuterie', 'kg', true);
INSERT INTO appro_prix (id, article_id, fournisseur_id, designation, reference_fournisseur, pu_ht, unite, taux_tva, source, actif) VALUES ('c4bf4768-2b15-4f5c-a1c3-f5f10e0a9238', '95e8c270-ef9f-49ec-a82e-c1c9825ae69e', 'b0a1a51e-0ec8-4eae-8bbe-a922649465e7', 'FILET DE SAUMON TRIM D (Salmo Salar)', '271155', 19.57, 'kg', 0.055, 'import_2026', true);
INSERT INTO appro_catalogue (id, nom, nom_recherche, categorie, unite, actif) VALUES ('af8f5407-a2e4-4a90-8aa3-c14c605e08b0', 'PBLANC WOLFBERGER LES FRIANDS 12,6 CRD', 'pblanc wolfberger les friands 12 6 crd', 'Boisson alcoolisée', 'Bouteille', true);
INSERT INTO appro_prix (id, article_id, fournisseur_id, designation, reference_fournisseur, pu_ht, unite, taux_tva, source, actif) VALUES ('6aa1ebbd-778e-4caa-a5d8-53bf16c3c6f4', 'af8f5407-a2e4-4a90-8aa3-c14c605e08b0', '2b28ab5a-0091-4d1b-9f77-a56647888abc', 'PBLANC WOLFBERGER LES FRIANDS 12,6 CRD', '53221', 4.81, 'Bouteille', 0.2, 'import_2026', true);
INSERT INTO appro_catalogue (id, nom, nom_recherche, categorie, unite, actif) VALUES ('0fd69eba-0e97-44c3-b43c-8bb1b99b9ad8', 'Frais forfaitaires (Art. 10)', 'frais forfaitaires art 10', 'Service', 'Forfait', true);
INSERT INTO appro_prix (id, article_id, fournisseur_id, designation, reference_fournisseur, pu_ht, unite, taux_tva, source, actif) VALUES ('ec11d4dc-64b3-46a6-87ee-4d691c64b2c0', '0fd69eba-0e97-44c3-b43c-8bb1b99b9ad8', '21fbe47e-0b13-40b5-984f-673cb012149f', 'Frais forfaitaires (Art. 10)', '', 15.0, 'Forfait', 0.2, 'import_2026', true);
INSERT INTO appro_catalogue (id, nom, nom_recherche, categorie, unite, actif) VALUES ('7f6efc56-2a71-43f9-bb48-07f5e93ac18d', 'MARC DE GEWURZ EDV AR 70CL 45% 45,0', 'marc de gewurz edv ar 70cl 45 45 0', 'Boisson alcoolisée', 'Bouteille', true);
INSERT INTO appro_prix (id, article_id, fournisseur_id, designation, reference_fournisseur, pu_ht, unite, taux_tva, source, actif) VALUES ('33552f36-2a4e-4e62-bab4-7a9218f6b633', '7f6efc56-2a71-43f9-bb48-07f5e93ac18d', '2b28ab5a-0091-4d1b-9f77-a56647888abc', 'MARC DE GEWURZ EDV AR 70CL 45% 45,0', '6497', 17.39, 'Bouteille', 0.2, 'import_2026', true);
INSERT INTO appro_catalogue (id, nom, nom_recherche, categorie, unite, actif) VALUES ('24920d68-f741-45ba-9c50-478d3d88eb36', 'MASCARPONE AMBROSI 1 X 6 X 500 G', 'mascarpone ambrosi 1 x 6 x 500 g', 'Frais', 'pce', true);
INSERT INTO appro_prix (id, article_id, fournisseur_id, designation, reference_fournisseur, pu_ht, unite, taux_tva, source, actif) VALUES ('9525f5e3-6372-4a22-aaa0-051a046e3710', '24920d68-f741-45ba-9c50-478d3d88eb36', 'c9927e05-8576-449c-9912-93595ac33f1e', 'MASCARPONE AMBROSI 1 X 6 X 500 G', 'P1210', 5.79, 'pce', 0.055, 'import_2026', true);
INSERT INTO appro_catalogue (id, nom, nom_recherche, categorie, unite, actif) VALUES ('c13f6c48-2b6e-4cb6-a61b-16a6e3bb12e1', 'SL FEUI.CHE.RGE HVE3 MIDI I X12', 'sl feui che rge hve3 midi i x12', 'Fruits & Légumes', 'pce', true);
INSERT INTO appro_prix (id, article_id, fournisseur_id, designation, reference_fournisseur, pu_ht, unite, taux_tva, source, actif) VALUES ('44928645-787a-4b45-a688-10a754a25c5a', 'c13f6c48-2b6e-4cb6-a61b-16a6e3bb12e1', '21fbe47e-0b13-40b5-984f-673cb012149f', 'SL FEUI.CHE.RGE HVE3 MIDI I X12', 'FR', 11.69, 'pce', 0.055, 'import_2026', true);
INSERT INTO appro_catalogue (id, nom, nom_recherche, categorie, unite, actif) VALUES ('5d482528-99b5-4cdf-b30d-46a798498964', 'CREME VANILLEE ALSACE LAIT 1 LITRE', 'creme vanillee alsace lait 1 litre', 'Alimentaire', 'pce', true);
INSERT INTO appro_prix (id, article_id, fournisseur_id, designation, reference_fournisseur, pu_ht, unite, taux_tva, source, actif) VALUES ('e8490480-4451-4056-b1f9-fa6c3c3d4630', '5d482528-99b5-4cdf-b30d-46a798498964', 'cf4d1399-a4c8-422f-ae11-c9e5a97f733a', 'CREME VANILLEE ALSACE LAIT 1 LITRE', 'A00174', 5.37, 'pce', 0.055, 'import_2026', true);
INSERT INTO appro_catalogue (id, nom, nom_recherche, categorie, unite, actif) VALUES ('82f3263e-6a20-4d18-a46d-bc6731838831', 'MUSCAT WILLM BIO MOVF23 22 12,4 CRD', 'muscat willm bio movf23 22 12 4 crd', 'Boisson alcoolisée', 'Bouteille', true);
INSERT INTO appro_prix (id, article_id, fournisseur_id, designation, reference_fournisseur, pu_ht, unite, taux_tva, source, actif) VALUES ('9e8bd932-d595-470b-924d-1ac7c0e5ba13', '82f3263e-6a20-4d18-a46d-bc6731838831', '2b28ab5a-0091-4d1b-9f77-a56647888abc', 'MUSCAT WILLM BIO MOVF23 22 12,4 CRD', '49291', 7.15, 'Bouteille', 0.2, 'import_2026', true);
INSERT INTO appro_catalogue (id, nom, nom_recherche, categorie, unite, actif) VALUES ('f9c56c26-9c29-4e8c-adce-303d548f96ba', 'COOKAL SECRET FLAMBAGE COINTREAU 200 ML', 'cookal secret flambage cointreau 200 ml', 'Frais', 'pce', true);
INSERT INTO appro_prix (id, article_id, fournisseur_id, designation, reference_fournisseur, pu_ht, unite, taux_tva, source, actif) VALUES ('468d1a12-7655-4ad4-a6d7-1ed8a3c6e3d6', 'f9c56c26-9c29-4e8c-adce-303d548f96ba', 'c9927e05-8576-449c-9912-93595ac33f1e', 'COOKAL SECRET FLAMBAGE COINTREAU 200 ML', '8190', 16.05, 'pce', 0.2, 'import_2026', true);
INSERT INTO appro_catalogue (id, nom, nom_recherche, categorie, unite, actif) VALUES ('8c2c6a59-cb2b-45a4-ac76-9d61f8904696', 'PDT NLULE JAZZY FR 35+ 12,5KG I', 'pdt nlule jazzy fr 35 12 5kg i', 'Fruits & Légumes', 'kg', true);
INSERT INTO appro_prix (id, article_id, fournisseur_id, designation, reference_fournisseur, pu_ht, unite, taux_tva, source, actif) VALUES ('1512297a-f567-4875-9367-4ce462063bd0', '8c2c6a59-cb2b-45a4-ac76-9d61f8904696', '21fbe47e-0b13-40b5-984f-673cb012149f', 'PDT NLULE JAZZY FR 35+ 12,5KG I', 'FR', 16.09, 'kg', 0.055, 'import_2026', true);
INSERT INTO appro_catalogue (id, nom, nom_recherche, categorie, unite, actif) VALUES ('415e549b-4640-4c58-94c9-50d45bcc0693', 'TOM.CERISE GRAPPE NL 3KG I', 'tom cerise grappe nl 3kg i', 'Fruits & Légumes', 'kg', true);
INSERT INTO appro_prix (id, article_id, fournisseur_id, designation, reference_fournisseur, pu_ht, unite, taux_tva, source, actif) VALUES ('12031d5a-b731-460e-86f3-c43d875f7047', '415e549b-4640-4c58-94c9-50d45bcc0693', '21fbe47e-0b13-40b5-984f-673cb012149f', 'TOM.CERISE GRAPPE NL 3KG I', 'NL', 14.43, 'kg', 0.055, 'import_2026', true);
INSERT INTO appro_catalogue (id, nom, nom_recherche, categorie, unite, actif) VALUES ('13c7d990-7b21-4df0-8289-f220c94e8cea', 'CROÛTE - prix net', 'croute prix net', 'Boulangerie', 'pce', true);
INSERT INTO appro_prix (id, article_id, fournisseur_id, designation, reference_fournisseur, pu_ht, unite, taux_tva, source, actif) VALUES ('6e7334a3-9ab5-428e-867b-0ae9a166cd0b', '13c7d990-7b21-4df0-8289-f220c94e8cea', 'e6217bfa-cc2c-4b7b-9f68-af53dfe20479', 'CROÛTE - prix net', 'REST002', 0.8, 'pce', 0.055, 'import_2026', true);
INSERT INTO appro_catalogue (id, nom, nom_recherche, categorie, unite, actif) VALUES ('47ffa134-ec60-40ca-a742-9bc4db1bed48', 'COOKAL ECLATS DE CARAMEL 1 X 6 X 375 G', 'cookal eclats de caramel 1 x 6 x 375 g', 'Alimentaire', 'pce', true);
INSERT INTO appro_prix (id, article_id, fournisseur_id, designation, reference_fournisseur, pu_ht, unite, taux_tva, source, actif) VALUES ('4ba45960-b24c-47bb-850d-e72608a2f8f6', '47ffa134-ec60-40ca-a742-9bc4db1bed48', 'c9927e05-8576-449c-9912-93595ac33f1e', 'COOKAL ECLATS DE CARAMEL 1 X 6 X 375 G', '8193', 9.36, 'pce', 0.055, 'import_2026', true);
INSERT INTO appro_catalogue (id, nom, nom_recherche, categorie, unite, actif) VALUES ('349dc12a-01fd-4673-9213-4b1c5b604b63', 'MUSCAT WOLF SIGNATURE A VIS 24 12,0 CRD', 'muscat wolf signature a vis 24 12 0 crd', 'Boisson alcoolisée', 'Bouteille', true);
INSERT INTO appro_prix (id, article_id, fournisseur_id, designation, reference_fournisseur, pu_ht, unite, taux_tva, source, actif) VALUES ('1f7490e6-057f-428f-8262-169aefa0d06f', '349dc12a-01fd-4673-9213-4b1c5b604b63', '2b28ab5a-0091-4d1b-9f77-a56647888abc', 'MUSCAT WOLF SIGNATURE A VIS 24 12,0 CRD', '51772', 5.95, 'Bouteille', 0.2, 'import_2026', true);
INSERT INTO appro_catalogue (id, nom, nom_recherche, categorie, unite, actif) VALUES ('bb6c407f-e35b-4dfb-a446-5d2bde439913', 'JAMBON FORET NOIRE TRANCHE BARQ 200GR', 'jambon foret noire tranche barq 200gr', 'Viande & charcuterie', 'kg', true);
INSERT INTO appro_prix (id, article_id, fournisseur_id, designation, reference_fournisseur, pu_ht, unite, taux_tva, source, actif) VALUES ('0cb4d32f-013c-4225-af87-ba578d83c0b7', 'bb6c407f-e35b-4dfb-a446-5d2bde439913', 'b0a1a51e-0ec8-4eae-8bbe-a922649465e7', 'JAMBON FORET NOIRE TRANCHE BARQ 200GR', '069003', 18.23, 'kg', 0.055, 'import_2026', true);
INSERT INTO appro_catalogue (id, nom, nom_recherche, categorie, unite, actif) VALUES ('d25a2c66-744c-4c5b-99b0-d78211219d64', 'RIESLING MARNES ET CALCAIRE BIO GILG 0,75 L', 'riesling marnes et calcaire bio gilg 0 75 l', 'Boisson alcoolisée', 'pce', true);
INSERT INTO appro_prix (id, article_id, fournisseur_id, designation, reference_fournisseur, pu_ht, unite, taux_tva, source, actif) VALUES ('11e25795-0944-45c6-8d5b-c741f3110b71', 'd25a2c66-744c-4c5b-99b0-d78211219d64', '3ef9d8c3-4455-420e-a3f9-0074777761e5', 'RIESLING MARNES ET CALCAIRE BIO GILG 0,75 L', '1577', 6.55, 'pce', 0.2, 'import_2026', true);
INSERT INTO appro_catalogue (id, nom, nom_recherche, categorie, unite, actif) VALUES ('cc6696cf-29ed-46ca-b44b-98690d4928a0', 'EDELZWICKER WOLF LES FRIANDS 12,0 CRD', 'edelzwicker wolf les friands 12 0 crd', 'Boisson alcoolisée', 'Bouteille', true);
INSERT INTO appro_prix (id, article_id, fournisseur_id, designation, reference_fournisseur, pu_ht, unite, taux_tva, source, actif) VALUES ('beed50b1-a5ca-4f68-8749-4ddcd80b2f51', 'cc6696cf-29ed-46ca-b44b-98690d4928a0', '2b28ab5a-0091-4d1b-9f77-a56647888abc', 'EDELZWICKER WOLF LES FRIANDS 12,0 CRD', '39646', 4.52, 'Bouteille', 0.2, 'import_2026', true);
INSERT INTO appro_catalogue (id, nom, nom_recherche, categorie, unite, actif) VALUES ('5123e7ec-c1c9-498d-a32d-d59808cbf07f', 'PDT CRUE EPLUCHEE ENTIERE 1 X 5 KG', 'pdt crue epluchee entiere 1 x 5 kg', 'Frais', 'kg', true);
INSERT INTO appro_prix (id, article_id, fournisseur_id, designation, reference_fournisseur, pu_ht, unite, taux_tva, source, actif) VALUES ('685feb59-7986-4d72-b0c5-cea41f9ac3e9', '5123e7ec-c1c9-498d-a32d-d59808cbf07f', 'c9927e05-8576-449c-9912-93595ac33f1e', 'PDT CRUE EPLUCHEE ENTIERE 1 X 5 KG', '3275', 2.23, 'kg', 0.055, 'import_2026', true);
INSERT INTO appro_catalogue (id, nom, nom_recherche, categorie, unite, actif) VALUES ('f02f719a-51bb-4415-9e69-daf3385a141f', 'POITRINE FUMEE TRANCHE FINE 800GRS GRANCOEUR', 'poitrine fumee tranche fine 800grs grancoeur', 'Alimentaire', 'pce', true);
INSERT INTO appro_prix (id, article_id, fournisseur_id, designation, reference_fournisseur, pu_ht, unite, taux_tva, source, actif) VALUES ('6810bb17-a5f7-427b-980b-50258ec6dd44', 'f02f719a-51bb-4415-9e69-daf3385a141f', 'cf4d1399-a4c8-422f-ae11-c9e5a97f733a', 'POITRINE FUMEE TRANCHE FINE 800GRS GRANCOEUR', 'A00951', 7.95, 'pce', 0.055, 'import_2026', true);
INSERT INTO appro_catalogue (id, nom, nom_recherche, categorie, unite, actif) VALUES ('cb169ead-fcbb-454c-a0d9-b4703669e571', 'VH KG FILET SP 3KG+ VBF', 'vh kg filet sp 3kg vbf', 'Alimentaire', 'pce', true);
INSERT INTO appro_prix (id, article_id, fournisseur_id, designation, reference_fournisseur, pu_ht, unite, taux_tva, source, actif) VALUES ('b4ce1874-9910-4cf3-8786-3944eabe904c', 'cb169ead-fcbb-454c-a0d9-b4703669e571', 'ba2f7076-33c2-4ce9-ad90-5778e30c29d3', 'VH KG FILET SP 3KG+ VBF', '916933', 25.99, 'pce', 0.055, 'import_2026', true);
INSERT INTO appro_catalogue (id, nom, nom_recherche, categorie, unite, actif) VALUES ('02ed61e2-0948-49e1-a926-f33ebec35002', 'VIN BLANC 2X5L', 'vin blanc 2x5l', 'Entretien/Hygiène', 'pce', true);
INSERT INTO appro_prix (id, article_id, fournisseur_id, designation, reference_fournisseur, pu_ht, unite, taux_tva, source, actif) VALUES ('4d24cfad-8686-422d-a961-c347eb9bc294', '02ed61e2-0948-49e1-a926-f33ebec35002', 'cf4d1399-a4c8-422f-ae11-c9e5a97f733a', 'VIN BLANC 2X5L', 'A00932', 13.46, 'pce', 0.2, 'import_2026', true);
INSERT INTO appro_catalogue (id, nom, nom_recherche, categorie, unite, actif) VALUES ('5f7ce36f-6631-4af7-a8fe-07e55278734f', 'OIGNONS EMINCES FRAIS S/ATH DLC 12JRS X 500 G', 'oignons eminces frais s ath dlc 12jrs x 500 g', 'Frais', 'pce', true);
INSERT INTO appro_prix (id, article_id, fournisseur_id, designation, reference_fournisseur, pu_ht, unite, taux_tva, source, actif) VALUES ('3e031097-a5d5-4cff-af84-213753c3a5de', '5f7ce36f-6631-4af7-a8fe-07e55278734f', 'c9927e05-8576-449c-9912-93595ac33f1e', 'OIGNONS EMINCES FRAIS S/ATH DLC 12JRS X 500 G', '3259', 2.82, 'pce', 0.055, 'import_2026', true);
INSERT INTO appro_catalogue (id, nom, nom_recherche, categorie, unite, actif) VALUES ('1f672f7b-36de-4e81-b6a0-c62cf2ca2e50', 'CAFE GRAINS GIANELLO CREMA 1kg UNITE', 'cafe grains gianello crema 1kg unite', 'Boisson sans alcool', 'pce', true);
INSERT INTO appro_prix (id, article_id, fournisseur_id, designation, reference_fournisseur, pu_ht, unite, taux_tva, source, actif) VALUES ('9e24d01a-3dd7-4749-ac0c-c2bcec650968', '1f672f7b-36de-4e81-b6a0-c62cf2ca2e50', '3ef9d8c3-4455-420e-a3f9-0074777761e5', 'CAFE GRAINS GIANELLO CREMA 1kg UNITE', '3356', 17.67, 'pce', 0.055, 'import_2026', true);
INSERT INTO appro_catalogue (id, nom, nom_recherche, categorie, unite, actif) VALUES ('05bdf3f0-ac5d-4588-8f91-4d3814fce977', 'BOEUF BOURGUIGNON GENISSE CHAROLAISE CB 1 X 2.5 KG', 'boeuf bourguignon genisse charolaise cb 1 x 2 5 kg', 'Frais', 'kg', true);
INSERT INTO appro_prix (id, article_id, fournisseur_id, designation, reference_fournisseur, pu_ht, unite, taux_tva, source, actif) VALUES ('dbc000b4-cd93-4c9f-8c06-214611d17c37', '05bdf3f0-ac5d-4588-8f91-4d3814fce977', 'c9927e05-8576-449c-9912-93595ac33f1e', 'BOEUF BOURGUIGNON GENISSE CHAROLAISE CB 1 X 2.5 KG', '3017', 21.24, 'kg', 0.055, 'import_2026', true);
INSERT INTO appro_catalogue (id, nom, nom_recherche, categorie, unite, actif) VALUES ('01cc315e-f8c5-47b5-8b0d-9e76d2bd1005', 'TOURTE DE MEULE 1 kg longue', 'tourte de meule 1 kg longue', 'Boulangerie', 'pce', true);
INSERT INTO appro_prix (id, article_id, fournisseur_id, designation, reference_fournisseur, pu_ht, unite, taux_tva, source, actif) VALUES ('b3748a2a-3087-4314-b195-2c111c1194b1', '01cc315e-f8c5-47b5-8b0d-9e76d2bd1005', 'e6217bfa-cc2c-4b7b-9f68-af53dfe20479', 'TOURTE DE MEULE 1 kg longue', 'REST003', 4.47, 'pce', 0.055, 'import_2026', true);
INSERT INTO appro_catalogue (id, nom, nom_recherche, categorie, unite, actif) VALUES ('d2c4d0fd-18b1-4a29-b60c-772a46cfe437', 'PINOT NOIR WILLM CUVEE LINA 23 13,1 CRD', 'pinot noir willm cuvee lina 23 13 1 crd', 'Boisson alcoolisée', 'Bouteille', true);
INSERT INTO appro_prix (id, article_id, fournisseur_id, designation, reference_fournisseur, pu_ht, unite, taux_tva, source, actif) VALUES ('56b9dce9-4253-4c3a-9061-0ced194d655f', 'd2c4d0fd-18b1-4a29-b60c-772a46cfe437', '2b28ab5a-0091-4d1b-9f77-a56647888abc', 'PINOT NOIR WILLM CUVEE LINA 23 13,1 CRD', '50454', 9.48, 'Bouteille', 0.2, 'import_2026', true);
INSERT INTO appro_catalogue (id, nom, nom_recherche, categorie, unite, actif) VALUES ('68438100-3b95-4266-8e0a-e913041cdf53', 'FARINE DE BLE T55 1KG', 'farine de ble t55 1kg', 'Alimentaire', 'pce', true);
INSERT INTO appro_prix (id, article_id, fournisseur_id, designation, reference_fournisseur, pu_ht, unite, taux_tva, source, actif) VALUES ('3e6b284d-186e-4c1c-a946-ca7e8941d70f', '68438100-3b95-4266-8e0a-e913041cdf53', 'cf4d1399-a4c8-422f-ae11-c9e5a97f733a', 'FARINE DE BLE T55 1KG', 'A00069', 0.73, 'pce', 0.055, 'import_2026', true);
INSERT INTO appro_catalogue (id, nom, nom_recherche, categorie, unite, actif) VALUES ('ca6c4b56-6fed-42d0-ad11-bb3b479e9f5c', 'CHOUCROUTE CRUE NOUVELLE 1 X 10 KG', 'choucroute crue nouvelle 1 x 10 kg', 'Frais', 'kg', true);
INSERT INTO appro_prix (id, article_id, fournisseur_id, designation, reference_fournisseur, pu_ht, unite, taux_tva, source, actif) VALUES ('ceb236ac-ccd5-44c3-b630-17b7efcf54ad', 'ca6c4b56-6fed-42d0-ad11-bb3b479e9f5c', 'c9927e05-8576-449c-9912-93595ac33f1e', 'CHOUCROUTE CRUE NOUVELLE 1 X 10 KG', '2846', 2.25, 'kg', 0.055, 'import_2026', true);
INSERT INTO appro_catalogue (id, nom, nom_recherche, categorie, unite, actif) VALUES ('b5680af3-f4fd-44c2-b941-031330897668', 'METEOR HEFEWEIZEN BIER Litre Fût - Fut 30 L', 'meteor hefeweizen bier litre fut fut 30 l', 'Boisson alcoolisée', 'pce', true);
INSERT INTO appro_prix (id, article_id, fournisseur_id, designation, reference_fournisseur, pu_ht, unite, taux_tva, source, actif) VALUES ('2c0d5287-dbc0-4f62-93c0-6a6a4400fdb8', 'b5680af3-f4fd-44c2-b941-031330897668', '3ef9d8c3-4455-420e-a3f9-0074777761e5', 'METEOR HEFEWEIZEN BIER Litre Fût - Fut 30 L', '2623', 3.75, 'pce', 0.2, 'import_2026', true);
INSERT INTO appro_catalogue (id, nom, nom_recherche, categorie, unite, actif) VALUES ('83cd957e-94e6-4ed1-a660-bb39ad8507f3', 'SL FEUI.CHE.RGE HVE3 FR I X12', 'sl feui che rge hve3 fr i x12', 'Fruits & Légumes', 'pce', true);
INSERT INTO appro_prix (id, article_id, fournisseur_id, designation, reference_fournisseur, pu_ht, unite, taux_tva, source, actif) VALUES ('1d33f502-9855-4baa-aee6-2603e18f94d5', '83cd957e-94e6-4ed1-a660-bb39ad8507f3', '21fbe47e-0b13-40b5-984f-673cb012149f', 'SL FEUI.CHE.RGE HVE3 FR I X12', 'FR', 14.5, 'pce', 0.055, 'import_2026', true);
INSERT INTO appro_catalogue (id, nom, nom_recherche, categorie, unite, actif) VALUES ('3802a21f-c910-4ec2-b2f3-12be1a293d6c', 'CARTON 6 BT EDV 1L 2 NEO SPRITZ HUGO FLEUR SUREAU 15,0', 'carton 6 bt edv 1l 2 neo spritz hugo fleur sureau 15 0', 'Boisson alcoolisée', 'Bouteille', true);
INSERT INTO appro_prix (id, article_id, fournisseur_id, designation, reference_fournisseur, pu_ht, unite, taux_tva, source, actif) VALUES ('154da473-cb6b-4147-82a9-fa2263aa2a9e', '3802a21f-c910-4ec2-b2f3-12be1a293d6c', '2b28ab5a-0091-4d1b-9f77-a56647888abc', 'CARTON 6 BT EDV 1L 2 NEO SPRITZ HUGO FLEUR SUREAU 15,0', '49459', 12.35, 'Bouteille', 0.2, 'import_2026', true);
INSERT INTO appro_catalogue (id, nom, nom_recherche, categorie, unite, actif) VALUES ('405aa6a4-f632-4113-bf7f-f502c09b0713', 'RECUPERATION VERRE PERDU UNITE', 'recuperation verre perdu unite', 'Service', 'pce', true);
INSERT INTO appro_prix (id, article_id, fournisseur_id, designation, reference_fournisseur, pu_ht, unite, taux_tva, source, actif) VALUES ('e4111bdd-73c9-423d-bd7d-0030d3ad2072', '405aa6a4-f632-4113-bf7f-f502c09b0713', '3ef9d8c3-4455-420e-a3f9-0074777761e5', 'RECUPERATION VERRE PERDU UNITE', '881', 5.0, 'pce', 0.2, 'import_2026', true);
INSERT INTO appro_catalogue (id, nom, nom_recherche, categorie, unite, actif) VALUES ('4e1ad4ae-a5a4-4536-bdad-a100ffb1eb04', 'EDELZWICKER WOLF LES FRIANDS 12,1 CRD', 'edelzwicker wolf les friands 12 1 crd', 'Boisson alcoolisée', 'Bouteille', true);
INSERT INTO appro_prix (id, article_id, fournisseur_id, designation, reference_fournisseur, pu_ht, unite, taux_tva, source, actif) VALUES ('2aba0536-5d7d-4348-b54b-627d0b3a9d26', '4e1ad4ae-a5a4-4536-bdad-a100ffb1eb04', '2b28ab5a-0091-4d1b-9f77-a56647888abc', 'EDELZWICKER WOLF LES FRIANDS 12,1 CRD', '53262', 4.57, 'Bouteille', 0.2, 'import_2026', true);
INSERT INTO appro_catalogue (id, nom, nom_recherche, categorie, unite, actif) VALUES ('09a01fa5-3c3c-499a-994f-a5f36a85480a', 'BLANC DE POULET PAQ 1,5KG FRANCE SIEBERT', 'blanc de poulet paq 1 5kg france siebert', 'Viande & charcuterie', 'kg', true);
INSERT INTO appro_prix (id, article_id, fournisseur_id, designation, reference_fournisseur, pu_ht, unite, taux_tva, source, actif) VALUES ('c9652ca7-c064-492a-8557-cd53977d1814', '09a01fa5-3c3c-499a-994f-a5f36a85480a', 'b0a1a51e-0ec8-4eae-8bbe-a922649465e7', 'BLANC DE POULET PAQ 1,5KG FRANCE SIEBERT', '074300', 9.5, 'kg', 0.055, 'import_2026', true);
INSERT INTO appro_catalogue (id, nom, nom_recherche, categorie, unite, actif) VALUES ('361ffce2-7f62-4b0a-9ad3-a7ff80ed8ca3', 'Pas si Vite IGP St Guilhem Le Désert 2024', 'pas si vite igp st guilhem le desert 2024', 'Boisson alcoolisée', 'Bouteille', true);
INSERT INTO appro_prix (id, article_id, fournisseur_id, designation, reference_fournisseur, pu_ht, unite, taux_tva, source, actif) VALUES ('c510f0a7-42bf-4095-9f05-57b4a49703ac', '361ffce2-7f62-4b0a-9ad3-a7ff80ed8ca3', '873c4e87-78f3-48d8-8f88-0c67d8274ccb', 'Pas si Vite IGP St Guilhem Le Désert 2024', '', 5.99, 'Bouteille', 0.2, 'import_2026', true);
INSERT INTO appro_catalogue (id, nom, nom_recherche, categorie, unite, actif) VALUES ('6071b330-1313-4ed8-a7f5-13298ac9ec46', 'EPAULE DE PORC S/OS VPF 1 X 4 KG+-', 'epaule de porc s os vpf 1 x 4 kg', 'Frais', 'kg', true);
INSERT INTO appro_prix (id, article_id, fournisseur_id, designation, reference_fournisseur, pu_ht, unite, taux_tva, source, actif) VALUES ('05054008-0aa2-4a29-b021-8ce003efea8c', '6071b330-1313-4ed8-a7f5-13298ac9ec46', 'c9927e05-8576-449c-9912-93595ac33f1e', 'EPAULE DE PORC S/OS VPF 1 X 4 KG+-', '3062', 7.7, 'kg', 0.055, 'import_2026', true);
INSERT INTO appro_catalogue (id, nom, nom_recherche, categorie, unite, actif) VALUES ('0e152bd6-51aa-438f-82dc-d03e15292b46', 'KASSLER SALE FUME CUIT 1/2 S/V', 'kassler sale fume cuit 1 2 s v', 'Viande & charcuterie', 'kg', true);
INSERT INTO appro_prix (id, article_id, fournisseur_id, designation, reference_fournisseur, pu_ht, unite, taux_tva, source, actif) VALUES ('811734c5-2ed8-4e1d-94ef-3a389acdd968', '0e152bd6-51aa-438f-82dc-d03e15292b46', 'b0a1a51e-0ec8-4eae-8bbe-a922649465e7', 'KASSLER SALE FUME CUIT 1/2 S/V', '054019', 8.95, 'kg', 0.055, 'import_2026', true);
INSERT INTO appro_catalogue (id, nom, nom_recherche, categorie, unite, actif) VALUES ('bb0f9c9a-743a-48b3-a173-a81c9d4d9649', 'MUSCAT WOLF BELLE SAISON 24 11,8 CRD', 'muscat wolf belle saison 24 11 8 crd', 'Boisson alcoolisée', 'Bouteille', true);
INSERT INTO appro_prix (id, article_id, fournisseur_id, designation, reference_fournisseur, pu_ht, unite, taux_tva, source, actif) VALUES ('05607af5-6b72-40bb-a082-84a2dc328b7f', 'bb0f9c9a-743a-48b3-a173-a81c9d4d9649', '2b28ab5a-0091-4d1b-9f77-a56647888abc', 'MUSCAT WOLF BELLE SAISON 24 11,8 CRD', '51781', 5.8, 'Bouteille', 0.2, 'import_2026', true);
INSERT INTO appro_catalogue (id, nom, nom_recherche, categorie, unite, actif) VALUES ('1e2cac14-6ccc-4223-afc4-70ec7e96ea84', 'CUISSES DE CANARD CONFITES X4 S/VIDE 1KG ROUGIE', 'cuisses de canard confites x4 s vide 1kg rougie', 'Viande & charcuterie', 'kg', true);
INSERT INTO appro_prix (id, article_id, fournisseur_id, designation, reference_fournisseur, pu_ht, unite, taux_tva, source, actif) VALUES ('9e31a909-b034-4b8e-803c-928767dfde8d', '1e2cac14-6ccc-4223-afc4-70ec7e96ea84', 'b0a1a51e-0ec8-4eae-8bbe-a922649465e7', 'CUISSES DE CANARD CONFITES X4 S/VIDE 1KG ROUGIE', '078801', 12.95, 'kg', 0.055, 'import_2026', true);
INSERT INTO appro_catalogue (id, nom, nom_recherche, categorie, unite, actif) VALUES ('2a030e58-9bf0-4742-adb2-903daf5ca035', 'CH CHAMPIGNON P.C NL M 3KG I', 'ch champignon p c nl m 3kg i', 'Fruits & Légumes', 'kg', true);
INSERT INTO appro_prix (id, article_id, fournisseur_id, designation, reference_fournisseur, pu_ht, unite, taux_tva, source, actif) VALUES ('cf5c6ca1-3f97-452f-9913-602536f88bf1', '2a030e58-9bf0-4742-adb2-903daf5ca035', '21fbe47e-0b13-40b5-984f-673cb012149f', 'CH CHAMPIGNON P.C NL M 3KG I', 'NL', 13.79, 'kg', 0.055, 'import_2026', true);
INSERT INTO appro_catalogue (id, nom, nom_recherche, categorie, unite, actif) VALUES ('a8e87809-f52b-4aa3-8f77-7eb2ac75e1d8', 'OIGNON HVE3 ALS 6/8 SAC10K I', 'oignon hve3 als 6 8 sac10k i', 'Fruits & Légumes', 'kg', true);
INSERT INTO appro_prix (id, article_id, fournisseur_id, designation, reference_fournisseur, pu_ht, unite, taux_tva, source, actif) VALUES ('068c6935-f684-4f84-b83c-44faca1a0f0b', 'a8e87809-f52b-4aa3-8f77-7eb2ac75e1d8', '21fbe47e-0b13-40b5-984f-673cb012149f', 'OIGNON HVE3 ALS 6/8 SAC10K I', 'FR', 8.85, 'kg', 0.055, 'import_2026', true);
INSERT INTO appro_catalogue (id, nom, nom_recherche, categorie, unite, actif) VALUES ('ea19b043-e384-44cc-be2b-61de34efa0e8', 'FRAMBOISE EDV 70CL 45% W 45,0', 'framboise edv 70cl 45 w 45 0', 'Boisson alcoolisée', 'Bouteille', true);
INSERT INTO appro_prix (id, article_id, fournisseur_id, designation, reference_fournisseur, pu_ht, unite, taux_tva, source, actif) VALUES ('47929acc-6af2-4b4e-a4bc-f2536d70f647', 'ea19b043-e384-44cc-be2b-61de34efa0e8', '2b28ab5a-0091-4d1b-9f77-a56647888abc', 'FRAMBOISE EDV 70CL 45% W 45,0', '6518', 22.43, 'Bouteille', 0.2, 'import_2026', true);
INSERT INTO appro_catalogue (id, nom, nom_recherche, categorie, unite, actif) VALUES ('b30ec67f-e195-4ae3-8a71-7d9874fab96b', 'MUNSTER KG', 'munster kg', 'Alimentaire', 'pce', true);
INSERT INTO appro_prix (id, article_id, fournisseur_id, designation, reference_fournisseur, pu_ht, unite, taux_tva, source, actif) VALUES ('bcb567d6-eac6-44b2-9446-b5e62cfe3828', 'b30ec67f-e195-4ae3-8a71-7d9874fab96b', 'cf4d1399-a4c8-422f-ae11-c9e5a97f733a', 'MUNSTER KG', 'A00589', 9.95, 'pce', 0.055, 'import_2026', true);
INSERT INTO appro_catalogue (id, nom, nom_recherche, categorie, unite, actif) VALUES ('6de5b90b-9d22-421d-af6a-63262a07772e', 'COCA-COLA 0,33 L - VC', 'coca cola 0 33 l vc', 'Boisson sans alcool', 'pce', true);
INSERT INTO appro_prix (id, article_id, fournisseur_id, designation, reference_fournisseur, pu_ht, unite, taux_tva, source, actif) VALUES ('9140f9a6-0777-44d3-acfc-4982c9351b03', '6de5b90b-9d22-421d-af6a-63262a07772e', '3ef9d8c3-4455-420e-a3f9-0074777761e5', 'COCA-COLA 0,33 L - VC', '69093', 0.92, 'pce', 0.055, 'import_2026', true);
INSERT INTO appro_catalogue (id, nom, nom_recherche, categorie, unite, actif) VALUES ('f739ba11-3c91-42f0-aa32-c40377f3aac8', 'LIMONADE SOULTZY 1 L - VC', 'limonade soultzy 1 l vc', 'Boisson sans alcool', 'pce', true);
INSERT INTO appro_prix (id, article_id, fournisseur_id, designation, reference_fournisseur, pu_ht, unite, taux_tva, source, actif) VALUES ('bf17e6a1-ca62-465a-ab72-d9d1369cddd4', 'f739ba11-3c91-42f0-aa32-c40377f3aac8', '3ef9d8c3-4455-420e-a3f9-0074777761e5', 'LIMONADE SOULTZY 1 L - VC', '1987', 0.88, 'pce', 0.055, 'import_2026', true);
INSERT INTO appro_catalogue (id, nom, nom_recherche, categorie, unite, actif) VALUES ('b8f5fefb-88c1-4c67-97a4-578edcfee0bf', 'LARDONS FRAIS 4/4 PAR 1KG', 'lardons frais 4 4 par 1kg', 'Viande & charcuterie', 'kg', true);
INSERT INTO appro_prix (id, article_id, fournisseur_id, designation, reference_fournisseur, pu_ht, unite, taux_tva, source, actif) VALUES ('2c1211c0-dc52-4f8d-8bca-b56cdb4b4a34', 'b8f5fefb-88c1-4c67-97a4-578edcfee0bf', 'b0a1a51e-0ec8-4eae-8bbe-a922649465e7', 'LARDONS FRAIS 4/4 PAR 1KG', '058901', 9.42, 'kg', 0.055, 'import_2026', true);
INSERT INTO appro_catalogue (id, nom, nom_recherche, categorie, unite, actif) VALUES ('3fbe8dd7-7748-4801-8b08-9c82a449090d', 'PNOIR WILLM BIO 23 12,7 CRD', 'pnoir willm bio 23 12 7 crd', 'Boisson alcoolisée', 'Bouteille', true);
INSERT INTO appro_prix (id, article_id, fournisseur_id, designation, reference_fournisseur, pu_ht, unite, taux_tva, source, actif) VALUES ('016a8d62-a0c0-4fed-b559-7766b9fba5be', '3fbe8dd7-7748-4801-8b08-9c82a449090d', '2b28ab5a-0091-4d1b-9f77-a56647888abc', 'PNOIR WILLM BIO 23 12,7 CRD', '50429', 7.81, 'Bouteille', 0.2, 'import_2026', true);
INSERT INTO appro_catalogue (id, nom, nom_recherche, categorie, unite, actif) VALUES ('af2b18b1-83db-440f-ac62-6d4540675743', 'LARD SALE CUIT 1/2', 'lard sale cuit 1 2', 'Viande & charcuterie', 'kg', true);
INSERT INTO appro_prix (id, article_id, fournisseur_id, designation, reference_fournisseur, pu_ht, unite, taux_tva, source, actif) VALUES ('7eba641f-7252-4bfe-978b-3b969e7ffbb9', 'af2b18b1-83db-440f-ac62-6d4540675743', 'b0a1a51e-0ec8-4eae-8bbe-a922649465e7', 'LARD SALE CUIT 1/2', '052119', 8.95, 'kg', 0.055, 'import_2026', true);
INSERT INTO appro_catalogue (id, nom, nom_recherche, categorie, unite, actif) VALUES ('bef07974-b393-450a-a84b-9fe3892e75fe', 'MIRABELLE IG ALSACE 70CL 45°W 45,0', 'mirabelle ig alsace 70cl 45 w 45 0', 'Boisson alcoolisée', 'Bouteille', true);
INSERT INTO appro_prix (id, article_id, fournisseur_id, designation, reference_fournisseur, pu_ht, unite, taux_tva, source, actif) VALUES ('02732092-1044-44ac-b261-1524b0417332', 'bef07974-b393-450a-a84b-9fe3892e75fe', '2b28ab5a-0091-4d1b-9f77-a56647888abc', 'MIRABELLE IG ALSACE 70CL 45°W 45,0', '35577', 23.08, 'Bouteille', 0.2, 'import_2026', true);
INSERT INTO appro_catalogue (id, nom, nom_recherche, categorie, unite, actif) VALUES ('8312bb98-f13e-48ae-98b7-95241892718f', 'MUSCAT WOLF SIGNATURE A VIS 23 12,5 CRD', 'muscat wolf signature a vis 23 12 5 crd', 'Boisson alcoolisée', 'Bouteille', true);
INSERT INTO appro_prix (id, article_id, fournisseur_id, designation, reference_fournisseur, pu_ht, unite, taux_tva, source, actif) VALUES ('0d1fde07-0a0d-4731-a5a6-33038d48e3bc', '8312bb98-f13e-48ae-98b7-95241892718f', '2b28ab5a-0091-4d1b-9f77-a56647888abc', 'MUSCAT WOLF SIGNATURE A VIS 23 12,5 CRD', '49749', 5.86, 'Bouteille', 0.2, 'import_2026', true);
INSERT INTO appro_catalogue (id, nom, nom_recherche, categorie, unite, actif) VALUES ('99b684a5-b215-4c8a-b512-d394bfc96f8e', 'BEURRE DX RLX 1 KG', 'beurre dx rlx 1 kg', 'Alimentaire', 'pce', true);
INSERT INTO appro_prix (id, article_id, fournisseur_id, designation, reference_fournisseur, pu_ht, unite, taux_tva, source, actif) VALUES ('54bf3111-fda2-45a8-acb6-8b4b75d757e0', '99b684a5-b215-4c8a-b512-d394bfc96f8e', 'cf4d1399-a4c8-422f-ae11-c9e5a97f733a', 'BEURRE DX RLX 1 KG', 'A00019', 7.9, 'pce', 0.055, 'import_2026', true);
INSERT INTO appro_catalogue (id, nom, nom_recherche, categorie, unite, actif) VALUES ('4221ff74-06cb-4674-b808-da6baf6b75f0', 'LISBETH VERTE 0,50 L - VC', 'lisbeth verte 0 50 l vc', 'Boisson sans alcool', 'pce', true);
INSERT INTO appro_prix (id, article_id, fournisseur_id, designation, reference_fournisseur, pu_ht, unite, taux_tva, source, actif) VALUES ('5d98f889-42fe-45e8-88d2-f3be5391b7b8', '4221ff74-06cb-4674-b808-da6baf6b75f0', '3ef9d8c3-4455-420e-a3f9-0074777761e5', 'LISBETH VERTE 0,50 L - VC', '69081', 0.43, 'pce', 0.055, 'import_2026', true);
INSERT INTO appro_catalogue (id, nom, nom_recherche, categorie, unite, actif) VALUES ('385804af-c5a9-4937-a5b6-ed8c3c5a3816', 'TOURTE MARINEE 1 X 2.5 KG+-', 'tourte marinee 1 x 2 5 kg', 'Frais', 'kg', true);
INSERT INTO appro_prix (id, article_id, fournisseur_id, designation, reference_fournisseur, pu_ht, unite, taux_tva, source, actif) VALUES ('3a0ed159-b8b4-4336-b3ef-ecccb5ccff62', '385804af-c5a9-4937-a5b6-ed8c3c5a3816', 'c9927e05-8576-449c-9912-93595ac33f1e', 'TOURTE MARINEE 1 X 2.5 KG+-', '2857', 11.99, 'kg', 0.055, 'import_2026', true);
INSERT INTO appro_catalogue (id, nom, nom_recherche, categorie, unite, actif) VALUES ('ccf34b91-d99d-4b1b-afb5-45aa67533587', 'TOM.CERISE GRAPPE ITA I', 'tom cerise grappe ita i', 'Fruits & Légumes', 'kg', true);
INSERT INTO appro_prix (id, article_id, fournisseur_id, designation, reference_fournisseur, pu_ht, unite, taux_tva, source, actif) VALUES ('501e1c86-b780-416a-8a76-689e519718cf', 'ccf34b91-d99d-4b1b-afb5-45aa67533587', '21fbe47e-0b13-40b5-984f-673cb012149f', 'TOM.CERISE GRAPPE ITA I', 'IT', 14.49, 'kg', 0.055, 'import_2026', true);
INSERT INTO appro_catalogue (id, nom, nom_recherche, categorie, unite, actif) VALUES ('c8546f46-b284-44fe-9d3e-a06af199e517', 'COOKAL SECRET DE FLAMBAGE CARAMEL 200 ML', 'cookal secret de flambage caramel 200 ml', 'Poisson', 'pce', true);
INSERT INTO appro_prix (id, article_id, fournisseur_id, designation, reference_fournisseur, pu_ht, unite, taux_tva, source, actif) VALUES ('3fabce7a-f5c1-4aab-a126-3dcf53236f73', 'c8546f46-b284-44fe-9d3e-a06af199e517', 'c9927e05-8576-449c-9912-93595ac33f1e', 'COOKAL SECRET DE FLAMBAGE CARAMEL 200 ML', '8191', 13.9, 'pce', 0.2, 'import_2026', true);
INSERT INTO appro_catalogue (id, nom, nom_recherche, categorie, unite, actif) VALUES ('f3c2047c-900b-4534-a6ae-94d72855ba90', 'HUILE TOURNESOL 1 LITRE', 'huile tournesol 1 litre', 'Alimentaire', 'pce', true);
INSERT INTO appro_prix (id, article_id, fournisseur_id, designation, reference_fournisseur, pu_ht, unite, taux_tva, source, actif) VALUES ('b431e9bd-bf43-4872-9b3f-cedebdbbd94e', 'f3c2047c-900b-4534-a6ae-94d72855ba90', 'cf4d1399-a4c8-422f-ae11-c9e5a97f733a', 'HUILE TOURNESOL 1 LITRE', 'A00144', 1.88, 'pce', 0.055, 'import_2026', true);
INSERT INTO appro_catalogue (id, nom, nom_recherche, categorie, unite, actif) VALUES ('fa03ed2b-2025-4844-a999-9d235efc5b08', 'CREMANT WOLFBERGER BRUT SIGN 12,0 CRD', 'cremant wolfberger brut sign 12 0 crd', 'Boisson alcoolisée', 'Bouteille', true);
INSERT INTO appro_prix (id, article_id, fournisseur_id, designation, reference_fournisseur, pu_ht, unite, taux_tva, source, actif) VALUES ('ba445638-a886-4706-a10a-c5de97f10ffa', 'fa03ed2b-2025-4844-a999-9d235efc5b08', '2b28ab5a-0091-4d1b-9f77-a56647888abc', 'CREMANT WOLFBERGER BRUT SIGN 12,0 CRD', '47339', 6.73, 'Bouteille', 0.2, 'import_2026', true);
INSERT INTO appro_catalogue (id, nom, nom_recherche, categorie, unite, actif) VALUES ('a4f67e79-87a4-44c4-aeb7-57cc48c2cedb', 'POM BOSCOOP HVE3 ALS 170-200G VRAC I', 'pom boscoop hve3 als 170 200g vrac i', 'Fruits & Légumes', 'kg', true);
INSERT INTO appro_prix (id, article_id, fournisseur_id, designation, reference_fournisseur, pu_ht, unite, taux_tva, source, actif) VALUES ('9f7d9411-a3d2-4b64-b0f1-3f1e75c245dd', 'a4f67e79-87a4-44c4-aeb7-57cc48c2cedb', '21fbe47e-0b13-40b5-984f-673cb012149f', 'POM BOSCOOP HVE3 ALS 170-200G VRAC I', 'FR', 20.56, 'kg', 0.055, 'import_2026', true);
INSERT INTO appro_catalogue (id, nom, nom_recherche, categorie, unite, actif) VALUES ('2d2a3afb-f4f1-4a55-bcd9-b058fba7ab11', 'PGRIS WOLFBERGER LES FRIANDS 12,9 CRD', 'pgris wolfberger les friands 12 9 crd', 'Boisson alcoolisée', 'Bouteille', true);
INSERT INTO appro_prix (id, article_id, fournisseur_id, designation, reference_fournisseur, pu_ht, unite, taux_tva, source, actif) VALUES ('3d079510-61ab-44b7-9415-b057088eca14', '2d2a3afb-f4f1-4a55-bcd9-b058fba7ab11', '2b28ab5a-0091-4d1b-9f77-a56647888abc', 'PGRIS WOLFBERGER LES FRIANDS 12,9 CRD', '39645', 5.23, 'Bouteille', 0.2, 'import_2026', true);
INSERT INTO appro_catalogue (id, nom, nom_recherche, categorie, unite, actif) VALUES ('3cc3ae96-85d3-4c31-a5b7-3b9edc830aa6', 'COCA-COLA ZERO 0,33 L - VC', 'coca cola zero 0 33 l vc', 'Boisson sans alcool', 'pce', true);
INSERT INTO appro_prix (id, article_id, fournisseur_id, designation, reference_fournisseur, pu_ht, unite, taux_tva, source, actif) VALUES ('49f1c0e1-e785-4c4f-a40c-49b296f616d0', '3cc3ae96-85d3-4c31-a5b7-3b9edc830aa6', '3ef9d8c3-4455-420e-a3f9-0074777761e5', 'COCA-COLA ZERO 0,33 L - VC', '1158', 0.81, 'pce', 0.055, 'import_2026', true);
INSERT INTO appro_catalogue (id, nom, nom_recherche, categorie, unite, actif) VALUES ('4545ec41-d044-4516-a10d-19b4893bfd96', 'HCIBOULETTE MA BQ100G I AUDA', 'hciboulette ma bq100g i auda', 'Fruits & Légumes', 'pce', true);
INSERT INTO appro_prix (id, article_id, fournisseur_id, designation, reference_fournisseur, pu_ht, unite, taux_tva, source, actif) VALUES ('6d9b5ba2-87db-41da-8a3e-d09ae3d3625e', '4545ec41-d044-4516-a10d-19b4893bfd96', '21fbe47e-0b13-40b5-984f-673cb012149f', 'HCIBOULETTE MA BQ100G I AUDA', 'MA', 4.0, 'pce', 0.055, 'import_2026', true);
INSERT INTO appro_catalogue (id, nom, nom_recherche, categorie, unite, actif) VALUES ('0986123d-eaae-41d2-843c-f1408c91a4ef', 'CACAO POUDRE EXTRA 1KG', 'cacao poudre extra 1kg', 'Alimentaire', 'pce', true);
INSERT INTO appro_prix (id, article_id, fournisseur_id, designation, reference_fournisseur, pu_ht, unite, taux_tva, source, actif) VALUES ('88ae46f8-8bc9-46eb-95ba-d17dab4e2ea1', '0986123d-eaae-41d2-843c-f1408c91a4ef', 'cf4d1399-a4c8-422f-ae11-c9e5a97f733a', 'CACAO POUDRE EXTRA 1KG', 'A00798', 28.51, 'pce', 0.055, 'import_2026', true);
INSERT INTO appro_catalogue (id, nom, nom_recherche, categorie, unite, actif) VALUES ('f7fc4756-fac9-451e-b454-3b82144face0', 'PNOIR ROSE WOLF B. SAISON 23 12,1 CRD', 'pnoir rose wolf b saison 23 12 1 crd', 'Boisson alcoolisée', 'Bouteille', true);
INSERT INTO appro_prix (id, article_id, fournisseur_id, designation, reference_fournisseur, pu_ht, unite, taux_tva, source, actif) VALUES ('2307ebc9-9570-49d6-b5d3-0b8014921dca', 'f7fc4756-fac9-451e-b454-3b82144face0', '2b28ab5a-0091-4d1b-9f77-a56647888abc', 'PNOIR ROSE WOLF B. SAISON 23 12,1 CRD', '50399', 5.92, 'Bouteille', 0.2, 'import_2026', true);
INSERT INTO appro_catalogue (id, nom, nom_recherche, categorie, unite, actif) VALUES ('e1198fbc-6adb-463f-8ff7-db3a3bad585e', 'RIESLING G.C. MOENCHBERG GILG 0,75 L', 'riesling g c moenchberg gilg 0 75 l', 'Boisson alcoolisée', 'pce', true);
INSERT INTO appro_prix (id, article_id, fournisseur_id, designation, reference_fournisseur, pu_ht, unite, taux_tva, source, actif) VALUES ('715d3f71-09af-4c2e-a1ec-a64769ec221a', 'e1198fbc-6adb-463f-8ff7-db3a3bad585e', '3ef9d8c3-4455-420e-a3f9-0074777761e5', 'RIESLING G.C. MOENCHBERG GILG 0,75 L', '1575', 11.75, 'pce', 0.2, 'import_2026', true);
INSERT INTO appro_catalogue (id, nom, nom_recherche, categorie, unite, actif) VALUES ('b280ce28-a25c-4186-8c66-3d242b130ab7', 'LISBETH VERTE 1 L - VC', 'lisbeth verte 1 l vc', 'Boisson sans alcool', 'pce', true);
INSERT INTO appro_prix (id, article_id, fournisseur_id, designation, reference_fournisseur, pu_ht, unite, taux_tva, source, actif) VALUES ('9814ba8a-cb69-4e6b-88c6-8a4481155d84', 'b280ce28-a25c-4186-8c66-3d242b130ab7', '3ef9d8c3-4455-420e-a3f9-0074777761e5', 'LISBETH VERTE 1 L - VC', '69076', 0.53, 'pce', 0.055, 'import_2026', true);
INSERT INTO appro_catalogue (id, nom, nom_recherche, categorie, unite, actif) VALUES ('86d1cb4d-a6bf-4df0-a443-879389ef588f', 'QUETSCH IG ALSACE 70CL 45% W 45,0', 'quetsch ig alsace 70cl 45 w 45 0', 'Boisson alcoolisée', 'Bouteille', true);
INSERT INTO appro_prix (id, article_id, fournisseur_id, designation, reference_fournisseur, pu_ht, unite, taux_tva, source, actif) VALUES ('2f9fad5d-1484-4eb2-ba08-c8b596fbd33f', '86d1cb4d-a6bf-4df0-a443-879389ef588f', '2b28ab5a-0091-4d1b-9f77-a56647888abc', 'QUETSCH IG ALSACE 70CL 45% W 45,0', '35529', 19.93, 'Bouteille', 0.2, 'import_2026', true);
INSERT INTO appro_catalogue (id, nom, nom_recherche, categorie, unite, actif) VALUES ('e81e1365-874c-4f8b-b523-313ec9fc6bd3', 'CERVELAS 120GR PAR 10 S/V', 'cervelas 120gr par 10 s v', 'Viande & charcuterie', 'kg', true);
INSERT INTO appro_prix (id, article_id, fournisseur_id, designation, reference_fournisseur, pu_ht, unite, taux_tva, source, actif) VALUES ('aefb28f1-45d1-4a71-8017-bf07e46bdab4', 'e81e1365-874c-4f8b-b523-313ec9fc6bd3', 'b0a1a51e-0ec8-4eae-8bbe-a922649465e7', 'CERVELAS 120GR PAR 10 S/V', '062100', 8.5, 'kg', 0.055, 'import_2026', true);
INSERT INTO appro_catalogue (id, nom, nom_recherche, categorie, unite, actif) VALUES ('543a3c21-400f-4b53-82c8-1d76ba45b06d', 'BANDE MACARON FRAMBOISE 1 X 6 X 700 G', 'bande macaron framboise 1 x 6 x 700 g', 'Surgelés', 'pce', true);
INSERT INTO appro_prix (id, article_id, fournisseur_id, designation, reference_fournisseur, pu_ht, unite, taux_tva, source, actif) VALUES ('d758be56-97f6-4e17-a2bb-746b5462461a', '543a3c21-400f-4b53-82c8-1d76ba45b06d', 'c9927e05-8576-449c-9912-93595ac33f1e', 'BANDE MACARON FRAMBOISE 1 X 6 X 700 G', '2724', 15.2, 'pce', 0.055, 'import_2026', true);
INSERT INTO appro_catalogue (id, nom, nom_recherche, categorie, unite, actif) VALUES ('e87992a1-6bb6-4a7b-970d-1b1e67406b31', 'Bordeaux Rouge Baron De Luze 75cl 2023', 'bordeaux rouge baron de luze 75cl 2023', 'Boisson alcoolisée', 'Bouteille', true);
INSERT INTO appro_prix (id, article_id, fournisseur_id, designation, reference_fournisseur, pu_ht, unite, taux_tva, source, actif) VALUES ('ad24d203-f424-408e-ad80-dc478a4d1840', 'e87992a1-6bb6-4a7b-970d-1b1e67406b31', '873c4e87-78f3-48d8-8f88-0c67d8274ccb', 'Bordeaux Rouge Baron De Luze 75cl 2023', '', 5.7, 'Bouteille', 0.2, 'import_2026', true);
INSERT INTO appro_catalogue (id, nom, nom_recherche, categorie, unite, actif) VALUES ('6b66c551-f5ac-465c-8ea5-1f88b9e166e2', 'LISBETH BLEUE 0,50 L - VC', 'lisbeth bleue 0 50 l vc', 'Boisson sans alcool', 'pce', true);
INSERT INTO appro_prix (id, article_id, fournisseur_id, designation, reference_fournisseur, pu_ht, unite, taux_tva, source, actif) VALUES ('f81e9d5c-87a6-408e-9400-af8da8694097', '6b66c551-f5ac-465c-8ea5-1f88b9e166e2', '3ef9d8c3-4455-420e-a3f9-0074777761e5', 'LISBETH BLEUE 0,50 L - VC', '69079', 0.4, 'pce', 0.055, 'import_2026', true);
INSERT INTO appro_catalogue (id, nom, nom_recherche, categorie, unite, actif) VALUES ('16b41501-99d8-4d54-8ff6-6159f30a4cef', 'ALUMINIUM 200X45', 'aluminium 200x45', 'Entretien/Hygiène', 'pce', true);
INSERT INTO appro_prix (id, article_id, fournisseur_id, designation, reference_fournisseur, pu_ht, unite, taux_tva, source, actif) VALUES ('f0997203-0ebc-42c4-9c08-f8d42a7d18cb', '16b41501-99d8-4d54-8ff6-6159f30a4cef', 'cf4d1399-a4c8-422f-ae11-c9e5a97f733a', 'ALUMINIUM 200X45', 'A00740', 26.54, 'pce', 0.2, 'import_2026', true);
INSERT INTO appro_catalogue (id, nom, nom_recherche, categorie, unite, actif) VALUES ('f64ff90c-cd5b-4d72-bb94-1b567e3a3724', 'SL FEUI.CHE.RGE ALL I X12', 'sl feui che rge all i x12', 'Fruits & Légumes', 'pce', true);
INSERT INTO appro_prix (id, article_id, fournisseur_id, designation, reference_fournisseur, pu_ht, unite, taux_tva, source, actif) VALUES ('b9a1838a-2ae0-4ec3-a44f-34ca36d86630', 'f64ff90c-cd5b-4d72-bb94-1b567e3a3724', '21fbe47e-0b13-40b5-984f-673cb012149f', 'SL FEUI.CHE.RGE ALL I X12', 'DE', 16.5, 'pce', 0.055, 'import_2026', true);
INSERT INTO appro_catalogue (id, nom, nom_recherche, categorie, unite, actif) VALUES ('121f6356-ae08-4c49-8e90-c72eb8cda130', 'NETTOYANT DEGRAISS PULVE 750ML', 'nettoyant degraiss pulve 750ml', 'Entretien/Hygiène', 'pce', true);
INSERT INTO appro_prix (id, article_id, fournisseur_id, designation, reference_fournisseur, pu_ht, unite, taux_tva, source, actif) VALUES ('eaccb549-529c-4bae-8459-ee46cf2d3f08', '121f6356-ae08-4c49-8e90-c72eb8cda130', 'cf4d1399-a4c8-422f-ae11-c9e5a97f733a', 'NETTOYANT DEGRAISS PULVE 750ML', '259020', 3.87, 'pce', 0.2, 'import_2026', true);
INSERT INTO appro_catalogue (id, nom, nom_recherche, categorie, unite, actif) VALUES ('f3b370c0-2fd9-4a26-8218-5db28b5b8eb1', 'ESPRESSO BELLA ITALIA 1KG C8', 'espresso bella italia 1kg c8', 'Café', 'kg', true);
INSERT INTO appro_prix (id, article_id, fournisseur_id, designation, reference_fournisseur, pu_ht, unite, taux_tva, source, actif) VALUES ('bdade5df-2541-435a-a800-5a1377733b38', 'f3b370c0-2fd9-4a26-8218-5db28b5b8eb1', '8f1bd2cd-b23a-4fa5-b270-aad415051639', 'ESPRESSO BELLA ITALIA 1KG C8', '3149330064351', 21.75, 'kg', 0.055, 'import_2026', true);
INSERT INTO appro_catalogue (id, nom, nom_recherche, categorie, unite, actif) VALUES ('50b8ae61-22ad-4d53-a0c9-cd42f198f4b8', 'CHOU ROUGE HVE3 ALS I X6', 'chou rouge hve3 als i x6', 'Fruits & Légumes', 'pce', true);
INSERT INTO appro_prix (id, article_id, fournisseur_id, designation, reference_fournisseur, pu_ht, unite, taux_tva, source, actif) VALUES ('4f325c3b-6c2f-496a-8715-962b43014cdb', '50b8ae61-22ad-4d53-a0c9-cd42f198f4b8', '21fbe47e-0b13-40b5-984f-673cb012149f', 'CHOU ROUGE HVE3 ALS I X6', 'FR', 10.32, 'pce', 0.055, 'import_2026', true);
INSERT INTO appro_catalogue (id, nom, nom_recherche, categorie, unite, actif) VALUES ('738e6868-eee6-44e7-8be2-036af8cc0667', 'SUCRE CRISTAL 1KG', 'sucre cristal 1kg', 'Alimentaire', 'pce', true);
INSERT INTO appro_prix (id, article_id, fournisseur_id, designation, reference_fournisseur, pu_ht, unite, taux_tva, source, actif) VALUES ('c768d4de-086c-4fcc-aa23-86a0a3090fda', '738e6868-eee6-44e7-8be2-036af8cc0667', 'cf4d1399-a4c8-422f-ae11-c9e5a97f733a', 'SUCRE CRISTAL 1KG', 'A00214', 1.83, 'pce', 0.055, 'import_2026', true);
INSERT INTO appro_catalogue (id, nom, nom_recherche, categorie, unite, actif) VALUES ('97a5f16e-39aa-443a-a4b9-b1d1f580c78b', 'GOUSSE DE VANILLE 250GRS', 'gousse de vanille 250grs', 'Alimentaire', 'pce', true);
INSERT INTO appro_prix (id, article_id, fournisseur_id, designation, reference_fournisseur, pu_ht, unite, taux_tva, source, actif) VALUES ('bef87b19-f985-4d9c-9ca9-62096c02340d', '97a5f16e-39aa-443a-a4b9-b1d1f580c78b', 'cf4d1399-a4c8-422f-ae11-c9e5a97f733a', 'GOUSSE DE VANILLE 250GRS', 'A02370', 62.9, 'pce', 0.055, 'import_2026', true);
INSERT INTO appro_catalogue (id, nom, nom_recherche, categorie, unite, actif) VALUES ('f54afbdb-c7ec-4897-bf8e-b18848eb585f', 'HCIBOULETTE MA BOQ100G I AUDA', 'hciboulette ma boq100g i auda', 'Fruits & Légumes', 'pce', true);
INSERT INTO appro_prix (id, article_id, fournisseur_id, designation, reference_fournisseur, pu_ht, unite, taux_tva, source, actif) VALUES ('b816ad61-dfc8-44ff-b4ac-4fc4534e8ef2', 'f54afbdb-c7ec-4897-bf8e-b18848eb585f', '21fbe47e-0b13-40b5-984f-673cb012149f', 'HCIBOULETTE MA BOQ100G I AUDA', 'MA', 3.99, 'pce', 0.055, 'import_2026', true);
INSERT INTO appro_catalogue (id, nom, nom_recherche, categorie, unite, actif) VALUES ('74833b06-2d26-4676-96c3-d426c01e5a9b', 'LARD FUME CUIT 1/2 S/V', 'lard fume cuit 1 2 s v', 'Viande & charcuterie', 'kg', true);
INSERT INTO appro_prix (id, article_id, fournisseur_id, designation, reference_fournisseur, pu_ht, unite, taux_tva, source, actif) VALUES ('bf678a9e-ee49-40da-9858-98be5d6e5245', '74833b06-2d26-4676-96c3-d426c01e5a9b', 'b0a1a51e-0ec8-4eae-8bbe-a922649465e7', 'LARD FUME CUIT 1/2 S/V', '054919', 9.5, 'kg', 0.055, 'import_2026', true);
INSERT INTO appro_catalogue (id, nom, nom_recherche, categorie, unite, actif) VALUES ('c504ccac-106d-49c6-9013-916fca0109c5', 'SATI GASTRO GRAINS BAR 1KG C6', 'sati gastro grains bar 1kg c6', 'Café', 'kg', true);
INSERT INTO appro_prix (id, article_id, fournisseur_id, designation, reference_fournisseur, pu_ht, unite, taux_tva, source, actif) VALUES ('25d303c4-3d05-441c-a59f-c7dd41b3789a', 'c504ccac-106d-49c6-9013-916fca0109c5', '8f1bd2cd-b23a-4fa5-b270-aad415051639', 'SATI GASTRO GRAINS BAR 1KG C6', '3149330001305', 20.25, 'kg', 0.055, 'import_2026', true);
INSERT INTO appro_catalogue (id, nom, nom_recherche, categorie, unite, actif) VALUES ('0c2d50a5-e99d-49d3-bc7c-278a0317a0d2', 'RIESLING WOLF LES FRIANDS 13,0 CRD', 'riesling wolf les friands 13 0 crd', 'Boisson alcoolisée', 'Bouteille', true);
INSERT INTO appro_prix (id, article_id, fournisseur_id, designation, reference_fournisseur, pu_ht, unite, taux_tva, source, actif) VALUES ('af7f620e-229d-4fa5-ae68-1f6b9352b8ba', '0c2d50a5-e99d-49d3-bc7c-278a0317a0d2', '2b28ab5a-0091-4d1b-9f77-a56647888abc', 'RIESLING WOLF LES FRIANDS 13,0 CRD', '39642', 5.06, 'Bouteille', 0.2, 'import_2026', true);
INSERT INTO appro_catalogue (id, nom, nom_recherche, categorie, unite, actif) VALUES ('3d941db8-3948-4baf-86e5-fe1b6e23bc91', 'PBLANC WOLFBERGER LES FRIANDS 12,5 CRD', 'pblanc wolfberger les friands 12 5 crd', 'Boisson alcoolisée', 'Bouteille', true);
INSERT INTO appro_prix (id, article_id, fournisseur_id, designation, reference_fournisseur, pu_ht, unite, taux_tva, source, actif) VALUES ('4962ae7c-eb5d-4e2d-aefd-f6f7c15ffe16', '3d941db8-3948-4baf-86e5-fe1b6e23bc91', '2b28ab5a-0091-4d1b-9f77-a56647888abc', 'PBLANC WOLFBERGER LES FRIANDS 12,5 CRD', '53221', 4.81, 'Bouteille', 0.2, 'import_2026', true);
INSERT INTO appro_catalogue (id, nom, nom_recherche, categorie, unite, actif) VALUES ('b284a29f-839f-44c2-8e9d-646cd3b62c54', 'BLACK PAPILLON WOLFBERGER 23 12,6 CRD', 'black papillon wolfberger 23 12 6 crd', 'Boisson alcoolisée', 'Bouteille', true);
INSERT INTO appro_prix (id, article_id, fournisseur_id, designation, reference_fournisseur, pu_ht, unite, taux_tva, source, actif) VALUES ('503bb01c-b7a5-4c9b-a4fa-4f9c8ada2a90', 'b284a29f-839f-44c2-8e9d-646cd3b62c54', '2b28ab5a-0091-4d1b-9f77-a56647888abc', 'BLACK PAPILLON WOLFBERGER 23 12,6 CRD', '49543', 6.38, 'Bouteille', 0.2, 'import_2026', true);
INSERT INTO appro_catalogue (id, nom, nom_recherche, categorie, unite, actif) VALUES ('3530f008-434f-42fa-aab6-9da3b72f7766', 'EPAULE D''AGNEAU ROULE S/OS 900G+- 1 X 11 KG', 'epaule d agneau roule s os 900g 1 x 11 kg', 'Surgelés', 'kg', true);
INSERT INTO appro_prix (id, article_id, fournisseur_id, designation, reference_fournisseur, pu_ht, unite, taux_tva, source, actif) VALUES ('9e53bd01-b545-4d62-9e60-18769bc672a4', '3530f008-434f-42fa-aab6-9da3b72f7766', 'c9927e05-8576-449c-9912-93595ac33f1e', 'EPAULE D''AGNEAU ROULE S/OS 900G+- 1 X 11 KG', '1662', 15.85, 'kg', 0.055, 'import_2026', true);
INSERT INTO appro_catalogue (id, nom, nom_recherche, categorie, unite, actif) VALUES ('306447a1-8249-43de-bfaa-1d6d03c35904', 'SL FEKEUI.CHE.RGE HVE3 ALS I X12', 'sl fekeui che rge hve3 als i x12', 'Fruits & Légumes', 'pce', true);
INSERT INTO appro_prix (id, article_id, fournisseur_id, designation, reference_fournisseur, pu_ht, unite, taux_tva, source, actif) VALUES ('aa3e9147-1d06-4a2a-89bc-fee1628e0648', '306447a1-8249-43de-bfaa-1d6d03c35904', '21fbe47e-0b13-40b5-984f-673cb012149f', 'SL FEKEUI.CHE.RGE HVE3 ALS I X12', 'FR', 13.8, 'pce', 0.055, 'import_2026', true);
INSERT INTO appro_catalogue (id, nom, nom_recherche, categorie, unite, actif) VALUES ('14ce7782-20f7-4de6-b328-ab6c22718f59', 'SL FEUI.CHE.BLO HVE3 ALS I X12', 'sl feui che blo hve3 als i x12', 'Fruits & Légumes', 'pce', true);
INSERT INTO appro_prix (id, article_id, fournisseur_id, designation, reference_fournisseur, pu_ht, unite, taux_tva, source, actif) VALUES ('920b73b3-d7af-4a48-8025-2c6db96c6e7f', '14ce7782-20f7-4de6-b328-ab6c22718f59', '21fbe47e-0b13-40b5-984f-673cb012149f', 'SL FEUI.CHE.BLO HVE3 ALS I X12', 'FR', 14.56, 'pce', 0.055, 'import_2026', true);
INSERT INTO appro_catalogue (id, nom, nom_recherche, categorie, unite, actif) VALUES ('6171e4f4-f4dd-495a-bd5c-e395bbbf0acc', 'STEACK HACHE ANGUS 150GR SURGELE', 'steack hache angus 150gr surgele', 'Viande & charcuterie', 'kg', true);
INSERT INTO appro_prix (id, article_id, fournisseur_id, designation, reference_fournisseur, pu_ht, unite, taux_tva, source, actif) VALUES ('b53edd5d-63d7-461c-ad64-3c8cfe6b92b5', '6171e4f4-f4dd-495a-bd5c-e395bbbf0acc', 'b0a1a51e-0ec8-4eae-8bbe-a922649465e7', 'STEACK HACHE ANGUS 150GR SURGELE', '013305', 18.02, 'kg', 0.055, 'import_2026', true);
INSERT INTO appro_catalogue (id, nom, nom_recherche, categorie, unite, actif) VALUES ('eed2a201-d426-4ddf-89fc-babd59bb11a6', 'ESCALOPE DE FOIE GRAS CANARD 1KG SURG', 'escalope de foie gras canard 1kg surg', 'Alimentaire', 'pce', true);
INSERT INTO appro_prix (id, article_id, fournisseur_id, designation, reference_fournisseur, pu_ht, unite, taux_tva, source, actif) VALUES ('caf24511-f79a-45c2-a5e8-d50306e05a12', 'eed2a201-d426-4ddf-89fc-babd59bb11a6', 'cf4d1399-a4c8-422f-ae11-c9e5a97f733a', 'ESCALOPE DE FOIE GRAS CANARD 1KG SURG', 'A01227', 53.96, 'pce', 0.055, 'import_2026', true);
INSERT INTO appro_catalogue (id, nom, nom_recherche, categorie, unite, actif) VALUES ('0e9d70e6-e8f5-4dc4-b82e-7dc721e13cc2', 'LISBETH BLEUE 1 L - VC', 'lisbeth bleue 1 l vc', 'Boisson sans alcool', 'pce', true);
INSERT INTO appro_prix (id, article_id, fournisseur_id, designation, reference_fournisseur, pu_ht, unite, taux_tva, source, actif) VALUES ('e148ab1b-f01b-43b6-916e-b7ea5f2f4153', '0e9d70e6-e8f5-4dc4-b82e-7dc721e13cc2', '3ef9d8c3-4455-420e-a3f9-0074777761e5', 'LISBETH BLEUE 1 L - VC', '69075', 0.47, 'pce', 0.055, 'import_2026', true);
INSERT INTO appro_catalogue (id, nom, nom_recherche, categorie, unite, actif) VALUES ('7905f409-184c-4f2a-9d18-cacddb9ab3d9', 'FLEUR DE BIERE originale70 40% 40,0', 'fleur de biere originale70 40 40 0', 'Boisson alcoolisée', 'Bouteille', true);
INSERT INTO appro_prix (id, article_id, fournisseur_id, designation, reference_fournisseur, pu_ht, unite, taux_tva, source, actif) VALUES ('1afb23d4-415f-4eed-9cee-4cb99d01acf6', '7905f409-184c-4f2a-9d18-cacddb9ab3d9', '2b28ab5a-0091-4d1b-9f77-a56647888abc', 'FLEUR DE BIERE originale70 40% 40,0', '37917', 17.72, 'Bouteille', 0.2, 'import_2026', true);
INSERT INTO appro_catalogue (id, nom, nom_recherche, categorie, unite, actif) VALUES ('24a8145b-3379-43f9-ab87-dc4afe146b4c', 'FOND BRUN LIE 1/2 GLACE 900GRS', 'fond brun lie 1 2 glace 900grs', 'Alimentaire', 'pce', true);
INSERT INTO appro_prix (id, article_id, fournisseur_id, designation, reference_fournisseur, pu_ht, unite, taux_tva, source, actif) VALUES ('f896eab5-700e-4db3-ae31-4e51ff51fac3', '24a8145b-3379-43f9-ab87-dc4afe146b4c', 'cf4d1399-a4c8-422f-ae11-c9e5a97f733a', 'FOND BRUN LIE 1/2 GLACE 900GRS', 'A00552', 13.1, 'pce', 0.055, 'import_2026', true);
INSERT INTO appro_catalogue (id, nom, nom_recherche, categorie, unite, actif) VALUES ('c5aae8eb-6586-4306-bc1a-946707261808', 'T GLACE LISBETH 0,33 L - VC', 't glace lisbeth 0 33 l vc', 'Boisson sans alcool', 'pce', true);
INSERT INTO appro_prix (id, article_id, fournisseur_id, designation, reference_fournisseur, pu_ht, unite, taux_tva, source, actif) VALUES ('8976cdba-0371-45b9-b903-483926069d92', 'c5aae8eb-6586-4306-bc1a-946707261808', '3ef9d8c3-4455-420e-a3f9-0074777761e5', 'T GLACE LISBETH 0,33 L - VC', '2300', 0.72, 'pce', 0.055, 'import_2026', true);
INSERT INTO appro_catalogue (id, nom, nom_recherche, categorie, unite, actif) VALUES ('ca020f12-8ec7-419c-917c-7d1bbc53df9b', 'POIRE WILLIAMS EDV 70CL 45%W 45,0', 'poire williams edv 70cl 45 w 45 0', 'Boisson alcoolisée', 'Bouteille', true);
INSERT INTO appro_prix (id, article_id, fournisseur_id, designation, reference_fournisseur, pu_ht, unite, taux_tva, source, actif) VALUES ('13d38f9d-ac09-45bf-992e-1d1c7273328f', 'ca020f12-8ec7-419c-917c-7d1bbc53df9b', '2b28ab5a-0091-4d1b-9f77-a56647888abc', 'POIRE WILLIAMS EDV 70CL 45%W 45,0', '6523', 20.68, 'Bouteille', 0.2, 'import_2026', true);
INSERT INTO appro_catalogue (id, nom, nom_recherche, categorie, unite, actif) VALUES ('714234b8-13a9-4afb-ba34-219ec768f154', 'AIL ES 7/9 5KG I', 'ail es 7 9 5kg i', 'Fruits & Légumes', 'kg', true);
INSERT INTO appro_prix (id, article_id, fournisseur_id, designation, reference_fournisseur, pu_ht, unite, taux_tva, source, actif) VALUES ('f7fbdabe-e0e4-429d-84cb-2fc20247b563', '714234b8-13a9-4afb-ba34-219ec768f154', '21fbe47e-0b13-40b5-984f-673cb012149f', 'AIL ES 7/9 5KG I', 'ES', 36.51, 'kg', 0.055, 'import_2026', true);
INSERT INTO appro_catalogue (id, nom, nom_recherche, categorie, unite, actif) VALUES ('bfa58195-742d-4e20-9e90-e12889461986', 'CARTON 6 BT EDV 1L 2 KIRSCH HORS IG 1L 45% W 45,0', 'carton 6 bt edv 1l 2 kirsch hors ig 1l 45 w 45 0', 'Boisson alcoolisée', 'Bouteille', true);
INSERT INTO appro_prix (id, article_id, fournisseur_id, designation, reference_fournisseur, pu_ht, unite, taux_tva, source, actif) VALUES ('1724e2e5-b10b-45eb-acab-b3a94be0df01', 'bfa58195-742d-4e20-9e90-e12889461986', '2b28ab5a-0091-4d1b-9f77-a56647888abc', 'CARTON 6 BT EDV 1L 2 KIRSCH HORS IG 1L 45% W 45,0', '52592', 16.15, 'Bouteille', 0.2, 'import_2026', true);
INSERT INTO appro_catalogue (id, nom, nom_recherche, categorie, unite, actif) VALUES ('47a3331f-3622-42d6-8663-745971558857', 'LARDONS FUMES SEL SEC ILLER 8/3/20 CONGELE', 'lardons fumes sel sec iller 8 3 20 congele', 'Viande & charcuterie', 'kg', true);
INSERT INTO appro_prix (id, article_id, fournisseur_id, designation, reference_fournisseur, pu_ht, unite, taux_tva, source, actif) VALUES ('02c68321-d145-4fc9-a054-b4b941f2b2f8', '47a3331f-3622-42d6-8663-745971558857', 'b0a1a51e-0ec8-4eae-8bbe-a922649465e7', 'LARDONS FUMES SEL SEC ILLER 8/3/20 CONGELE', '054822', 10.95, 'kg', 0.055, 'import_2026', true);
INSERT INTO appro_catalogue (id, nom, nom_recherche, categorie, unite, actif) VALUES ('952d5559-a61d-49fc-865f-b78357f89ecc', 'FILM ETIRABLE 300X45', 'film etirable 300x45', 'Entretien/Hygiène', 'pce', true);
INSERT INTO appro_prix (id, article_id, fournisseur_id, designation, reference_fournisseur, pu_ht, unite, taux_tva, source, actif) VALUES ('2dcb511f-5d72-4ad7-a99a-3fd936426b9d', '952d5559-a61d-49fc-865f-b78357f89ecc', 'cf4d1399-a4c8-422f-ae11-c9e5a97f733a', 'FILM ETIRABLE 300X45', 'A00739', 8.64, 'pce', 0.2, 'import_2026', true);
INSERT INTO appro_catalogue (id, nom, nom_recherche, categorie, unite, actif) VALUES ('220ca919-d178-4fa8-9da9-c489fdabfa65', '100 GANTS NITRILE NOIR XL', '100 gants nitrile noir xl', 'Entretien/Hygiène', 'pce', true);
INSERT INTO appro_prix (id, article_id, fournisseur_id, designation, reference_fournisseur, pu_ht, unite, taux_tva, source, actif) VALUES ('069cdd47-7067-41fb-9335-c6ab74ee52f1', '220ca919-d178-4fa8-9da9-c489fdabfa65', 'cf4d1399-a4c8-422f-ae11-c9e5a97f733a', '100 GANTS NITRILE NOIR XL', 'A01821', 3.39, 'pce', 0.2, 'import_2026', true);
INSERT INTO appro_catalogue (id, nom, nom_recherche, categorie, unite, actif) VALUES ('f144de09-602b-477c-b22d-e40c64c02a7a', 'CHAPELURE BRUNE 1KG', 'chapelure brune 1kg', 'Alimentaire', 'pce', true);
INSERT INTO appro_prix (id, article_id, fournisseur_id, designation, reference_fournisseur, pu_ht, unite, taux_tva, source, actif) VALUES ('c355902f-9d9e-48bf-bc47-3321bb516b97', 'f144de09-602b-477c-b22d-e40c64c02a7a', 'cf4d1399-a4c8-422f-ae11-c9e5a97f733a', 'CHAPELURE BRUNE 1KG', 'A00079', 2.86, 'pce', 0.055, 'import_2026', true);
INSERT INTO appro_catalogue (id, nom, nom_recherche, categorie, unite, actif) VALUES ('0985adb8-2a2d-4c5e-94aa-2fe6ba147bf8', 'RIESLING WOLF LES FRIANDS 12,5 CRD', 'riesling wolf les friands 12 5 crd', 'Boisson alcoolisée', 'Bouteille', true);
INSERT INTO appro_prix (id, article_id, fournisseur_id, designation, reference_fournisseur, pu_ht, unite, taux_tva, source, actif) VALUES ('7ad63134-e99e-4da9-ab7e-5944bfcc2630', '0985adb8-2a2d-4c5e-94aa-2fe6ba147bf8', '2b28ab5a-0091-4d1b-9f77-a56647888abc', 'RIESLING WOLF LES FRIANDS 12,5 CRD', '39642', 5.24, 'Bouteille', 0.2, 'import_2026', true);
INSERT INTO appro_catalogue (id, nom, nom_recherche, categorie, unite, actif) VALUES ('7f68e587-49ec-484b-b0d7-394ffb131931', 'SL FEUI.CHE.BLO HVE3 MIDI I X12', 'sl feui che blo hve3 midi i x12', 'Fruits & Légumes', 'pce', true);
INSERT INTO appro_prix (id, article_id, fournisseur_id, designation, reference_fournisseur, pu_ht, unite, taux_tva, source, actif) VALUES ('2db435bc-f40b-4c80-814a-214eb3210e54', '7f68e587-49ec-484b-b0d7-394ffb131931', '21fbe47e-0b13-40b5-984f-673cb012149f', 'SL FEUI.CHE.BLO HVE3 MIDI I X12', 'FR', 13.37, 'pce', 0.055, 'import_2026', true);
INSERT INTO appro_catalogue (id, nom, nom_recherche, categorie, unite, actif) VALUES ('956527da-a196-4ad6-a7d5-22f71e01d6f3', 'MIRABELLE IG WOLFBERGER 1874 45,0', 'mirabelle ig wolfberger 1874 45 0', 'Boisson alcoolisée', 'Bouteille', true);
INSERT INTO appro_prix (id, article_id, fournisseur_id, designation, reference_fournisseur, pu_ht, unite, taux_tva, source, actif) VALUES ('8549702d-0c45-49a5-a349-07a3151535d1', '956527da-a196-4ad6-a7d5-22f71e01d6f3', '2b28ab5a-0091-4d1b-9f77-a56647888abc', 'MIRABELLE IG WOLFBERGER 1874 45,0', '54466', 23.19, 'Bouteille', 0.2, 'import_2026', true);
INSERT INTO appro_catalogue (id, nom, nom_recherche, categorie, unite, actif) VALUES ('560cae8c-3b1a-454d-a739-41a6cdc01a35', 'ABRICOT MIDI A 40-45 I', 'abricot midi a 40 45 i', 'Fruits & Légumes', 'kg', true);
INSERT INTO appro_prix (id, article_id, fournisseur_id, designation, reference_fournisseur, pu_ht, unite, taux_tva, source, actif) VALUES ('d8b079b1-f853-41b1-b2d7-2a5631f89c41', '560cae8c-3b1a-454d-a739-41a6cdc01a35', '21fbe47e-0b13-40b5-984f-673cb012149f', 'ABRICOT MIDI A 40-45 I', 'FR', 13.95, 'kg', 0.055, 'import_2026', true);
INSERT INTO appro_catalogue (id, nom, nom_recherche, categorie, unite, actif) VALUES ('6741aaa8-7ac8-4985-882a-51c0e965b209', 'CITRON EUREKA ZA 4 I MADEMOISE', 'citron eureka za 4 i mademoise', 'Fruits & Légumes', 'kg', true);
INSERT INTO appro_prix (id, article_id, fournisseur_id, designation, reference_fournisseur, pu_ht, unite, taux_tva, source, actif) VALUES ('d4b17441-a0ee-4e6d-9c9d-6a267d48aa1b', '6741aaa8-7ac8-4985-882a-51c0e965b209', '21fbe47e-0b13-40b5-984f-673cb012149f', 'CITRON EUREKA ZA 4 I MADEMOISE', 'ZA', 24.75, 'kg', 0.055, 'import_2026', true);
INSERT INTO appro_catalogue (id, nom, nom_recherche, categorie, unite, actif) VALUES ('0037082a-4e26-4327-a608-ece7e0ec0dba', 'AMER FDB FRAMBOISE 15%70CL W 15,0', 'amer fdb framboise 15 70cl w 15 0', 'Boisson alcoolisée', 'Bouteille', true);
INSERT INTO appro_prix (id, article_id, fournisseur_id, designation, reference_fournisseur, pu_ht, unite, taux_tva, source, actif) VALUES ('96e0509a-4ae2-461b-b311-02820747a695', '0037082a-4e26-4327-a608-ece7e0ec0dba', '2b28ab5a-0091-4d1b-9f77-a56647888abc', 'AMER FDB FRAMBOISE 15%70CL W 15,0', '41722', 8.95, 'Bouteille', 0.2, 'import_2026', true);
INSERT INTO appro_catalogue (id, nom, nom_recherche, categorie, unite, actif) VALUES ('55cb27b5-2cc0-4b11-be50-75486325cfa0', 'VG CHOUCROUTE CRUE ALS SEAU10K', 'vg choucroute crue als seau10k', 'Fruits & Légumes', 'kg', true);
INSERT INTO appro_prix (id, article_id, fournisseur_id, designation, reference_fournisseur, pu_ht, unite, taux_tva, source, actif) VALUES ('b685b127-e0c2-4bcc-abc0-1bf0438ef834', '55cb27b5-2cc0-4b11-be50-75486325cfa0', '21fbe47e-0b13-40b5-984f-673cb012149f', 'VG CHOUCROUTE CRUE ALS SEAU10K', 'FR', 14.83, 'kg', 0.055, 'import_2026', true);
INSERT INTO appro_catalogue (id, nom, nom_recherche, categorie, unite, actif) VALUES ('8951c01e-6940-4ba3-a5e1-8625c9f64618', 'POM ELSTAR HVE3 ALS 150-180G I 2RG', 'pom elstar hve3 als 150 180g i 2rg', 'Fruits & Légumes', 'kg', true);
INSERT INTO appro_prix (id, article_id, fournisseur_id, designation, reference_fournisseur, pu_ht, unite, taux_tva, source, actif) VALUES ('07abb812-1ed6-4578-8b7d-9f514b98ec0e', '8951c01e-6940-4ba3-a5e1-8625c9f64618', '21fbe47e-0b13-40b5-984f-673cb012149f', 'POM ELSTAR HVE3 ALS 150-180G I 2RG', 'FR', 25.36, 'kg', 0.055, 'import_2026', true);
INSERT INTO appro_catalogue (id, nom, nom_recherche, categorie, unite, actif) VALUES ('987f3e9b-5fb3-4c7b-8ca9-3562b6aee7fe', 'CREME BALSAMIQUE DE MODENE SQUEEZE 500ML', 'creme balsamique de modene squeeze 500ml', 'Alimentaire', 'pce', true);
INSERT INTO appro_prix (id, article_id, fournisseur_id, designation, reference_fournisseur, pu_ht, unite, taux_tva, source, actif) VALUES ('6e226b85-a092-4d53-8389-33cc2b4b3c58', '987f3e9b-5fb3-4c7b-8ca9-3562b6aee7fe', 'cf4d1399-a4c8-422f-ae11-c9e5a97f733a', 'CREME BALSAMIQUE DE MODENE SQUEEZE 500ML', 'A00130', 4.58, 'pce', 0.055, 'import_2026', true);
INSERT INTO appro_catalogue (id, nom, nom_recherche, categorie, unite, actif) VALUES ('5b3ea36d-edba-4e02-98f3-8451080fb529', 'SL FEUI.CHE.BLO ALL I X12', 'sl feui che blo all i x12', 'Fruits & Légumes', 'pce', true);
INSERT INTO appro_prix (id, article_id, fournisseur_id, designation, reference_fournisseur, pu_ht, unite, taux_tva, source, actif) VALUES ('223964a3-6cb0-4d84-9ed1-c08d6340409e', '5b3ea36d-edba-4e02-98f3-8451080fb529', '21fbe47e-0b13-40b5-984f-673cb012149f', 'SL FEUI.CHE.BLO ALL I X12', 'DE', 14.4, 'pce', 0.055, 'import_2026', true);
INSERT INTO appro_catalogue (id, nom, nom_recherche, categorie, unite, actif) VALUES ('a4a6b43d-bb56-4977-9948-a6531cd58504', 'SAC POUBELLE 110L NOIR X 25', 'sac poubelle 110l noir x 25', 'Entretien/Hygiène', 'pce', true);
INSERT INTO appro_prix (id, article_id, fournisseur_id, designation, reference_fournisseur, pu_ht, unite, taux_tva, source, actif) VALUES ('74aaab5c-0a9b-426a-b993-4caa6fdf12f7', 'a4a6b43d-bb56-4977-9948-a6531cd58504', 'cf4d1399-a4c8-422f-ae11-c9e5a97f733a', 'SAC POUBELLE 110L NOIR X 25', '809255', 4.73, 'pce', 0.2, 'import_2026', true);
INSERT INTO appro_catalogue (id, nom, nom_recherche, categorie, unite, actif) VALUES ('40ac8b63-ed0f-4dc7-b684-dbacd8364bf5', 'PERRIER 12x 1 L - PET', 'perrier 12x 1 l pet', 'Boisson sans alcool', 'pce', true);
INSERT INTO appro_prix (id, article_id, fournisseur_id, designation, reference_fournisseur, pu_ht, unite, taux_tva, source, actif) VALUES ('dbb8ab1f-49b2-4683-9cd2-60f605d8dc69', '40ac8b63-ed0f-4dc7-b684-dbacd8364bf5', '3ef9d8c3-4455-420e-a3f9-0074777761e5', 'PERRIER 12x 1 L - PET', '3443', 1.16, 'pce', 0.055, 'import_2026', true);
INSERT INTO appro_catalogue (id, nom, nom_recherche, categorie, unite, actif) VALUES ('cc5a43e1-e677-4ae1-92b6-b630d5ce0795', 'POIRE WILLIAMS WOLF 1874 VNGO 45,0', 'poire williams wolf 1874 vngo 45 0', 'Boisson alcoolisée', 'Bouteille', true);
INSERT INTO appro_prix (id, article_id, fournisseur_id, designation, reference_fournisseur, pu_ht, unite, taux_tva, source, actif) VALUES ('775cbe5a-0656-4a11-be06-e7f49f10e281', 'cc5a43e1-e677-4ae1-92b6-b630d5ce0795', '2b28ab5a-0091-4d1b-9f77-a56647888abc', 'POIRE WILLIAMS WOLF 1874 VNGO 45,0', '54539', 20.73, 'Bouteille', 0.2, 'import_2026', true);
INSERT INTO appro_catalogue (id, nom, nom_recherche, categorie, unite, actif) VALUES ('6720670d-878d-4fb7-bab6-4ac6a286d9a2', 'PDT NLLE CHARLOTTE HVE3 ALS 35+ 12,5KG I', 'pdt nlle charlotte hve3 als 35 12 5kg i', 'Fruits & Légumes', 'kg', true);
INSERT INTO appro_prix (id, article_id, fournisseur_id, designation, reference_fournisseur, pu_ht, unite, taux_tva, source, actif) VALUES ('757f70e2-2798-407f-bb5c-c4017b0322d6', '6720670d-878d-4fb7-bab6-4ac6a286d9a2', '21fbe47e-0b13-40b5-984f-673cb012149f', 'PDT NLLE CHARLOTTE HVE3 ALS 35+ 12,5KG I', 'FR', 20.62, 'kg', 0.055, 'import_2026', true);
INSERT INTO appro_catalogue (id, nom, nom_recherche, categorie, unite, actif) VALUES ('4263d32a-8b09-4ae0-b1e2-0bc58279e246', 'METEOR IPA Litre Fût - Fut 20 L', 'meteor ipa litre fut fut 20 l', 'Boisson alcoolisée', 'pce', true);
INSERT INTO appro_prix (id, article_id, fournisseur_id, designation, reference_fournisseur, pu_ht, unite, taux_tva, source, actif) VALUES ('1b4f5ca6-bc30-4022-8820-c565ae5f03de', '4263d32a-8b09-4ae0-b1e2-0bc58279e246', '3ef9d8c3-4455-420e-a3f9-0074777761e5', 'METEOR IPA Litre Fût - Fut 20 L', '3288', 4.08, 'pce', 0.2, 'import_2026', true);
INSERT INTO appro_catalogue (id, nom, nom_recherche, categorie, unite, actif) VALUES ('092ec21e-d64c-4dc2-ad63-f1175cabd7dc', 'CAROTTE HVE3 ALS SAC10K I', 'carotte hve3 als sac10k i', 'Fruits & Légumes', 'kg', true);
INSERT INTO appro_prix (id, article_id, fournisseur_id, designation, reference_fournisseur, pu_ht, unite, taux_tva, source, actif) VALUES ('901f090c-ad1a-4e7f-a9f8-58615de6a778', '092ec21e-d64c-4dc2-ad63-f1175cabd7dc', '21fbe47e-0b13-40b5-984f-673cb012149f', 'CAROTTE HVE3 ALS SAC10K I', 'FR', 11.5, 'kg', 0.055, 'import_2026', true);
INSERT INTO appro_catalogue (id, nom, nom_recherche, categorie, unite, actif) VALUES ('fa944281-00be-4783-93e9-69bd0dbf33ed', 'POIREAU HVE3 FR 10KG I', 'poireau hve3 fr 10kg i', 'Fruits & Légumes', 'kg', true);
INSERT INTO appro_prix (id, article_id, fournisseur_id, designation, reference_fournisseur, pu_ht, unite, taux_tva, source, actif) VALUES ('045e96c9-bf7b-4a79-ba2f-dfa1ca06173d', 'fa944281-00be-4783-93e9-69bd0dbf33ed', '21fbe47e-0b13-40b5-984f-673cb012149f', 'POIREAU HVE3 FR 10KG I', 'FR', 16.69, 'kg', 0.055, 'import_2026', true);
INSERT INTO appro_catalogue (id, nom, nom_recherche, categorie, unite, actif) VALUES ('c8ad46cf-f2ef-48e2-ac8e-4a4ee1387251', 'PDT NULE JAZZY FR 35+ 12,5KG I', 'pdt nule jazzy fr 35 12 5kg i', 'Fruits & Légumes', 'kg', true);
INSERT INTO appro_prix (id, article_id, fournisseur_id, designation, reference_fournisseur, pu_ht, unite, taux_tva, source, actif) VALUES ('2b4021ce-257a-40f3-a348-c2e52de50573', 'c8ad46cf-f2ef-48e2-ac8e-4a4ee1387251', '21fbe47e-0b13-40b5-984f-673cb012149f', 'PDT NULE JAZZY FR 35+ 12,5KG I', 'FR', 15.63, 'kg', 0.055, 'import_2026', true);
INSERT INTO appro_catalogue (id, nom, nom_recherche, categorie, unite, actif) VALUES ('da707338-34e0-4d6c-beea-4fe652b7a501', 'COLLET DE PORC SALE FUME S/V', 'collet de porc sale fume s v', 'Viande & charcuterie', 'kg', true);
INSERT INTO appro_prix (id, article_id, fournisseur_id, designation, reference_fournisseur, pu_ht, unite, taux_tva, source, actif) VALUES ('6a47cec4-9bc7-4054-bab7-0be9942f7f8c', 'da707338-34e0-4d6c-beea-4fe652b7a501', 'b0a1a51e-0ec8-4eae-8bbe-a922649465e7', 'COLLET DE PORC SALE FUME S/V', '053800', 8.9, 'kg', 0.055, 'import_2026', true);
INSERT INTO appro_catalogue (id, nom, nom_recherche, categorie, unite, actif) VALUES ('5e530742-53fa-4370-9033-504256de8c98', 'CHOCOLAT NOIR 55% 5KG', 'chocolat noir 55 5kg', 'Alimentaire', 'pce', true);
INSERT INTO appro_prix (id, article_id, fournisseur_id, designation, reference_fournisseur, pu_ht, unite, taux_tva, source, actif) VALUES ('eaad4021-74a6-4819-bf3a-b3d4531c39d9', '5e530742-53fa-4370-9033-504256de8c98', 'cf4d1399-a4c8-422f-ae11-c9e5a97f733a', 'CHOCOLAT NOIR 55% 5KG', 'A01533', 76.4, 'pce', 0.055, 'import_2026', true);
INSERT INTO appro_catalogue (id, nom, nom_recherche, categorie, unite, actif) VALUES ('eae629a5-db39-45ac-8736-b985312c913e', 'PINOT NOIR AOC ALSACE BIO bouteille 100cl', 'pinot noir aoc alsace bio bouteille 100cl', 'Vins & Crémants', 'Bouteille', true);
INSERT INTO appro_prix (id, article_id, fournisseur_id, designation, reference_fournisseur, pu_ht, unite, taux_tva, source, actif) VALUES ('28978323-cc8b-47d2-b7ee-d2735c7a9c17', 'eae629a5-db39-45ac-8736-b985312c913e', 'd55c0dfd-d61a-432b-896f-30cbad6c68f7', 'PINOT NOIR AOC ALSACE BIO bouteille 100cl', '', 6.35, 'Bouteille', 0.2, 'import_2026', true);
INSERT INTO appro_catalogue (id, nom, nom_recherche, categorie, unite, actif) VALUES ('a0d03d03-9a4a-4774-b12d-c6b43a15aa57', 'CIGARETTES RUSSES 1,4KG', 'cigarettes russes 1 4kg', 'Alimentaire', 'pce', true);
INSERT INTO appro_prix (id, article_id, fournisseur_id, designation, reference_fournisseur, pu_ht, unite, taux_tva, source, actif) VALUES ('a9ea7961-66d2-453d-ac2e-e4c2ca846603', 'a0d03d03-9a4a-4774-b12d-c6b43a15aa57', 'cf4d1399-a4c8-422f-ae11-c9e5a97f733a', 'CIGARETTES RUSSES 1,4KG', 'A01008', 24.45, 'pce', 0.055, 'import_2026', true);
INSERT INTO appro_catalogue (id, nom, nom_recherche, categorie, unite, actif) VALUES ('1412e691-7421-459a-b45c-890daa0b12d9', 'SL FEUI.CHE.RGE MIDI I X12', 'sl feui che rge midi i x12', 'Fruits & Légumes', 'pce', true);
INSERT INTO appro_prix (id, article_id, fournisseur_id, designation, reference_fournisseur, pu_ht, unite, taux_tva, source, actif) VALUES ('b1e68249-17d8-49f0-b1b5-037492c18049', '1412e691-7421-459a-b45c-890daa0b12d9', '21fbe47e-0b13-40b5-984f-673cb012149f', 'SL FEUI.CHE.RGE MIDI I X12', 'FR', 14.64, 'pce', 0.055, 'import_2026', true);
INSERT INTO appro_catalogue (id, nom, nom_recherche, categorie, unite, actif) VALUES ('b942dd26-a275-4c20-810c-1bf0aad828a6', 'CITRON PRIMOFIORI ES 4 I MADEMOISE', 'citron primofiori es 4 i mademoise', 'Fruits & Légumes', 'kg', true);
INSERT INTO appro_prix (id, article_id, fournisseur_id, designation, reference_fournisseur, pu_ht, unite, taux_tva, source, actif) VALUES ('be3916f7-afd3-4cba-b0d1-c78af8e69932', 'b942dd26-a275-4c20-810c-1bf0aad828a6', '21fbe47e-0b13-40b5-984f-673cb012149f', 'CITRON PRIMOFIORI ES 4 I MADEMOISE', 'ES', 18.83, 'kg', 0.055, 'import_2026', true);
INSERT INTO appro_catalogue (id, nom, nom_recherche, categorie, unite, actif) VALUES ('1b2e4b3f-9571-4847-9217-e4d9014c0bb3', 'ECHALOTE FR 30/50 SAC5K I', 'echalote fr 30 50 sac5k i', 'Fruits & Légumes', 'kg', true);
INSERT INTO appro_prix (id, article_id, fournisseur_id, designation, reference_fournisseur, pu_ht, unite, taux_tva, source, actif) VALUES ('f52c3a00-b9b2-4b7b-a032-052551bab8a4', '1b2e4b3f-9571-4847-9217-e4d9014c0bb3', '21fbe47e-0b13-40b5-984f-673cb012149f', 'ECHALOTE FR 30/50 SAC5K I', 'FR', 13.86, 'kg', 0.055, 'import_2026', true);
INSERT INTO appro_catalogue (id, nom, nom_recherche, categorie, unite, actif) VALUES ('debc513b-19d2-48d7-a330-24606abf8d25', 'BOBINE 450F X 6', 'bobine 450f x 6', 'Entretien/Hygiène', 'pce', true);
INSERT INTO appro_prix (id, article_id, fournisseur_id, designation, reference_fournisseur, pu_ht, unite, taux_tva, source, actif) VALUES ('5c78e8a9-70b9-438c-8da4-1a582ade3ea3', 'debc513b-19d2-48d7-a330-24606abf8d25', 'cf4d1399-a4c8-422f-ae11-c9e5a97f733a', 'BOBINE 450F X 6', '410339', 14.4, 'pce', 0.2, 'import_2026', true);
INSERT INTO appro_catalogue (id, nom, nom_recherche, categorie, unite, actif) VALUES ('beb224a6-d78d-4a39-bd89-c760e7910857', 'AMER FDB GINGEMBRE 15%70CL W 15,0', 'amer fdb gingembre 15 70cl w 15 0', 'Boisson alcoolisée', 'Bouteille', true);
INSERT INTO appro_prix (id, article_id, fournisseur_id, designation, reference_fournisseur, pu_ht, unite, taux_tva, source, actif) VALUES ('311fab18-5621-47fd-a5ad-a41b43931ff4', 'beb224a6-d78d-4a39-bd89-c760e7910857', '2b28ab5a-0091-4d1b-9f77-a56647888abc', 'AMER FDB GINGEMBRE 15%70CL W 15,0', '41725', 8.95, 'Bouteille', 0.2, 'import_2026', true);
INSERT INTO appro_catalogue (id, nom, nom_recherche, categorie, unite, actif) VALUES ('a79429e7-79e6-4030-bd67-59b903a45650', 'AMER FDB ENVIE D''ETE 15%70CL W 15,0', 'amer fdb envie d ete 15 70cl w 15 0', 'Boisson alcoolisée', 'Bouteille', true);
INSERT INTO appro_prix (id, article_id, fournisseur_id, designation, reference_fournisseur, pu_ht, unite, taux_tva, source, actif) VALUES ('99df8c26-cdf5-413d-8c67-1de77f872102', 'a79429e7-79e6-4030-bd67-59b903a45650', '2b28ab5a-0091-4d1b-9f77-a56647888abc', 'AMER FDB ENVIE D''ETE 15%70CL W 15,0', '44907', 8.94, 'Bouteille', 0.2, 'import_2026', true);
INSERT INTO appro_catalogue (id, nom, nom_recherche, categorie, unite, actif) VALUES ('960ea948-9171-4dd4-8daf-c87828f61f8d', 'BITBURGER 0.0% HERB 0,33 L - VC', 'bitburger 0 0 herb 0 33 l vc', 'Boisson sans alcool', 'pce', true);
INSERT INTO appro_prix (id, article_id, fournisseur_id, designation, reference_fournisseur, pu_ht, unite, taux_tva, source, actif) VALUES ('5c9184e4-4481-4ecf-8b0e-55356f748a4e', '960ea948-9171-4dd4-8daf-c87828f61f8d', '3ef9d8c3-4455-420e-a3f9-0074777761e5', 'BITBURGER 0.0% HERB 0,33 L - VC', '2579', 0.74, 'pce', 0.055, 'import_2026', true);
INSERT INTO appro_catalogue (id, nom, nom_recherche, categorie, unite, actif) VALUES ('b96765bb-30a9-4fce-ae87-24035e019266', 'CARTOUCHES SIPHON X 24', 'cartouches siphon x 24', 'Entretien/Hygiène', 'pce', true);
INSERT INTO appro_prix (id, article_id, fournisseur_id, designation, reference_fournisseur, pu_ht, unite, taux_tva, source, actif) VALUES ('4b4aaaa1-3200-487d-972f-86367d7512dd', 'b96765bb-30a9-4fce-ae87-24035e019266', 'cf4d1399-a4c8-422f-ae11-c9e5a97f733a', 'CARTOUCHES SIPHON X 24', 'A01064', 10.07, 'pce', 0.2, 'import_2026', true);
INSERT INTO appro_catalogue (id, nom, nom_recherche, categorie, unite, actif) VALUES ('2e4da1a2-0334-4735-842c-2193b8da210a', 'SPECULOS CONCASSE 750GRS', 'speculos concasse 750grs', 'Alimentaire', 'pce', true);
INSERT INTO appro_prix (id, article_id, fournisseur_id, designation, reference_fournisseur, pu_ht, unite, taux_tva, source, actif) VALUES ('98a93861-e1b1-472c-98ef-26426c66ff58', '2e4da1a2-0334-4735-842c-2193b8da210a', 'cf4d1399-a4c8-422f-ae11-c9e5a97f733a', 'SPECULOS CONCASSE 750GRS', 'A00868', 9.99, 'pce', 0.055, 'import_2026', true);
INSERT INTO appro_catalogue (id, nom, nom_recherche, categorie, unite, actif) VALUES ('57e590cb-c075-43d0-8859-c76d0d24bff3', 'MARC DE GEWURZ WOLFBERGER 1874 45,0', 'marc de gewurz wolfberger 1874 45 0', 'Boisson alcoolisée', 'Bouteille', true);
INSERT INTO appro_prix (id, article_id, fournisseur_id, designation, reference_fournisseur, pu_ht, unite, taux_tva, source, actif) VALUES ('554718ce-6518-4964-aa19-206ab2391b71', '57e590cb-c075-43d0-8859-c76d0d24bff3', '2b28ab5a-0091-4d1b-9f77-a56647888abc', 'MARC DE GEWURZ WOLFBERGER 1874 45,0', '54468', 17.43, 'Bouteille', 0.2, 'import_2026', true);
INSERT INTO appro_catalogue (id, nom, nom_recherche, categorie, unite, actif) VALUES ('2d322674-8b94-485e-b467-9d08234f4a86', 'KIRSCH IG ALSACE 70CL 45° W 45,0', 'kirsch ig alsace 70cl 45 w 45 0', 'Boisson alcoolisée', 'Bouteille', true);
INSERT INTO appro_prix (id, article_id, fournisseur_id, designation, reference_fournisseur, pu_ht, unite, taux_tva, source, actif) VALUES ('6d9c0684-075b-4c47-86a1-84166bd8dac6', '2d322674-8b94-485e-b467-9d08234f4a86', '2b28ab5a-0091-4d1b-9f77-a56647888abc', 'KIRSCH IG ALSACE 70CL 45° W 45,0', '33334', 23.08, 'Bouteille', 0.2, 'import_2026', true);
INSERT INTO appro_catalogue (id, nom, nom_recherche, categorie, unite, actif) VALUES ('de581f6c-13a2-443d-bb6f-fae6fc1cbd3c', 'MOUTARDE DE DIJON 5KG', 'moutarde de dijon 5kg', 'Alimentaire', 'pce', true);
INSERT INTO appro_prix (id, article_id, fournisseur_id, designation, reference_fournisseur, pu_ht, unite, taux_tva, source, actif) VALUES ('56a303d6-2487-4484-a02f-51b8faf3b0de', 'de581f6c-13a2-443d-bb6f-fae6fc1cbd3c', 'cf4d1399-a4c8-422f-ae11-c9e5a97f733a', 'MOUTARDE DE DIJON 5KG', 'A00261', 17.29, 'pce', 0.055, 'import_2026', true);
INSERT INTO appro_catalogue (id, nom, nom_recherche, categorie, unite, actif) VALUES ('56c38b95-1bc5-4dfe-9410-47f832112690', 'CHOCOLAT NOIR 44% PALETS 5KG', 'chocolat noir 44 palets 5kg', 'Alimentaire', 'pce', true);
INSERT INTO appro_prix (id, article_id, fournisseur_id, designation, reference_fournisseur, pu_ht, unite, taux_tva, source, actif) VALUES ('4a8440ba-5ef6-4d5b-9daa-d5eeb7172699', '56c38b95-1bc5-4dfe-9410-47f832112690', 'cf4d1399-a4c8-422f-ae11-c9e5a97f733a', 'CHOCOLAT NOIR 44% PALETS 5KG', 'A00797', 68.85, 'pce', 0.055, 'import_2026', true);
INSERT INTO appro_catalogue (id, nom, nom_recherche, categorie, unite, actif) VALUES ('846d2225-8c89-42db-8dee-995bf1190370', 'SPECULOOS 6GRS X 300', 'speculoos 6grs x 300', 'Alimentaire', 'pce', true);
INSERT INTO appro_prix (id, article_id, fournisseur_id, designation, reference_fournisseur, pu_ht, unite, taux_tva, source, actif) VALUES ('72a52089-68b9-45b1-ba79-26a6dd66eb40', '846d2225-8c89-42db-8dee-995bf1190370', 'cf4d1399-a4c8-422f-ae11-c9e5a97f733a', 'SPECULOOS 6GRS X 300', 'A01094', 16.95, 'pce', 0.055, 'import_2026', true);
INSERT INTO appro_catalogue (id, nom, nom_recherche, categorie, unite, actif) VALUES ('50776f84-7f6a-4f34-a567-21cf1fa97884', 'COMTE RAPE 1KG', 'comte rape 1kg', 'Alimentaire', 'pce', true);
INSERT INTO appro_prix (id, article_id, fournisseur_id, designation, reference_fournisseur, pu_ht, unite, taux_tva, source, actif) VALUES ('4f99efa9-80ff-4a5a-9701-ea74444f0ac2', '50776f84-7f6a-4f34-a567-21cf1fa97884', 'cf4d1399-a4c8-422f-ae11-c9e5a97f733a', 'COMTE RAPE 1KG', 'A00588', 16.75, 'pce', 0.055, 'import_2026', true);
INSERT INTO appro_catalogue (id, nom, nom_recherche, categorie, unite, actif) VALUES ('58917752-ab10-434f-ae44-f057c97ddeca', 'ECHALOTE HVE3 ALS 30/50 SAC5K I', 'echalote hve3 als 30 50 sac5k i', 'Fruits & Légumes', 'kg', true);
INSERT INTO appro_prix (id, article_id, fournisseur_id, designation, reference_fournisseur, pu_ht, unite, taux_tva, source, actif) VALUES ('cb440386-a453-41c1-bdc8-4715efa926a1', '58917752-ab10-434f-ae44-f057c97ddeca', '21fbe47e-0b13-40b5-984f-673cb012149f', 'ECHALOTE HVE3 ALS 30/50 SAC5K I', 'FR', 8.36, 'kg', 0.055, 'import_2026', true);
INSERT INTO appro_catalogue (id, nom, nom_recherche, categorie, unite, actif) VALUES ('6a18b5aa-79f1-4203-b37d-d70958c2981c', 'OIGNON JAUNE HVE3 ALS 6/8 FILET 10KG I', 'oignon jaune hve3 als 6 8 filet 10kg i', 'Fruits & Légumes', 'kg', true);
INSERT INTO appro_prix (id, article_id, fournisseur_id, designation, reference_fournisseur, pu_ht, unite, taux_tva, source, actif) VALUES ('48b09437-a3f0-4f57-aae5-7160abc23ae2', '6a18b5aa-79f1-4203-b37d-d70958c2981c', '21fbe47e-0b13-40b5-984f-673cb012149f', 'OIGNON JAUNE HVE3 ALS 6/8 FILET 10KG I', 'FR', 10.83, 'kg', 0.055, 'import_2026', true);
INSERT INTO appro_catalogue (id, nom, nom_recherche, categorie, unite, actif) VALUES ('5b50577c-1577-4cd7-957a-858927db6000', 'POM ELSTAR HVE3 FR 115-135G I 2RG', 'pom elstar hve3 fr 115 135g i 2rg', 'Fruits & Légumes', 'kg', true);
INSERT INTO appro_prix (id, article_id, fournisseur_id, designation, reference_fournisseur, pu_ht, unite, taux_tva, source, actif) VALUES ('a0e9b8ec-3519-497b-92eb-340febde2541', '5b50577c-1577-4cd7-957a-858927db6000', '21fbe47e-0b13-40b5-984f-673cb012149f', 'POM ELSTAR HVE3 FR 115-135G I 2RG', 'FR', 23.98, 'kg', 0.055, 'import_2026', true);
INSERT INTO appro_catalogue (id, nom, nom_recherche, categorie, unite, actif) VALUES ('0a7bcd6a-c24e-4021-86cc-87a45b1252a9', 'GENDARMES S/AT', 'gendarmes s at', 'Viande & charcuterie', 'kg', true);
INSERT INTO appro_prix (id, article_id, fournisseur_id, designation, reference_fournisseur, pu_ht, unite, taux_tva, source, actif) VALUES ('34653938-43fe-4266-a2fa-f913d1e82642', '0a7bcd6a-c24e-4021-86cc-87a45b1252a9', 'b0a1a51e-0ec8-4eae-8bbe-a922649465e7', 'GENDARMES S/AT', '066900', 18.7, 'kg', 0.055, 'import_2026', true);
INSERT INTO appro_catalogue (id, nom, nom_recherche, categorie, unite, actif) VALUES ('1a27954f-177e-460b-beaa-02cb96b0cf2b', 'DESINFECTANT S/CONTACT 750ML', 'desinfectant s contact 750ml', 'Entretien/Hygiène', 'pce', true);
INSERT INTO appro_prix (id, article_id, fournisseur_id, designation, reference_fournisseur, pu_ht, unite, taux_tva, source, actif) VALUES ('56131921-6dc9-48a1-be6f-25fdde52c9f4', '1a27954f-177e-460b-beaa-02cb96b0cf2b', 'cf4d1399-a4c8-422f-ae11-c9e5a97f733a', 'DESINFECTANT S/CONTACT 750ML', '256035', 6.1, 'pce', 0.2, 'import_2026', true);
INSERT INTO appro_catalogue (id, nom, nom_recherche, categorie, unite, actif) VALUES ('efdca4bf-ebce-465d-b349-553cb2fc3bd6', 'POM STORY HVE3 FR 115-135G I PLT 2RG', 'pom story hve3 fr 115 135g i plt 2rg', 'Fruits & Légumes', 'kg', true);
INSERT INTO appro_prix (id, article_id, fournisseur_id, designation, reference_fournisseur, pu_ht, unite, taux_tva, source, actif) VALUES ('937dc5ae-3129-465e-af6f-65dbc81a6821', 'efdca4bf-ebce-465d-b349-553cb2fc3bd6', '21fbe47e-0b13-40b5-984f-673cb012149f', 'POM STORY HVE3 FR 115-135G I PLT 2RG', 'FR', 23.64, 'kg', 0.055, 'import_2026', true);
INSERT INTO appro_catalogue (id, nom, nom_recherche, categorie, unite, actif) VALUES ('b71656a7-1013-4d56-ae7e-8dec0e8f40f2', 'KG MAGRET CANARD CRU EQR', 'kg magret canard cru eqr', 'Alimentaire', 'pce', true);
INSERT INTO appro_prix (id, article_id, fournisseur_id, designation, reference_fournisseur, pu_ht, unite, taux_tva, source, actif) VALUES ('154221be-aceb-43ce-9df4-d0e4f632aa8f', 'b71656a7-1013-4d56-ae7e-8dec0e8f40f2', 'ba2f7076-33c2-4ce9-ad90-5778e30c29d3', 'KG MAGRET CANARD CRU EQR', '781471', 14.99, 'pce', 0.055, 'import_2026', true);
INSERT INTO appro_catalogue (id, nom, nom_recherche, categorie, unite, actif) VALUES ('e639e02b-e513-432e-8699-e0f4ec29e46d', 'LISBETH VERTE 0,50 L - PET', 'lisbeth verte 0 50 l pet', 'Boisson sans alcool', 'pce', true);
INSERT INTO appro_prix (id, article_id, fournisseur_id, designation, reference_fournisseur, pu_ht, unite, taux_tva, source, actif) VALUES ('8548dc87-4bf4-42fa-807e-676a79b194d9', 'e639e02b-e513-432e-8699-e0f4ec29e46d', '3ef9d8c3-4455-420e-a3f9-0074777761e5', 'LISBETH VERTE 0,50 L - PET', '1992', 0.6, 'pce', 0.055, 'import_2026', true);
INSERT INTO appro_catalogue (id, nom, nom_recherche, categorie, unite, actif) VALUES ('13ec4549-d3d4-485a-9dc1-5320958fdd7e', 'APEROL 1 L', 'aperol 1 l', 'Boisson alcoolisée', 'pce', true);
INSERT INTO appro_prix (id, article_id, fournisseur_id, designation, reference_fournisseur, pu_ht, unite, taux_tva, source, actif) VALUES ('bc5de4cd-5467-42c8-a38d-9264efeec735', '13ec4549-d3d4-485a-9dc1-5320958fdd7e', '3ef9d8c3-4455-420e-a3f9-0074777761e5', 'APEROL 1 L', '1122', 14.39, 'pce', 0.2, 'import_2026', true);
INSERT INTO appro_catalogue (id, nom, nom_recherche, categorie, unite, actif) VALUES ('48f07211-e5c4-4fda-a6ad-b535f9b0f99b', 'ORANGE NAVELINAS ES 4 I MADEMOISE', 'orange navelinas es 4 i mademoise', 'Fruits & Légumes', 'kg', true);
INSERT INTO appro_prix (id, article_id, fournisseur_id, designation, reference_fournisseur, pu_ht, unite, taux_tva, source, actif) VALUES ('b75dd178-51f0-494f-81ca-768b423911a6', '48f07211-e5c4-4fda-a6ad-b535f9b0f99b', '21fbe47e-0b13-40b5-984f-673cb012149f', 'ORANGE NAVELINAS ES 4 I MADEMOISE', 'ES', 22.45, 'kg', 0.055, 'import_2026', true);
INSERT INTO appro_catalogue (id, nom, nom_recherche, categorie, unite, actif) VALUES ('469fc8fd-70c8-42fe-921f-20d1b13b17b8', 'JARRET ARRIERE BRAISE CUIT', 'jarret arriere braise cuit', 'Alimentaire', 'pce', true);
INSERT INTO appro_prix (id, article_id, fournisseur_id, designation, reference_fournisseur, pu_ht, unite, taux_tva, source, actif) VALUES ('05049cc3-b71c-400f-ac90-31fc3e2d7aa2', '469fc8fd-70c8-42fe-921f-20d1b13b17b8', 'ba2f7076-33c2-4ce9-ad90-5778e30c29d3', 'JARRET ARRIERE BRAISE CUIT', '681049', 5.63, 'pce', 0.055, 'import_2026', true);
INSERT INTO appro_catalogue (id, nom, nom_recherche, categorie, unite, actif) VALUES ('e10749d6-6602-4d2d-95ca-eb16f58461d8', 'BEURRE DOUX 250 GRS', 'beurre doux 250 grs', 'Alimentaire', 'pce', true);
INSERT INTO appro_prix (id, article_id, fournisseur_id, designation, reference_fournisseur, pu_ht, unite, taux_tva, source, actif) VALUES ('90aa31ef-8354-4890-8aa4-b849c81a98e6', 'e10749d6-6602-4d2d-95ca-eb16f58461d8', 'cf4d1399-a4c8-422f-ae11-c9e5a97f733a', 'BEURRE DOUX 250 GRS', 'A00165', 1.87, 'pce', 0.055, 'import_2026', true);
INSERT INTO appro_catalogue (id, nom, nom_recherche, categorie, unite, actif) VALUES ('0afdd03c-d0c1-4d5a-8ac7-8316d2a3eac8', 'HCIBOULETTE FR SACH100G I SOLIPLANT', 'hciboulette fr sach100g i soliplant', 'Fruits & Légumes', 'pce', true);
INSERT INTO appro_prix (id, article_id, fournisseur_id, designation, reference_fournisseur, pu_ht, unite, taux_tva, source, actif) VALUES ('c0980ba6-0d1e-48b4-a05b-cc1fcc60221f', '0afdd03c-d0c1-4d5a-8ac7-8316d2a3eac8', '21fbe47e-0b13-40b5-984f-673cb012149f', 'HCIBOULETTE FR SACH100G I SOLIPLANT', 'FR', 2.54, 'pce', 0.055, 'import_2026', true);
INSERT INTO appro_catalogue (id, nom, nom_recherche, categorie, unite, actif) VALUES ('e5d81ddf-d4a0-401b-82e7-aa6aba7a4465', 'SAUMON FUME TRANCHE SELECTION (1KG)', 'saumon fume tranche selection 1kg', 'Viande & charcuterie', 'kg', true);
INSERT INTO appro_prix (id, article_id, fournisseur_id, designation, reference_fournisseur, pu_ht, unite, taux_tva, source, actif) VALUES ('1c929e7a-37a5-4965-88c1-6c6403c12e17', 'e5d81ddf-d4a0-401b-82e7-aa6aba7a4465', 'b0a1a51e-0ec8-4eae-8bbe-a922649465e7', 'SAUMON FUME TRANCHE SELECTION (1KG)', '280002', 27.95, 'kg', 0.055, 'import_2026', true);
INSERT INTO appro_catalogue (id, nom, nom_recherche, categorie, unite, actif) VALUES ('aef222bc-874e-434b-9f0b-770094d847e6', 'FARINE T45 1 KILO', 'farine t45 1 kilo', 'Alimentaire', 'pce', true);
INSERT INTO appro_prix (id, article_id, fournisseur_id, designation, reference_fournisseur, pu_ht, unite, taux_tva, source, actif) VALUES ('9cdc3e29-e25d-407e-a1e1-da8fbec483b8', 'aef222bc-874e-434b-9f0b-770094d847e6', 'cf4d1399-a4c8-422f-ae11-c9e5a97f733a', 'FARINE T45 1 KILO', 'A00218', 0.78, 'pce', 0.055, 'import_2026', true);
INSERT INTO appro_catalogue (id, nom, nom_recherche, categorie, unite, actif) VALUES ('e46eadff-7452-40d0-896b-a70b06333b12', 'COGNAC H BY HINE VSOP 0,70 L', 'cognac h by hine vsop 0 70 l', 'Boisson alcoolisée', 'pce', true);
INSERT INTO appro_prix (id, article_id, fournisseur_id, designation, reference_fournisseur, pu_ht, unite, taux_tva, source, actif) VALUES ('496d48c6-475e-46e7-a989-7bf31c3d9357', 'e46eadff-7452-40d0-896b-a70b06333b12', '3ef9d8c3-4455-420e-a3f9-0074777761e5', 'COGNAC H BY HINE VSOP 0,70 L', '3514', 27.4, 'pce', 0.2, 'import_2026', true);
INSERT INTO appro_catalogue (id, nom, nom_recherche, categorie, unite, actif) VALUES ('75e7fef0-a751-4116-9491-a841d15a38eb', 'MELON BRODE HVE3 MIDI 975/1250G I X12', 'melon brode hve3 midi 975 1250g i x12', 'Fruits & Légumes', 'pce', true);
INSERT INTO appro_prix (id, article_id, fournisseur_id, designation, reference_fournisseur, pu_ht, unite, taux_tva, source, actif) VALUES ('f4d23f44-edef-42e5-b74a-77ecef517abf', '75e7fef0-a751-4116-9491-a841d15a38eb', '21fbe47e-0b13-40b5-984f-673cb012149f', 'MELON BRODE HVE3 MIDI 975/1250G I X12', 'FR', 25.16, 'pce', 0.055, 'import_2026', true);
INSERT INTO appro_catalogue (id, nom, nom_recherche, categorie, unite, actif) VALUES ('569909d3-d258-41b8-ad32-ab4561630d47', 'Frais d''éco participation', 'frais d eco participation', 'Service', 'Forfait', true);
INSERT INTO appro_prix (id, article_id, fournisseur_id, designation, reference_fournisseur, pu_ht, unite, taux_tva, source, actif) VALUES ('4457116c-f763-467c-8480-060da7d5734f', '569909d3-d258-41b8-ad32-ab4561630d47', '21fbe47e-0b13-40b5-984f-673cb012149f', 'Frais d''éco participation', '', 1.76, 'Forfait', 0.055, 'import_2026', true);
INSERT INTO appro_catalogue (id, nom, nom_recherche, categorie, unite, actif) VALUES ('9087443b-c852-47ed-a659-9389c5008dac', 'GOURMANDISE LIQUEUR SAPIN 18,0', 'gourmandise liqueur sapin 18 0', 'Boisson alcoolisée', 'Bouteille', true);
INSERT INTO appro_prix (id, article_id, fournisseur_id, designation, reference_fournisseur, pu_ht, unite, taux_tva, source, actif) VALUES ('22e605ea-fe05-4d08-ba89-ee55d6d07f4d', '9087443b-c852-47ed-a659-9389c5008dac', '2b28ab5a-0091-4d1b-9f77-a56647888abc', 'GOURMANDISE LIQUEUR SAPIN 18,0', '52660', 10.87, 'Bouteille', 0.2, 'import_2026', true);
INSERT INTO appro_catalogue (id, nom, nom_recherche, categorie, unite, actif) VALUES ('d92bb126-bd4e-494b-b59e-699e2d01096a', 'ONGLET DE VEAU UE 1 X 2 KG+-', 'onglet de veau ue 1 x 2 kg', 'Frais', 'kg', true);
INSERT INTO appro_prix (id, article_id, fournisseur_id, designation, reference_fournisseur, pu_ht, unite, taux_tva, source, actif) VALUES ('0c576851-bba9-4abf-b3bb-397b0a79f25c', 'd92bb126-bd4e-494b-b59e-699e2d01096a', 'c9927e05-8576-449c-9912-93595ac33f1e', 'ONGLET DE VEAU UE 1 X 2 KG+-', '3052', 13.5, 'kg', 0.055, 'import_2026', true);
INSERT INTO appro_catalogue (id, nom, nom_recherche, categorie, unite, actif) VALUES ('84cff485-4fa0-4e55-840e-a7e015a381c7', 'EMMENTAL RAPE MOYEN 1KG VALMARTIN', 'emmental rape moyen 1kg valmartin', 'Alimentaire', 'pce', true);
INSERT INTO appro_prix (id, article_id, fournisseur_id, designation, reference_fournisseur, pu_ht, unite, taux_tva, source, actif) VALUES ('34a970fc-b722-46df-bce8-c38323942097', '84cff485-4fa0-4e55-840e-a7e015a381c7', 'cf4d1399-a4c8-422f-ae11-c9e5a97f733a', 'EMMENTAL RAPE MOYEN 1KG VALMARTIN', 'A01216', 7.49, 'pce', 0.055, 'import_2026', true);
INSERT INTO appro_catalogue (id, nom, nom_recherche, categorie, unite, actif) VALUES ('b06b1f3a-4cd6-489a-a8bc-01519e1d670f', 'POM RED PRINCE POLOG 75/80 12KG I', 'pom red prince polog 75 80 12kg i', 'Fruits & Légumes', 'kg', true);
INSERT INTO appro_prix (id, article_id, fournisseur_id, designation, reference_fournisseur, pu_ht, unite, taux_tva, source, actif) VALUES ('dfd350d6-8779-40ba-beaf-ec3b2af22727', 'b06b1f3a-4cd6-489a-a8bc-01519e1d670f', '21fbe47e-0b13-40b5-984f-673cb012149f', 'POM RED PRINCE POLOG 75/80 12KG I', 'PL', 21.56, 'kg', 0.055, 'import_2026', true);
INSERT INTO appro_catalogue (id, nom, nom_recherche, categorie, unite, actif) VALUES ('528f69fd-5dc1-4c05-bc3f-7d44528b6fff', 'CH PLEUROTE FR 2KG I', 'ch pleurote fr 2kg i', 'Fruits & Légumes', 'kg', true);
INSERT INTO appro_prix (id, article_id, fournisseur_id, designation, reference_fournisseur, pu_ht, unite, taux_tva, source, actif) VALUES ('689cf508-5931-43df-9068-53b7bd46295c', '528f69fd-5dc1-4c05-bc3f-7d44528b6fff', '21fbe47e-0b13-40b5-984f-673cb012149f', 'CH PLEUROTE FR 2KG I', 'FR', 17.3, 'kg', 0.055, 'import_2026', true);
INSERT INTO appro_catalogue (id, nom, nom_recherche, categorie, unite, actif) VALUES ('26707c8e-98de-45fb-bf48-188cafa9cf77', '100 GANTS VINYL N/P TAILLE M', '100 gants vinyl n p taille m', 'Entretien/Hygiène', 'pce', true);
INSERT INTO appro_prix (id, article_id, fournisseur_id, designation, reference_fournisseur, pu_ht, unite, taux_tva, source, actif) VALUES ('a7abb804-fcb1-41bb-8f8f-35e823de8ab5', '26707c8e-98de-45fb-bf48-188cafa9cf77', 'cf4d1399-a4c8-422f-ae11-c9e5a97f733a', '100 GANTS VINYL N/P TAILLE M', '702279', 5.1, 'pce', 0.2, 'import_2026', true);
INSERT INTO appro_catalogue (id, nom, nom_recherche, categorie, unite, actif) VALUES ('15e12392-e1e4-4dad-9b8e-ec4f9b9ca545', '5KG CACAO 50% PALET EC', '5kg cacao 50 palet ec', 'Alimentaire', 'pce', true);
INSERT INTO appro_prix (id, article_id, fournisseur_id, designation, reference_fournisseur, pu_ht, unite, taux_tva, source, actif) VALUES ('eaede61c-678d-434e-95fe-ede36387d5e8', '15e12392-e1e4-4dad-9b8e-ec4f9b9ca545', 'ba2f7076-33c2-4ce9-ad90-5778e30c29d3', '5KG CACAO 50% PALET EC', '217929', 49.99, 'pce', 0.055, 'import_2026', true);
INSERT INTO appro_catalogue (id, nom, nom_recherche, categorie, unite, actif) VALUES ('929d2848-c441-482c-aaa8-85bfbd4ce55b', 'PINOT NOIR VIEILLES VIGNES GILG 0,75 L', 'pinot noir vieilles vignes gilg 0 75 l', 'Boisson alcoolisée', 'pce', true);
INSERT INTO appro_prix (id, article_id, fournisseur_id, designation, reference_fournisseur, pu_ht, unite, taux_tva, source, actif) VALUES ('d0e360b1-c82c-406f-beaf-52d8db6cce53', '929d2848-c441-482c-aaa8-85bfbd4ce55b', '3ef9d8c3-4455-420e-a3f9-0074777761e5', 'PINOT NOIR VIEILLES VIGNES GILG 0,75 L', '1583', 8.3, 'pce', 0.2, 'import_2026', true);
INSERT INTO appro_catalogue (id, nom, nom_recherche, categorie, unite, actif) VALUES ('8754c909-b0d2-4e6e-9518-cc6b6df73377', 'AROME VANILLINE PATISSIER 1L', 'arome vanilline patissier 1l', 'Alimentaire', 'pce', true);
INSERT INTO appro_prix (id, article_id, fournisseur_id, designation, reference_fournisseur, pu_ht, unite, taux_tva, source, actif) VALUES ('bcf1c09b-7a23-4cc0-b1af-2933bb1083c4', '8754c909-b0d2-4e6e-9518-cc6b6df73377', 'cf4d1399-a4c8-422f-ae11-c9e5a97f733a', 'AROME VANILLINE PATISSIER 1L', 'A00832', 9.9, 'pce', 0.055, 'import_2026', true);
INSERT INTO appro_catalogue (id, nom, nom_recherche, categorie, unite, actif) VALUES ('0e79a86a-1ade-4263-b305-03d7a92390ba', 'POM BOSCOOP ALS 201-240G VRAC I', 'pom boscoop als 201 240g vrac i', 'Fruits & Légumes', 'kg', true);
INSERT INTO appro_prix (id, article_id, fournisseur_id, designation, reference_fournisseur, pu_ht, unite, taux_tva, source, actif) VALUES ('2f906fae-4320-4f1c-a731-2b1dd7277fc9', '0e79a86a-1ade-4263-b305-03d7a92390ba', '21fbe47e-0b13-40b5-984f-673cb012149f', 'POM BOSCOOP ALS 201-240G VRAC I', 'FR', 22.4, 'kg', 0.055, 'import_2026', true);
INSERT INTO appro_catalogue (id, nom, nom_recherche, categorie, unite, actif) VALUES ('95ac3618-c833-4827-9fb0-c49f3c4733fb', 'SEGAFREDO MADDALENA x160 UNITE', 'segafredo maddalena x160 unite', 'Boisson sans alcool', 'pce', true);
INSERT INTO appro_prix (id, article_id, fournisseur_id, designation, reference_fournisseur, pu_ht, unite, taux_tva, source, actif) VALUES ('759e976e-401f-4e58-ad55-6e759466e209', '95ac3618-c833-4827-9fb0-c49f3c4733fb', '3ef9d8c3-4455-420e-a3f9-0074777761e5', 'SEGAFREDO MADDALENA x160 UNITE', '976', 16.48, 'pce', 0.055, 'import_2026', true);
INSERT INTO appro_catalogue (id, nom, nom_recherche, categorie, unite, actif) VALUES ('a14bc3b1-4882-45b3-a862-0596cec43b70', 'PETITE TOURTE DE MEULE env', 'petite tourte de meule env', 'Boulangerie', 'pce', true);
INSERT INTO appro_prix (id, article_id, fournisseur_id, designation, reference_fournisseur, pu_ht, unite, taux_tva, source, actif) VALUES ('dfaf88fb-37c9-4bf3-a430-64d246c87818', 'a14bc3b1-4882-45b3-a862-0596cec43b70', 'e6217bfa-cc2c-4b7b-9f68-af53dfe20479', 'PETITE TOURTE DE MEULE env', 'REST015', 2.88, 'pce', 0.055, 'import_2026', true);
INSERT INTO appro_catalogue (id, nom, nom_recherche, categorie, unite, actif) VALUES ('09cc69de-5ecd-42aa-9c2b-b41ec71ca602', 'MUSCADE MOULUE 1KG', 'muscade moulue 1kg', 'Alimentaire', 'pce', true);
INSERT INTO appro_prix (id, article_id, fournisseur_id, designation, reference_fournisseur, pu_ht, unite, taux_tva, source, actif) VALUES ('cf8f6306-1be8-4f44-bca3-0552dee131be', '09cc69de-5ecd-42aa-9c2b-b41ec71ca602', 'cf4d1399-a4c8-422f-ae11-c9e5a97f733a', 'MUSCADE MOULUE 1KG', 'A01119', 24.43, 'pce', 0.055, 'import_2026', true);
INSERT INTO appro_catalogue (id, nom, nom_recherche, categorie, unite, actif) VALUES ('8300e498-633b-450d-b215-06dbdf29c4e3', 'ABRICOT SAUTTER 0,25 L - VC', 'abricot sautter 0 25 l vc', 'Boisson sans alcool', 'pce', true);
INSERT INTO appro_prix (id, article_id, fournisseur_id, designation, reference_fournisseur, pu_ht, unite, taux_tva, source, actif) VALUES ('03d8246b-335e-498b-b05a-615fdd8ed067', '8300e498-633b-450d-b215-06dbdf29c4e3', '3ef9d8c3-4455-420e-a3f9-0074777761e5', 'ABRICOT SAUTTER 0,25 L - VC', '1632', 1.01, 'pce', 0.055, 'import_2026', true);
INSERT INTO appro_catalogue (id, nom, nom_recherche, categorie, unite, actif) VALUES ('33c59caf-5029-44d2-a10d-1118a88937be', 'CARTON 6 BT EDV 1L 3 KIRSCH HORS IG 1L 45% W 45,0', 'carton 6 bt edv 1l 3 kirsch hors ig 1l 45 w 45 0', 'Boisson alcoolisée', 'Bouteille', true);
INSERT INTO appro_prix (id, article_id, fournisseur_id, designation, reference_fournisseur, pu_ht, unite, taux_tva, source, actif) VALUES ('66ee0171-b660-4439-a15c-e8c2b02c3e99', '33c59caf-5029-44d2-a10d-1118a88937be', '2b28ab5a-0091-4d1b-9f77-a56647888abc', 'CARTON 6 BT EDV 1L 3 KIRSCH HORS IG 1L 45% W 45,0', '52592', 16.15, 'Bouteille', 0.2, 'import_2026', true);
INSERT INTO appro_catalogue (id, nom, nom_recherche, categorie, unite, actif) VALUES ('63d5d198-91d9-4f78-ae3a-8712f24ac1ea', 'CARTON 6 BT EDV 1L 1 KIRSCH HORS IG 1L 45% W 45,0', 'carton 6 bt edv 1l 1 kirsch hors ig 1l 45 w 45 0', 'Boisson alcoolisée', 'Bouteille', true);
INSERT INTO appro_prix (id, article_id, fournisseur_id, designation, reference_fournisseur, pu_ht, unite, taux_tva, source, actif) VALUES ('ec4c1e9c-9717-4af0-bc91-c3fa74ecc58f', '63d5d198-91d9-4f78-ae3a-8712f24ac1ea', '2b28ab5a-0091-4d1b-9f77-a56647888abc', 'CARTON 6 BT EDV 1L 1 KIRSCH HORS IG 1L 45% W 45,0', '52592', 16.15, 'Bouteille', 0.2, 'import_2026', true);
INSERT INTO appro_catalogue (id, nom, nom_recherche, categorie, unite, actif) VALUES ('02dd4c9e-11ba-4628-b304-134029fbb7c9', 'AROME MAGGI 1L', 'arome maggi 1l', 'Alimentaire', 'pce', true);
INSERT INTO appro_prix (id, article_id, fournisseur_id, designation, reference_fournisseur, pu_ht, unite, taux_tva, source, actif) VALUES ('30932ac6-335d-460f-8b17-a376b01d3b59', '02dd4c9e-11ba-4628-b304-134029fbb7c9', 'cf4d1399-a4c8-422f-ae11-c9e5a97f733a', 'AROME MAGGI 1L', 'A00746', 6.02, 'pce', 0.055, 'import_2026', true);
INSERT INTO appro_catalogue (id, nom, nom_recherche, categorie, unite, actif) VALUES ('f4c8d91d-0acf-4cd4-9438-7160ffb8bf07', 'LISBETH BLEUE 0,50 L - PET', 'lisbeth bleue 0 50 l pet', 'Boisson sans alcool', 'pce', true);
INSERT INTO appro_prix (id, article_id, fournisseur_id, designation, reference_fournisseur, pu_ht, unite, taux_tva, source, actif) VALUES ('2fd31822-a327-437a-a88f-1bb524516665', 'f4c8d91d-0acf-4cd4-9438-7160ffb8bf07', '3ef9d8c3-4455-420e-a3f9-0074777761e5', 'LISBETH BLEUE 0,50 L - PET', '1993', 0.5, 'pce', 0.055, 'import_2026', true);
INSERT INTO appro_catalogue (id, nom, nom_recherche, categorie, unite, actif) VALUES ('5fb746dc-2733-43ea-9558-934497d3e61d', 'PERRIER 0,33 L - VC', 'perrier 0 33 l vc', 'Boisson sans alcool', 'pce', true);
INSERT INTO appro_prix (id, article_id, fournisseur_id, designation, reference_fournisseur, pu_ht, unite, taux_tva, source, actif) VALUES ('ecdfb226-4c1d-450e-b721-8e0229feb1af', '5fb746dc-2733-43ea-9558-934497d3e61d', '3ef9d8c3-4455-420e-a3f9-0074777761e5', 'PERRIER 0,33 L - VC', '22', 0.99, 'pce', 0.055, 'import_2026', true);
INSERT INTO appro_catalogue (id, nom, nom_recherche, categorie, unite, actif) VALUES ('449bdbe8-d626-4352-9a41-8b569e651809', 'CREME UHT 35% 1L RAMLI', 'creme uht 35 1l ramli', 'Alimentaire', 'pce', true);
INSERT INTO appro_prix (id, article_id, fournisseur_id, designation, reference_fournisseur, pu_ht, unite, taux_tva, source, actif) VALUES ('b8338c46-5e40-4fb6-bb2d-dda9cce300d1', '449bdbe8-d626-4352-9a41-8b569e651809', 'cf4d1399-a4c8-422f-ae11-c9e5a97f733a', 'CREME UHT 35% 1L RAMLI', '15212', 3.95, 'pce', 0.055, 'import_2026', true);
INSERT INTO appro_catalogue (id, nom, nom_recherche, categorie, unite, actif) VALUES ('23092389-ea9d-4dce-bef3-17be4d02ae1a', 'TOM.CERISE GRAPPE NL 3KG I AREZZO', 'tom cerise grappe nl 3kg i arezzo', 'Fruits & Légumes', 'kg', true);
INSERT INTO appro_prix (id, article_id, fournisseur_id, designation, reference_fournisseur, pu_ht, unite, taux_tva, source, actif) VALUES ('edc36153-f321-472c-9fd3-4955de643d62', '23092389-ea9d-4dce-bef3-17be4d02ae1a', '21fbe47e-0b13-40b5-984f-673cb012149f', 'TOM.CERISE GRAPPE NL 3KG I AREZZO', 'NL', 15.75, 'kg', 0.055, 'import_2026', true);
INSERT INTO appro_catalogue (id, nom, nom_recherche, categorie, unite, actif) VALUES ('041f17b0-e685-4453-9623-5bb53c28e6f9', 'POIREAU HVE3 ALS BTE 1KG I X10', 'poireau hve3 als bte 1kg i x10', 'Fruits & Légumes', 'pce', true);
INSERT INTO appro_prix (id, article_id, fournisseur_id, designation, reference_fournisseur, pu_ht, unite, taux_tva, source, actif) VALUES ('7b89d18c-c67a-49fe-95b8-be13107d2827', '041f17b0-e685-4453-9623-5bb53c28e6f9', '21fbe47e-0b13-40b5-984f-673cb012149f', 'POIREAU HVE3 ALS BTE 1KG I X10', 'FR', 17.92, 'pce', 0.055, 'import_2026', true);
INSERT INTO appro_catalogue (id, nom, nom_recherche, categorie, unite, actif) VALUES ('0c31df6b-45d6-456b-84db-728b1ef5f0d8', 'SL FEUI.CHE.BLO HVE3 FR I X12', 'sl feui che blo hve3 fr i x12', 'Fruits & Légumes', 'pce', true);
INSERT INTO appro_prix (id, article_id, fournisseur_id, designation, reference_fournisseur, pu_ht, unite, taux_tva, source, actif) VALUES ('ab4653b6-cc29-497e-882e-6e44851549f3', '0c31df6b-45d6-456b-84db-728b1ef5f0d8', '21fbe47e-0b13-40b5-984f-673cb012149f', 'SL FEUI.CHE.BLO HVE3 FR I X12', 'FR', 13.29, 'pce', 0.055, 'import_2026', true);
INSERT INTO appro_catalogue (id, nom, nom_recherche, categorie, unite, actif) VALUES ('31466465-06d5-440d-ad9e-49ebd88eabab', 'ORANGE NAVEL LATE ZA 4 I MADEMOISE', 'orange navel late za 4 i mademoise', 'Fruits & Légumes', 'kg', true);
INSERT INTO appro_prix (id, article_id, fournisseur_id, designation, reference_fournisseur, pu_ht, unite, taux_tva, source, actif) VALUES ('addae982-c7fa-4db6-a6e9-c646a1e34e05', '31466465-06d5-440d-ad9e-49ebd88eabab', '21fbe47e-0b13-40b5-984f-673cb012149f', 'ORANGE NAVEL LATE ZA 4 I MADEMOISE', 'ZA', 31.25, 'kg', 0.055, 'import_2026', true);
INSERT INTO appro_catalogue (id, nom, nom_recherche, categorie, unite, actif) VALUES ('562b49f6-df64-469b-8d70-49ff2b3e8200', 'BOBINE THERM CAISSE 80X80X12 X3 RLX', 'bobine therm caisse 80x80x12 x3 rlx', 'Entretien/Hygiène', 'pce', true);
INSERT INTO appro_prix (id, article_id, fournisseur_id, designation, reference_fournisseur, pu_ht, unite, taux_tva, source, actif) VALUES ('80c3aed1-dc36-46b3-b822-ca9d7a92f63c', '562b49f6-df64-469b-8d70-49ff2b3e8200', 'cf4d1399-a4c8-422f-ae11-c9e5a97f733a', 'BOBINE THERM CAISSE 80X80X12 X3 RLX', 'A01084', 5.78, 'pce', 0.2, 'import_2026', true);
INSERT INTO appro_catalogue (id, nom, nom_recherche, categorie, unite, actif) VALUES ('fa621865-4155-49d1-b88b-380a172e3851', 'PNOIR WOLFBERGER BIO TRAD 23 12,5 CRD', 'pnoir wolfberger bio trad 23 12 5 crd', 'Boisson alcoolisée', 'Bouteille', true);
INSERT INTO appro_prix (id, article_id, fournisseur_id, designation, reference_fournisseur, pu_ht, unite, taux_tva, source, actif) VALUES ('cfce6175-a0d4-40c4-bf4e-b0b49c05bde4', 'fa621865-4155-49d1-b88b-380a172e3851', '2b28ab5a-0091-4d1b-9f77-a56647888abc', 'PNOIR WOLFBERGER BIO TRAD 23 12,5 CRD', '50417', 7.69, 'Bouteille', 0.2, 'import_2026', true);
INSERT INTO appro_catalogue (id, nom, nom_recherche, categorie, unite, actif) VALUES ('f9b2fc2f-03b6-446b-a38f-f7056c11b797', 'NAPPAGE BLOND 1KG', 'nappage blond 1kg', 'Alimentaire', 'pce', true);
INSERT INTO appro_prix (id, article_id, fournisseur_id, designation, reference_fournisseur, pu_ht, unite, taux_tva, source, actif) VALUES ('799395d6-1ed3-4ed7-8bad-402de36313d9', 'f9b2fc2f-03b6-446b-a38f-f7056c11b797', 'cf4d1399-a4c8-422f-ae11-c9e5a97f733a', 'NAPPAGE BLOND 1KG', 'A00700', 6.41, 'pce', 0.055, 'import_2026', true);
INSERT INTO appro_catalogue (id, nom, nom_recherche, categorie, unite, actif) VALUES ('b81915c4-2ae6-45ba-8f8e-b131ae3c68bd', 'FILET DE SAUMON TRIM D QUALITE B (Salmo Salar)', 'filet de saumon trim d qualite b salmo salar', 'Viande & charcuterie', 'kg', true);
INSERT INTO appro_prix (id, article_id, fournisseur_id, designation, reference_fournisseur, pu_ht, unite, taux_tva, source, actif) VALUES ('fa283213-8d99-46ab-9e97-e61db12776be', 'b81915c4-2ae6-45ba-8f8e-b131ae3c68bd', 'b0a1a51e-0ec8-4eae-8bbe-a922649465e7', 'FILET DE SAUMON TRIM D QUALITE B (Salmo Salar)', '271285', 14.95, 'kg', 0.055, 'import_2026', true);
INSERT INTO appro_catalogue (id, nom, nom_recherche, categorie, unite, actif) VALUES ('5145d577-3d8f-432e-a2f4-9eccbb0b7303', 'KOUGELHOPF Sucré', 'kougelhopf sucre', 'Pâtisserie', 'pce', true);
INSERT INTO appro_prix (id, article_id, fournisseur_id, designation, reference_fournisseur, pu_ht, unite, taux_tva, source, actif) VALUES ('b2cf6f8f-76da-4011-bcf0-c4f9f9e03617', '5145d577-3d8f-432e-a2f4-9eccbb0b7303', 'e6217bfa-cc2c-4b7b-9f68-af53dfe20479', 'KOUGELHOPF Sucré', 'REST007', 8.9, 'pce', 0.055, 'import_2026', true);
INSERT INTO appro_catalogue (id, nom, nom_recherche, categorie, unite, actif) VALUES ('c617eb9e-1996-4e9f-ba32-161d438647fa', '1KG FARINE DE BLE T55 NO NAME', '1kg farine de ble t55 no name', 'Alimentaire', 'pce', true);
INSERT INTO appro_prix (id, article_id, fournisseur_id, designation, reference_fournisseur, pu_ht, unite, taux_tva, source, actif) VALUES ('4c47dcb9-9408-43ed-b7ec-1b0303ec606d', 'c617eb9e-1996-4e9f-ba32-161d438647fa', 'ba2f7076-33c2-4ce9-ad90-5778e30c29d3', '1KG FARINE DE BLE T55 NO NAME', '385260', 0.68, 'pce', 0.055, 'import_2026', true);
INSERT INTO appro_catalogue (id, nom, nom_recherche, categorie, unite, actif) VALUES ('66823c9b-b766-4648-b3c1-426d3446b7a8', '500G BEURRE DEMI-SEL GASTRONOM', '500g beurre demi sel gastronom', 'Alimentaire', 'pce', true);
INSERT INTO appro_prix (id, article_id, fournisseur_id, designation, reference_fournisseur, pu_ht, unite, taux_tva, source, actif) VALUES ('a65ed064-6a22-416a-8108-26c5d5c2d668', '66823c9b-b766-4648-b3c1-426d3446b7a8', 'ba2f7076-33c2-4ce9-ad90-5778e30c29d3', '500G BEURRE DEMI-SEL GASTRONOM', '312860', 5.54, 'pce', 0.055, 'import_2026', true);
INSERT INTO appro_catalogue (id, nom, nom_recherche, categorie, unite, actif) VALUES ('1534f7c7-f120-4cee-aa61-d3662643bb85', 'PAP TOILETTE PP X12', 'pap toilette pp x12', 'Entretien/Hygiène', 'pce', true);
INSERT INTO appro_prix (id, article_id, fournisseur_id, designation, reference_fournisseur, pu_ht, unite, taux_tva, source, actif) VALUES ('f2b5980e-95d4-4e51-8888-e0bc2081d317', '1534f7c7-f120-4cee-aa61-d3662643bb85', 'cf4d1399-a4c8-422f-ae11-c9e5a97f733a', 'PAP TOILETTE PP X12', '126075', 3.99, 'pce', 0.2, 'import_2026', true);
INSERT INTO appro_catalogue (id, nom, nom_recherche, categorie, unite, actif) VALUES ('2c7754b5-afee-4594-93e8-b72a8a44599d', 'CAROTTE ALL BOQ 1KG I X12', 'carotte all boq 1kg i x12', 'Fruits & Légumes', 'pce', true);
INSERT INTO appro_prix (id, article_id, fournisseur_id, designation, reference_fournisseur, pu_ht, unite, taux_tva, source, actif) VALUES ('6a65e284-f2b4-4b3a-bbd2-d2e35addddff', '2c7754b5-afee-4594-93e8-b72a8a44599d', '21fbe47e-0b13-40b5-984f-673cb012149f', 'CAROTTE ALL BOQ 1KG I X12', 'DE', 16.94, 'pce', 0.055, 'import_2026', true);
INSERT INTO appro_catalogue (id, nom, nom_recherche, categorie, unite, actif) VALUES ('9d8fc541-71c3-4b11-a708-59fefcc019a9', 'SL FEUI.CHE.RGE ALS I X12', 'sl feui che rge als i x12', 'Fruits & Légumes', 'pce', true);
INSERT INTO appro_prix (id, article_id, fournisseur_id, designation, reference_fournisseur, pu_ht, unite, taux_tva, source, actif) VALUES ('c98df90d-1ea0-4993-841f-9d8c2a3be4eb', '9d8fc541-71c3-4b11-a708-59fefcc019a9', '21fbe47e-0b13-40b5-984f-673cb012149f', 'SL FEUI.CHE.RGE ALS I X12', 'FR', 14.5, 'pce', 0.055, 'import_2026', true);
INSERT INTO appro_catalogue (id, nom, nom_recherche, categorie, unite, actif) VALUES ('2ff1c5ab-5d2e-46a3-8cde-528fa02572a4', 'BOUILLON DE VOLAILLE 1000GRS', 'bouillon de volaille 1000grs', 'Alimentaire', 'pce', true);
INSERT INTO appro_prix (id, article_id, fournisseur_id, designation, reference_fournisseur, pu_ht, unite, taux_tva, source, actif) VALUES ('9d183815-936e-4a4c-a771-49598dfc2c82', '2ff1c5ab-5d2e-46a3-8cde-528fa02572a4', 'cf4d1399-a4c8-422f-ae11-c9e5a97f733a', 'BOUILLON DE VOLAILLE 1000GRS', 'A00556', 10.7, 'pce', 0.055, 'import_2026', true);
INSERT INTO appro_catalogue (id, nom, nom_recherche, categorie, unite, actif) VALUES ('25df4a15-dd8a-4dfa-9ecc-487df8cf1f5d', 'VG CHOUCROUTE CRUE ALS SEAU1OK', 'vg choucroute crue als seau1ok', 'Fruits & Légumes', 'kg', true);
INSERT INTO appro_prix (id, article_id, fournisseur_id, designation, reference_fournisseur, pu_ht, unite, taux_tva, source, actif) VALUES ('8b493605-248e-4d2e-b2d9-f2eff3ce136f', '25df4a15-dd8a-4dfa-9ecc-487df8cf1f5d', '21fbe47e-0b13-40b5-984f-673cb012149f', 'VG CHOUCROUTE CRUE ALS SEAU1OK', 'FR', 14.0, 'kg', 0.055, 'import_2026', true);
INSERT INTO appro_catalogue (id, nom, nom_recherche, categorie, unite, actif) VALUES ('00add2db-affd-4f76-829e-fb225952bab0', 'CARTON 6 BT EDV 1L 2 AMER FDB AUTHENTIQUE 15%1LW 15,0', 'carton 6 bt edv 1l 2 amer fdb authentique 15 1lw 15 0', 'Boisson alcoolisée', 'Bouteille', true);
INSERT INTO appro_prix (id, article_id, fournisseur_id, designation, reference_fournisseur, pu_ht, unite, taux_tva, source, actif) VALUES ('36a56908-c1ab-4605-ae79-4fd46d27bb2d', '00add2db-affd-4f76-829e-fb225952bab0', '2b28ab5a-0091-4d1b-9f77-a56647888abc', 'CARTON 6 BT EDV 1L 2 AMER FDB AUTHENTIQUE 15%1LW 15,0', '41710', 10.45, 'Bouteille', 0.2, 'import_2026', true);
INSERT INTO appro_catalogue (id, nom, nom_recherche, categorie, unite, actif) VALUES ('7f3683bb-ba4f-49f5-a270-c433497618db', 'VIN ROUGE BIB 10L', 'vin rouge bib 10l', 'Entretien/Hygiène', 'pce', true);
INSERT INTO appro_prix (id, article_id, fournisseur_id, designation, reference_fournisseur, pu_ht, unite, taux_tva, source, actif) VALUES ('f1f5e554-46a4-4371-8396-e0ecd26188aa', '7f3683bb-ba4f-49f5-a270-c433497618db', 'cf4d1399-a4c8-422f-ae11-c9e5a97f733a', 'VIN ROUGE BIB 10L', 'A01117', 13.8, 'pce', 0.2, 'import_2026', true);
INSERT INTO appro_catalogue (id, nom, nom_recherche, categorie, unite, actif) VALUES ('ab6d3613-ac05-4f91-b965-b9a13ab4a5bf', 'LIQUIDE PLONGE MANUELLE 1L', 'liquide plonge manuelle 1l', 'Entretien/Hygiène', 'pce', true);
INSERT INTO appro_prix (id, article_id, fournisseur_id, designation, reference_fournisseur, pu_ht, unite, taux_tva, source, actif) VALUES ('6a01b1bc-fee4-4b4e-a6c8-bab211a7b285', 'ab6d3613-ac05-4f91-b965-b9a13ab4a5bf', 'cf4d1399-a4c8-422f-ae11-c9e5a97f733a', 'LIQUIDE PLONGE MANUELLE 1L', '507482', 1.64, 'pce', 0.2, 'import_2026', true);
INSERT INTO appro_catalogue (id, nom, nom_recherche, categorie, unite, actif) VALUES ('6ed6fdc2-b482-4061-919c-4158dd1b3c42', '25 SACS POUB STAND 160L PMC', '25 sacs poub stand 160l pmc', 'Entretien/Hygiène', 'pce', true);
INSERT INTO appro_prix (id, article_id, fournisseur_id, designation, reference_fournisseur, pu_ht, unite, taux_tva, source, actif) VALUES ('a885db67-669b-41de-b014-8c271b9202b1', '6ed6fdc2-b482-4061-919c-4158dd1b3c42', 'ba2f7076-33c2-4ce9-ad90-5778e30c29d3', '25 SACS POUB STAND 160L PMC', '061260', 8.19, 'pce', 0.2, 'import_2026', true);
INSERT INTO appro_catalogue (id, nom, nom_recherche, categorie, unite, actif) VALUES ('67aba67f-21d8-4c45-aeda-6c42bd21a14e', 'PRUNE B.CACAKS HVE3 ALS 30-34 6KG I', 'prune b cacaks hve3 als 30 34 6kg i', 'Fruits & Légumes', 'kg', true);
INSERT INTO appro_prix (id, article_id, fournisseur_id, designation, reference_fournisseur, pu_ht, unite, taux_tva, source, actif) VALUES ('194643fc-f022-46ee-b142-1167e6eca7d3', '67aba67f-21d8-4c45-aeda-6c42bd21a14e', '21fbe47e-0b13-40b5-984f-673cb012149f', 'PRUNE B.CACAKS HVE3 ALS 30-34 6KG I', 'FR', 14.42, 'kg', 0.055, 'import_2026', true);
INSERT INTO appro_catalogue (id, nom, nom_recherche, categorie, unite, actif) VALUES ('71043551-7439-4a04-8746-c027bb9605d6', 'COPEAUX CHOCOLAT NOIR 1KG', 'copeaux chocolat noir 1kg', 'Alimentaire', 'pce', true);
INSERT INTO appro_prix (id, article_id, fournisseur_id, designation, reference_fournisseur, pu_ht, unite, taux_tva, source, actif) VALUES ('88fe7158-dd25-4265-a46d-231bf14e02da', '71043551-7439-4a04-8746-c027bb9605d6', 'cf4d1399-a4c8-422f-ae11-c9e5a97f733a', 'COPEAUX CHOCOLAT NOIR 1KG', 'A01381', 20.3, 'pce', 0.055, 'import_2026', true);
INSERT INTO appro_catalogue (id, nom, nom_recherche, categorie, unite, actif) VALUES ('fd7eba7c-410f-451b-ad85-11ee6cd11bd1', 'CH CHAMPIGNON P.C NL M 3kKG I', 'ch champignon p c nl m 3kkg i', 'Fruits & Légumes', 'kg', true);
INSERT INTO appro_prix (id, article_id, fournisseur_id, designation, reference_fournisseur, pu_ht, unite, taux_tva, source, actif) VALUES ('481af8f3-85b8-4c9e-a2c6-06018161012b', 'fd7eba7c-410f-451b-ad85-11ee6cd11bd1', '21fbe47e-0b13-40b5-984f-673cb012149f', 'CH CHAMPIGNON P.C NL M 3kKG I', 'NL', 13.5, 'kg', 0.055, 'import_2026', true);
INSERT INTO appro_catalogue (id, nom, nom_recherche, categorie, unite, actif) VALUES ('fc126838-bed1-44e5-83de-976a2e5f20a4', 'POIREAU HVE3 ALS 10KG I', 'poireau hve3 als 10kg i', 'Fruits & Légumes', 'kg', true);
INSERT INTO appro_prix (id, article_id, fournisseur_id, designation, reference_fournisseur, pu_ht, unite, taux_tva, source, actif) VALUES ('3491bbd2-ae21-4fd6-b546-222b32f8ab4e', 'fc126838-bed1-44e5-83de-976a2e5f20a4', '21fbe47e-0b13-40b5-984f-673cb012149f', 'POIREAU HVE3 ALS 10KG I', 'FR', 14.64, 'kg', 0.055, 'import_2026', true);
INSERT INTO appro_catalogue (id, nom, nom_recherche, categorie, unite, actif) VALUES ('95923fc4-7c2c-455e-b16f-f38f81b88c63', 'QUETSCH IG WOLFBERGER 1874 45,0', 'quetsch ig wolfberger 1874 45 0', 'Boisson alcoolisée', 'Bouteille', true);
INSERT INTO appro_prix (id, article_id, fournisseur_id, designation, reference_fournisseur, pu_ht, unite, taux_tva, source, actif) VALUES ('2ee63594-4562-49b8-b68b-29871772c65c', '95923fc4-7c2c-455e-b16f-f38f81b88c63', '2b28ab5a-0091-4d1b-9f77-a56647888abc', 'QUETSCH IG WOLFBERGER 1874 45,0', '54467', 20.04, 'Bouteille', 0.2, 'import_2026', true);
INSERT INTO appro_catalogue (id, nom, nom_recherche, categorie, unite, actif) VALUES ('3fa0af24-f9a0-4883-8c51-724fef1702c8', 'SL FEUI.CHE.BLO ALS I X12', 'sl feui che blo als i x12', 'Fruits & Légumes', 'pce', true);
INSERT INTO appro_prix (id, article_id, fournisseur_id, designation, reference_fournisseur, pu_ht, unite, taux_tva, source, actif) VALUES ('285b9e22-791c-4083-a3d1-4ca872159c55', '3fa0af24-f9a0-4883-8c51-724fef1702c8', '21fbe47e-0b13-40b5-984f-673cb012149f', 'SL FEUI.CHE.BLO ALS I X12', 'FR', 13.2, 'pce', 0.055, 'import_2026', true);
INSERT INTO appro_catalogue (id, nom, nom_recherche, categorie, unite, actif) VALUES ('1570c1f9-9321-4011-90d5-9009007865bc', 'PAPIER CUISSON 25MX38CM MARRON', 'papier cuisson 25mx38cm marron', 'Entretien/Hygiène', 'pce', true);
INSERT INTO appro_prix (id, article_id, fournisseur_id, designation, reference_fournisseur, pu_ht, unite, taux_tva, source, actif) VALUES ('f02a2ed0-5c60-4cc2-a04a-e492ab891671', '1570c1f9-9321-4011-90d5-9009007865bc', 'cf4d1399-a4c8-422f-ae11-c9e5a97f733a', 'PAPIER CUISSON 25MX38CM MARRON', '14152', 2.99, 'pce', 0.2, 'import_2026', true);
INSERT INTO appro_catalogue (id, nom, nom_recherche, categorie, unite, actif) VALUES ('06bc3cb6-3653-4b42-92a5-af0dedd17efd', 'NETTOYANT DEGRAISSANT ECO 750ML', 'nettoyant degraissant eco 750ml', 'Entretien/Hygiène', 'pce', true);
INSERT INTO appro_prix (id, article_id, fournisseur_id, designation, reference_fournisseur, pu_ht, unite, taux_tva, source, actif) VALUES ('f1ee68b2-2182-4700-a617-addd43449590', '06bc3cb6-3653-4b42-92a5-af0dedd17efd', 'cf4d1399-a4c8-422f-ae11-c9e5a97f733a', 'NETTOYANT DEGRAISSANT ECO 750ML', '255867', 3.87, 'pce', 0.2, 'import_2026', true);
INSERT INTO appro_catalogue (id, nom, nom_recherche, categorie, unite, actif) VALUES ('b8d28385-5f91-4252-bc63-1d581501a13a', 'CUMIN GRAIN 1KG', 'cumin grain 1kg', 'Alimentaire', 'pce', true);
INSERT INTO appro_prix (id, article_id, fournisseur_id, designation, reference_fournisseur, pu_ht, unite, taux_tva, source, actif) VALUES ('33ea0154-b225-43c7-89c5-38798325c2e1', 'b8d28385-5f91-4252-bc63-1d581501a13a', 'cf4d1399-a4c8-422f-ae11-c9e5a97f733a', 'CUMIN GRAIN 1KG', 'A01054', 19.33, 'pce', 0.055, 'import_2026', true);
INSERT INTO appro_catalogue (id, nom, nom_recherche, categorie, unite, actif) VALUES ('56144eec-6638-4e5a-894b-5367582e8de4', 'CARTON 6 BT EDV 1L 2 RHUM GRAND PARFUM 1L 45% W 45,0', 'carton 6 bt edv 1l 2 rhum grand parfum 1l 45 w 45 0', 'Boisson alcoolisée', 'Bouteille', true);
INSERT INTO appro_prix (id, article_id, fournisseur_id, designation, reference_fournisseur, pu_ht, unite, taux_tva, source, actif) VALUES ('b49040b5-f260-44d5-a606-d2b41ec110e1', '56144eec-6638-4e5a-894b-5367582e8de4', '2b28ab5a-0091-4d1b-9f77-a56647888abc', 'CARTON 6 BT EDV 1L 2 RHUM GRAND PARFUM 1L 45% W 45,0', '6515', 9.65, 'Bouteille', 0.2, 'import_2026', true);
INSERT INTO appro_catalogue (id, nom, nom_recherche, categorie, unite, actif) VALUES ('f68b905f-c614-4d9b-b800-992d79e01a09', 'BOUILLON LEGUME BIO 1200GRS', 'bouillon legume bio 1200grs', 'Alimentaire', 'pce', true);
INSERT INTO appro_prix (id, article_id, fournisseur_id, designation, reference_fournisseur, pu_ht, unite, taux_tva, source, actif) VALUES ('d359ce06-2f8d-407a-8894-45ea61d1ce38', 'f68b905f-c614-4d9b-b800-992d79e01a09', 'cf4d1399-a4c8-422f-ae11-c9e5a97f733a', 'BOUILLON LEGUME BIO 1200GRS', 'A00627', 19.11, 'pce', 0.055, 'import_2026', true);
INSERT INTO appro_catalogue (id, nom, nom_recherche, categorie, unite, actif) VALUES ('ee53dddf-80f7-43be-be38-6bce12db9789', 'SUCRE SEMOULE SACHET 1KG', 'sucre semoule sachet 1kg', 'Alimentaire', 'pce', true);
INSERT INTO appro_prix (id, article_id, fournisseur_id, designation, reference_fournisseur, pu_ht, unite, taux_tva, source, actif) VALUES ('de5e0ea5-c21c-454b-b499-882b5feb01e1', 'ee53dddf-80f7-43be-be38-6bce12db9789', 'cf4d1399-a4c8-422f-ae11-c9e5a97f733a', 'SUCRE SEMOULE SACHET 1KG', 'A00212', 1.25, 'pce', 0.055, 'import_2026', true);
INSERT INTO appro_catalogue (id, nom, nom_recherche, categorie, unite, actif) VALUES ('ce26c817-e25b-4e7c-bc49-eb4de192ba80', 'ESSUIE MAIN BLC ECO X2', 'essuie main blc eco x2', 'Entretien/Hygiène', 'pce', true);
INSERT INTO appro_prix (id, article_id, fournisseur_id, designation, reference_fournisseur, pu_ht, unite, taux_tva, source, actif) VALUES ('c093e365-d2d6-4ae1-97b1-4bff2b9dfc57', 'ce26c817-e25b-4e7c-bc49-eb4de192ba80', 'cf4d1399-a4c8-422f-ae11-c9e5a97f733a', 'ESSUIE MAIN BLC ECO X2', '473018', 1.5, 'pce', 0.2, 'import_2026', true);
INSERT INTO appro_catalogue (id, nom, nom_recherche, categorie, unite, actif) VALUES ('a9f0a26e-76c7-4eb0-a1f5-99ba6e601579', '4/4 10DZS ESCARG.BOURG.EN CUIS', '4 4 10dzs escarg bourg en cuis', 'Alimentaire', 'pce', true);
INSERT INTO appro_prix (id, article_id, fournisseur_id, designation, reference_fournisseur, pu_ht, unite, taux_tva, source, actif) VALUES ('74671d6a-32a5-4270-91ad-535afbef0562', 'a9f0a26e-76c7-4eb0-a1f5-99ba6e601579', 'ba2f7076-33c2-4ce9-ad90-5778e30c29d3', '4/4 10DZS ESCARG.BOURG.EN CUIS', '216477', 18.57, 'pce', 0.055, 'import_2026', true);
INSERT INTO appro_catalogue (id, nom, nom_recherche, categorie, unite, actif) VALUES ('7a36996d-ace8-453a-8e52-64aeb5eb426f', 'CARTON 6 BT EDV 1L 3 NEO SPRITZ HUGO FLEUR SUREAU 15,0', 'carton 6 bt edv 1l 3 neo spritz hugo fleur sureau 15 0', 'Boisson alcoolisée', 'Bouteille', true);
INSERT INTO appro_prix (id, article_id, fournisseur_id, designation, reference_fournisseur, pu_ht, unite, taux_tva, source, actif) VALUES ('8a61908b-f051-4649-82f4-caa71faf5ac2', '7a36996d-ace8-453a-8e52-64aeb5eb426f', '2b28ab5a-0091-4d1b-9f77-a56647888abc', 'CARTON 6 BT EDV 1L 3 NEO SPRITZ HUGO FLEUR SUREAU 15,0', '49459', 12.35, 'Bouteille', 0.2, 'import_2026', true);
INSERT INTO appro_catalogue (id, nom, nom_recherche, categorie, unite, actif) VALUES ('d689533e-61be-4671-a992-78c3c2c215e9', 'CH CHAMPIGNON P.C POLOG BF500G I X8', 'ch champignon p c polog bf500g i x8', 'Fruits & Légumes', 'pce', true);
INSERT INTO appro_prix (id, article_id, fournisseur_id, designation, reference_fournisseur, pu_ht, unite, taux_tva, source, actif) VALUES ('a8486570-ebca-4306-8b1e-9a3f66dad8e6', 'd689533e-61be-4671-a992-78c3c2c215e9', '21fbe47e-0b13-40b5-984f-673cb012149f', 'CH CHAMPIGNON P.C POLOG BF500G I X8', 'PL', 20.97, 'pce', 0.055, 'import_2026', true);
INSERT INTO appro_catalogue (id, nom, nom_recherche, categorie, unite, actif) VALUES ('a0af6d87-4d48-4889-a493-a79a43adc286', 'BAIE GENIEVRE BTE 1L', 'baie genievre bte 1l', 'Alimentaire', 'pce', true);
INSERT INTO appro_prix (id, article_id, fournisseur_id, designation, reference_fournisseur, pu_ht, unite, taux_tva, source, actif) VALUES ('d9ca8941-ac90-4109-8e25-80b52b3f30ae', 'a0af6d87-4d48-4889-a493-a79a43adc286', 'cf4d1399-a4c8-422f-ae11-c9e5a97f733a', 'BAIE GENIEVRE BTE 1L', 'A00437', 9.17, 'pce', 0.055, 'import_2026', true);
INSERT INTO appro_catalogue (id, nom, nom_recherche, categorie, unite, actif) VALUES ('3ca140d2-83f8-4a88-a383-ac9f02e7b2a2', 'VG BETTE.RGE.CUITE EPL.ENT. FR SACH500G', 'vg bette rge cuite epl ent fr sach500g', 'Fruits & Légumes', 'pce', true);
INSERT INTO appro_prix (id, article_id, fournisseur_id, designation, reference_fournisseur, pu_ht, unite, taux_tva, source, actif) VALUES ('d4502fcc-a4d5-4bfd-8e19-157ed85ba340', '3ca140d2-83f8-4a88-a383-ac9f02e7b2a2', '21fbe47e-0b13-40b5-984f-673cb012149f', 'VG BETTE.RGE.CUITE EPL.ENT. FR SACH500G', 'FR', 12.85, 'pce', 0.055, 'import_2026', true);
INSERT INTO appro_catalogue (id, nom, nom_recherche, categorie, unite, actif) VALUES ('b8d781bd-9690-405c-b059-64b0b2e6e494', 'CANNELLE MOULUE BTE 1L', 'cannelle moulue bte 1l', 'Alimentaire', 'pce', true);
INSERT INTO appro_prix (id, article_id, fournisseur_id, designation, reference_fournisseur, pu_ht, unite, taux_tva, source, actif) VALUES ('7b8fdd50-aafe-4ac9-ac76-1d8830817485', 'b8d781bd-9690-405c-b059-64b0b2e6e494', 'cf4d1399-a4c8-422f-ae11-c9e5a97f733a', 'CANNELLE MOULUE BTE 1L', 'A00429', 9.08, 'pce', 0.055, 'import_2026', true);
INSERT INTO appro_catalogue (id, nom, nom_recherche, categorie, unite, actif) VALUES ('54bb516e-e7b3-40fd-b8a4-bc7a17703f99', 'PULCO CITRON 0,70 L - VP', 'pulco citron 0 70 l vp', 'Boisson sans alcool', 'pce', true);
INSERT INTO appro_prix (id, article_id, fournisseur_id, designation, reference_fournisseur, pu_ht, unite, taux_tva, source, actif) VALUES ('5b2ea938-9c5b-4815-a42e-387d1131babc', '54bb516e-e7b3-40fd-b8a4-bc7a17703f99', '3ef9d8c3-4455-420e-a3f9-0074777761e5', 'PULCO CITRON 0,70 L - VP', '3350', 3.85, 'pce', 0.055, 'import_2026', true);
INSERT INTO appro_catalogue (id, nom, nom_recherche, categorie, unite, actif) VALUES ('a4228daa-9a53-422f-a52c-9294cac949cd', 'ELSASS COLA 0,33 L - VC', 'elsass cola 0 33 l vc', 'Boisson sans alcool', 'pce', true);
INSERT INTO appro_prix (id, article_id, fournisseur_id, designation, reference_fournisseur, pu_ht, unite, taux_tva, source, actif) VALUES ('0ed94238-d446-4342-9792-40c4255374fe', 'a4228daa-9a53-422f-a52c-9294cac949cd', '3ef9d8c3-4455-420e-a3f9-0074777761e5', 'ELSASS COLA 0,33 L - VC', '2042', 0.72, 'pce', 0.055, 'import_2026', true);
INSERT INTO appro_catalogue (id, nom, nom_recherche, categorie, unite, actif) VALUES ('4fa29ec9-ca83-46f9-8d93-36aaadd9da7c', 'CAROTTE HVE3 ALS M SAC5K I', 'carotte hve3 als m sac5k i', 'Fruits & Légumes', 'kg', true);
INSERT INTO appro_prix (id, article_id, fournisseur_id, designation, reference_fournisseur, pu_ht, unite, taux_tva, source, actif) VALUES ('c9575ec6-89fc-47be-a578-5b9df3cd34f8', '4fa29ec9-ca83-46f9-8d93-36aaadd9da7c', '21fbe47e-0b13-40b5-984f-673cb012149f', 'CAROTTE HVE3 ALS M SAC5K I', 'FR', 5.75, 'kg', 0.055, 'import_2026', true);
INSERT INTO appro_catalogue (id, nom, nom_recherche, categorie, unite, actif) VALUES ('8def6cef-62e3-4021-aab0-bfc3049fa5d9', 'WHISKY LEHMANN ORIGINE 0,70 L', 'whisky lehmann origine 0 70 l', 'Boisson alcoolisée', 'pce', true);
INSERT INTO appro_prix (id, article_id, fournisseur_id, designation, reference_fournisseur, pu_ht, unite, taux_tva, source, actif) VALUES ('0fba9f7d-d83a-4453-9650-ec5bcd526570', '8def6cef-62e3-4021-aab0-bfc3049fa5d9', '3ef9d8c3-4455-420e-a3f9-0074777761e5', 'WHISKY LEHMANN ORIGINE 0,70 L', '932', 34.41, 'pce', 0.2, 'import_2026', true);
INSERT INTO appro_catalogue (id, nom, nom_recherche, categorie, unite, actif) VALUES ('e8e31b1b-19d3-4729-91ad-d0673b3ef22c', 'OIGNON HVE3 ALS 6/8 SACI10K I', 'oignon hve3 als 6 8 saci10k i', 'Fruits & Légumes', 'kg', true);
INSERT INTO appro_prix (id, article_id, fournisseur_id, designation, reference_fournisseur, pu_ht, unite, taux_tva, source, actif) VALUES ('ea4d85a6-2caa-4f42-969b-0d95c4e923c2', 'e8e31b1b-19d3-4729-91ad-d0673b3ef22c', '21fbe47e-0b13-40b5-984f-673cb012149f', 'OIGNON HVE3 ALS 6/8 SACI10K I', 'FR', 8.5, 'kg', 0.055, 'import_2026', true);
INSERT INTO appro_catalogue (id, nom, nom_recherche, categorie, unite, actif) VALUES ('1924b554-f0b9-41fe-b5b7-93c3240b1da2', 'POIRE CONFERENCE HVE3 ALS 70-75 I PLT 1R', 'poire conference hve3 als 70 75 i plt 1r', 'Fruits & Légumes', 'kg', true);
INSERT INTO appro_prix (id, article_id, fournisseur_id, designation, reference_fournisseur, pu_ht, unite, taux_tva, source, actif) VALUES ('dd00b47c-f636-436a-a9a1-44aed083e59e', '1924b554-f0b9-41fe-b5b7-93c3240b1da2', '21fbe47e-0b13-40b5-984f-673cb012149f', 'POIRE CONFERENCE HVE3 ALS 70-75 I PLT 1R', 'FR', 19.27, 'kg', 0.055, 'import_2026', true);
INSERT INTO appro_catalogue (id, nom, nom_recherche, categorie, unite, actif) VALUES ('88acdfcc-738e-4ff4-877c-8a499c838916', 'POIVRE VERT 4/4', 'poivre vert 4 4', 'Alimentaire', 'pce', true);
INSERT INTO appro_prix (id, article_id, fournisseur_id, designation, reference_fournisseur, pu_ht, unite, taux_tva, source, actif) VALUES ('6d3f974d-d34b-42d1-854c-aa055b8e32de', '88acdfcc-738e-4ff4-877c-8a499c838916', 'cf4d1399-a4c8-422f-ae11-c9e5a97f733a', 'POIVRE VERT 4/4', 'A01152', 8.47, 'pce', 0.055, 'import_2026', true);
INSERT INTO appro_catalogue (id, nom, nom_recherche, categorie, unite, actif) VALUES ('c66e7d15-cd73-4277-8075-e8cf3d01a59d', 'FILET POULET 5KG HALAL ROUMAIN', 'filet poulet 5kg halal roumain', 'Alimentaire', 'pce', true);
INSERT INTO appro_prix (id, article_id, fournisseur_id, designation, reference_fournisseur, pu_ht, unite, taux_tva, source, actif) VALUES ('3e0edbe1-2810-4eb5-a0cf-4bd13949fcba', 'c66e7d15-cd73-4277-8075-e8cf3d01a59d', 'ba2f7076-33c2-4ce9-ad90-5778e30c29d3', 'FILET POULET 5KG HALAL ROUMAIN', '729651', 33.48, 'pce', 0.055, 'import_2026', true);
INSERT INTO appro_catalogue (id, nom, nom_recherche, categorie, unite, actif) VALUES ('068688b2-d149-4e72-a913-fd47a3229af7', 'STABILISATEUR CREMFIX 750GRS', 'stabilisateur cremfix 750grs', 'Alimentaire', 'pce', true);
INSERT INTO appro_prix (id, article_id, fournisseur_id, designation, reference_fournisseur, pu_ht, unite, taux_tva, source, actif) VALUES ('41588a59-46ac-425b-aab5-8aaf7c095e10', '068688b2-d149-4e72-a913-fd47a3229af7', 'cf4d1399-a4c8-422f-ae11-c9e5a97f733a', 'STABILISATEUR CREMFIX 750GRS', 'A01305', 11.12, 'pce', 0.055, 'import_2026', true);
INSERT INTO appro_catalogue (id, nom, nom_recherche, categorie, unite, actif) VALUES ('89faf165-ebd0-4c0e-b1ec-e6c331f30e86', '750ML DEGRAISSANT SOLIGERM', '750ml degraissant soligerm', 'Entretien/Hygiène', 'pce', true);
INSERT INTO appro_prix (id, article_id, fournisseur_id, designation, reference_fournisseur, pu_ht, unite, taux_tva, source, actif) VALUES ('39be6f4e-167f-450f-a42c-0ce6193c0f4a', '89faf165-ebd0-4c0e-b1ec-e6c331f30e86', 'ba2f7076-33c2-4ce9-ad90-5778e30c29d3', '750ML DEGRAISSANT SOLIGERM', '177389', 5.56, 'pce', 0.2, 'import_2026', true);
INSERT INTO appro_catalogue (id, nom, nom_recherche, categorie, unite, actif) VALUES ('a23b5c16-432c-4895-a9ee-0981ec87ac94', 'SL FEKEUI.CHE.BLO HVE3 MIDI I X12', 'sl fekeui che blo hve3 midi i x12', 'Fruits & Légumes', 'pce', true);
INSERT INTO appro_prix (id, article_id, fournisseur_id, designation, reference_fournisseur, pu_ht, unite, taux_tva, source, actif) VALUES ('9e04f756-b6eb-4726-a781-ada7e5127e18', 'a23b5c16-432c-4895-a9ee-0981ec87ac94', '21fbe47e-0b13-40b5-984f-673cb012149f', 'SL FEKEUI.CHE.BLO HVE3 MIDI I X12', 'FR', 10.8, 'pce', 0.055, 'import_2026', true);
INSERT INTO appro_catalogue (id, nom, nom_recherche, categorie, unite, actif) VALUES ('367df24f-4130-4795-8bd3-ba21e9ae71c4', 'POM ROYAL GALA FR 170-200G I PLT 1R', 'pom royal gala fr 170 200g i plt 1r', 'Fruits & Légumes', 'kg', true);
INSERT INTO appro_prix (id, article_id, fournisseur_id, designation, reference_fournisseur, pu_ht, unite, taux_tva, source, actif) VALUES ('727618a6-a401-4d0a-a930-d33da745dbbb', '367df24f-4130-4795-8bd3-ba21e9ae71c4', '21fbe47e-0b13-40b5-984f-673cb012149f', 'POM ROYAL GALA FR 170-200G I PLT 1R', 'FR', 14.98, 'kg', 0.055, 'import_2026', true);
INSERT INTO appro_catalogue (id, nom, nom_recherche, categorie, unite, actif) VALUES ('fbf6a14a-f907-4b68-bd0b-a3ccc0998c45', 'ECHALOTTE NLLE FR 30/50 SAC5K I', 'echalotte nlle fr 30 50 sac5k i', 'Fruits & Légumes', 'kg', true);
INSERT INTO appro_prix (id, article_id, fournisseur_id, designation, reference_fournisseur, pu_ht, unite, taux_tva, source, actif) VALUES ('af736c7c-80f2-4f96-b75b-e999ca963274', 'fbf6a14a-f907-4b68-bd0b-a3ccc0998c45', '21fbe47e-0b13-40b5-984f-673cb012149f', 'ECHALOTTE NLLE FR 30/50 SAC5K I', 'FR', 14.44, 'kg', 0.055, 'import_2026', true);
INSERT INTO appro_catalogue (id, nom, nom_recherche, categorie, unite, actif) VALUES ('4bbf232e-2e46-407f-b943-348777fec9bf', 'MELON CHAR JAUNE FR 750/975G I X12', 'melon char jaune fr 750 975g i x12', 'Fruits & Légumes', 'pce', true);
INSERT INTO appro_prix (id, article_id, fournisseur_id, designation, reference_fournisseur, pu_ht, unite, taux_tva, source, actif) VALUES ('d2082a1d-566a-48e1-8a30-02695004d446', '4bbf232e-2e46-407f-b943-348777fec9bf', '21fbe47e-0b13-40b5-984f-673cb012149f', 'MELON CHAR JAUNE FR 750/975G I X12', 'FR', 38.55, 'pce', 0.055, 'import_2026', true);
INSERT INTO appro_catalogue (id, nom, nom_recherche, categorie, unite, actif) VALUES ('d4fa79c9-69f4-4158-b274-a246e085be12', 'NETTOYANT CONCENTRE PIN 5L', 'nettoyant concentre pin 5l', 'Entretien/Hygiène', 'pce', true);
INSERT INTO appro_prix (id, article_id, fournisseur_id, designation, reference_fournisseur, pu_ht, unite, taux_tva, source, actif) VALUES ('9e7ac972-80f5-4021-9ead-f8059960dea5', 'd4fa79c9-69f4-4158-b274-a246e085be12', 'cf4d1399-a4c8-422f-ae11-c9e5a97f733a', 'NETTOYANT CONCENTRE PIN 5L', '991483', 6.22, 'pce', 0.2, 'import_2026', true);
INSERT INTO appro_catalogue (id, nom, nom_recherche, categorie, unite, actif) VALUES ('649f64ee-60cc-4304-a1df-c426a7512d33', '100 GANTS N/P X100 XL PAREDES', '100 gants n p x100 xl paredes', 'Entretien/Hygiène', 'pce', true);
INSERT INTO appro_prix (id, article_id, fournisseur_id, designation, reference_fournisseur, pu_ht, unite, taux_tva, source, actif) VALUES ('1e26669c-1735-4c64-b6bc-f4f2ea077e99', '649f64ee-60cc-4304-a1df-c426a7512d33', 'cf4d1399-a4c8-422f-ae11-c9e5a97f733a', '100 GANTS N/P X100 XL PAREDES', 'A00492', 5.1, 'pce', 0.2, 'import_2026', true);
INSERT INTO appro_catalogue (id, nom, nom_recherche, categorie, unite, actif) VALUES ('93f88762-0bdd-44bb-992a-e03a4cbbd490', 'SIROP PECHE 1883 ROUTIN 1 L - VP', 'sirop peche 1883 routin 1 l vp', 'Boisson sans alcool', 'pce', true);
INSERT INTO appro_prix (id, article_id, fournisseur_id, designation, reference_fournisseur, pu_ht, unite, taux_tva, source, actif) VALUES ('69f1befb-d338-4b72-a592-b773830d695d', '93f88762-0bdd-44bb-992a-e03a4cbbd490', '3ef9d8c3-4455-420e-a3f9-0074777761e5', 'SIROP PECHE 1883 ROUTIN 1 L - VP', '320', 5.09, 'pce', 0.055, 'import_2026', true);
INSERT INTO appro_catalogue (id, nom, nom_recherche, categorie, unite, actif) VALUES ('28908ebf-5958-469e-9909-98aab48cfeca', 'OIGNON ROUGE HVE3 ALS 5/7 FLT1KG I X10', 'oignon rouge hve3 als 5 7 flt1kg i x10', 'Fruits & Légumes', 'pce', true);
INSERT INTO appro_prix (id, article_id, fournisseur_id, designation, reference_fournisseur, pu_ht, unite, taux_tva, source, actif) VALUES ('77aa2efe-64f0-4f05-8a02-c7d82836afd1', '28908ebf-5958-469e-9909-98aab48cfeca', '21fbe47e-0b13-40b5-984f-673cb012149f', 'OIGNON ROUGE HVE3 ALS 5/7 FLT1KG I X10', 'FR', 14.5, 'pce', 0.055, 'import_2026', true);
INSERT INTO appro_catalogue (id, nom, nom_recherche, categorie, unite, actif) VALUES ('a3de720a-f262-484f-ba96-4a1a65ca8954', 'ESSUIE MAIN BLC 2P', 'essuie main blc 2p', 'Entretien/Hygiène', 'pce', true);
INSERT INTO appro_prix (id, article_id, fournisseur_id, designation, reference_fournisseur, pu_ht, unite, taux_tva, source, actif) VALUES ('343dc7ab-3935-4318-8046-e18d7d09789b', 'a3de720a-f262-484f-ba96-4a1a65ca8954', 'cf4d1399-a4c8-422f-ae11-c9e5a97f733a', 'ESSUIE MAIN BLC 2P', '414059', 1.2, 'pce', 0.2, 'import_2026', true);
INSERT INTO appro_catalogue (id, nom, nom_recherche, categorie, unite, actif) VALUES ('a29b2b17-94e8-4d40-a426-7ecc63edfe45', 'FUMET DE POISSON 900GRS', 'fumet de poisson 900grs', 'Alimentaire', 'pce', true);
INSERT INTO appro_prix (id, article_id, fournisseur_id, designation, reference_fournisseur, pu_ht, unite, taux_tva, source, actif) VALUES ('0ecf7b14-71dd-4738-bad5-ddf3820a8403', 'a29b2b17-94e8-4d40-a426-7ecc63edfe45', 'cf4d1399-a4c8-422f-ae11-c9e5a97f733a', 'FUMET DE POISSON 900GRS', 'A00553', 14.99, 'pce', 0.055, 'import_2026', true);
INSERT INTO appro_catalogue (id, nom, nom_recherche, categorie, unite, actif) VALUES ('a1e8707e-7d23-4c23-b044-d947aa2fc58b', 'SL COEUR DE ROMAINE ES X2P I X8', 'sl coeur de romaine es x2p i x8', 'Fruits & Légumes', 'pce', true);
INSERT INTO appro_prix (id, article_id, fournisseur_id, designation, reference_fournisseur, pu_ht, unite, taux_tva, source, actif) VALUES ('9786ef43-b3f6-470f-9ed4-171718158c1f', 'a1e8707e-7d23-4c23-b044-d947aa2fc58b', '21fbe47e-0b13-40b5-984f-673cb012149f', 'SL COEUR DE ROMAINE ES X2P I X8', 'ES', 23.6, 'pce', 0.055, 'import_2026', true);
INSERT INTO appro_catalogue (id, nom, nom_recherche, categorie, unite, actif) VALUES ('c8a697fa-0b8a-4cdd-937c-563e4cdf0f61', 'HCIBOULETTE MA SACH100G I AUDA', 'hciboulette ma sach100g i auda', 'Fruits & Légumes', 'pce', true);
INSERT INTO appro_prix (id, article_id, fournisseur_id, designation, reference_fournisseur, pu_ht, unite, taux_tva, source, actif) VALUES ('4be79cb9-5249-4acf-94c5-060353d01070', 'c8a697fa-0b8a-4cdd-937c-563e4cdf0f61', '21fbe47e-0b13-40b5-984f-673cb012149f', 'HCIBOULETTE MA SACH100G I AUDA', 'MA', 3.27, 'pce', 0.055, 'import_2026', true);
INSERT INTO appro_catalogue (id, nom, nom_recherche, categorie, unite, actif) VALUES ('cb07e9e9-4e81-4806-9d8d-32be729e65c2', 'VG CHOUCROUTE CRUE ALS SEAU1LOK', 'vg choucroute crue als seau1lok', 'Fruits & Légumes', 'kg', true);
INSERT INTO appro_prix (id, article_id, fournisseur_id, designation, reference_fournisseur, pu_ht, unite, taux_tva, source, actif) VALUES ('11aabe4a-f9f8-4576-a974-b19aacee5236', 'cb07e9e9-4e81-4806-9d8d-32be729e65c2', '21fbe47e-0b13-40b5-984f-673cb012149f', 'VG CHOUCROUTE CRUE ALS SEAU1LOK', 'FR', 14.5, 'kg', 0.055, 'import_2026', true);
INSERT INTO appro_catalogue (id, nom, nom_recherche, categorie, unite, actif) VALUES ('14f21fdc-cd93-4359-a01a-693f25b2f9cd', 'PINOT BLANC WILLM LITRE A VIS 22 13,0 CRD', 'pinot blanc willm litre a vis 22 13 0 crd', 'Boisson alcoolisée', 'Bouteille', true);
INSERT INTO appro_prix (id, article_id, fournisseur_id, designation, reference_fournisseur, pu_ht, unite, taux_tva, source, actif) VALUES ('d4b9c006-ada1-467b-83b4-a6a5fb64b705', '14f21fdc-cd93-4359-a01a-693f25b2f9cd', '2b28ab5a-0091-4d1b-9f77-a56647888abc', 'PINOT BLANC WILLM LITRE A VIS 22 13,0 CRD', '48494', 4.82, 'Bouteille', 0.2, 'import_2026', true);
INSERT INTO appro_catalogue (id, nom, nom_recherche, categorie, unite, actif) VALUES ('1418183a-2904-4c72-acce-60f0a848b8a0', 'POIREAU ALS 10KG I', 'poireau als 10kg i', 'Fruits & Légumes', 'kg', true);
INSERT INTO appro_prix (id, article_id, fournisseur_id, designation, reference_fournisseur, pu_ht, unite, taux_tva, source, actif) VALUES ('17ccd9af-62aa-4e6d-8329-82e0b54a08f6', '1418183a-2904-4c72-acce-60f0a848b8a0', '21fbe47e-0b13-40b5-984f-673cb012149f', 'POIREAU ALS 10KG I', 'FR', 19.71, 'kg', 0.055, 'import_2026', true);
INSERT INTO appro_catalogue (id, nom, nom_recherche, categorie, unite, actif) VALUES ('6c6130f3-9d1c-40ad-9bea-6028b751b7ed', 'WHISKEY SINGLE MALT WELCHE S MICLO 0,70 L', 'whiskey single malt welche s miclo 0 70 l', 'Boisson alcoolisée', 'pce', true);
INSERT INTO appro_prix (id, article_id, fournisseur_id, designation, reference_fournisseur, pu_ht, unite, taux_tva, source, actif) VALUES ('d1985d3a-7a83-4758-b969-4eb1910fb43e', '6c6130f3-9d1c-40ad-9bea-6028b751b7ed', '3ef9d8c3-4455-420e-a3f9-0074777761e5', 'WHISKEY SINGLE MALT WELCHE S MICLO 0,70 L', '3570', 28.26, 'pce', 0.2, 'import_2026', true);
INSERT INTO appro_catalogue (id, nom, nom_recherche, categorie, unite, actif) VALUES ('2e471561-27c0-40e4-8583-0a3941c7a6f5', 'HUILE TOURNESOL 5L', 'huile tournesol 5l', 'Alimentaire', 'pce', true);
INSERT INTO appro_prix (id, article_id, fournisseur_id, designation, reference_fournisseur, pu_ht, unite, taux_tva, source, actif) VALUES ('91da2b76-af31-4f77-9cea-6183bcd1d726', '2e471561-27c0-40e4-8583-0a3941c7a6f5', 'cf4d1399-a4c8-422f-ae11-c9e5a97f733a', 'HUILE TOURNESOL 5L', 'A01013', 9.4, 'pce', 0.055, 'import_2026', true);
INSERT INTO appro_catalogue (id, nom, nom_recherche, categorie, unite, actif) VALUES ('39f43652-772d-47e2-ac5d-d2df6a9e0e1d', 'CLEM.CORSE CORSE 2 10KG IGP', 'clem corse corse 2 10kg igp', 'Fruits & Légumes', 'kg', true);
INSERT INTO appro_prix (id, article_id, fournisseur_id, designation, reference_fournisseur, pu_ht, unite, taux_tva, source, actif) VALUES ('bf8d9f6c-7180-4f57-8162-7372ed926f2d', '39f43652-772d-47e2-ac5d-d2df6a9e0e1d', '21fbe47e-0b13-40b5-984f-673cb012149f', 'CLEM.CORSE CORSE 2 10KG IGP', 'FR', 47.0, 'kg', 0.055, 'import_2026', true);
INSERT INTO appro_catalogue (id, nom, nom_recherche, categorie, unite, actif) VALUES ('9000fbf7-8a7d-4250-b2a0-4dd6474801c4', 'POIVRON TRICOLORE NL SACH500G I X10', 'poivron tricolore nl sach500g i x10', 'Fruits & Légumes', 'pce', true);
INSERT INTO appro_prix (id, article_id, fournisseur_id, designation, reference_fournisseur, pu_ht, unite, taux_tva, source, actif) VALUES ('5078673c-7602-499a-854a-1dc489a4d4c3', '9000fbf7-8a7d-4250-b2a0-4dd6474801c4', '21fbe47e-0b13-40b5-984f-673cb012149f', 'POIVRON TRICOLORE NL SACH500G I X10', 'NL', 21.62, 'pce', 0.055, 'import_2026', true);
INSERT INTO appro_catalogue (id, nom, nom_recherche, categorie, unite, actif) VALUES ('b71d377b-a7d2-41bc-99d8-61070f8525e2', 'CRISTALINE 1,5 L - PET', 'cristaline 1 5 l pet', 'Boisson sans alcool', 'pce', true);
INSERT INTO appro_prix (id, article_id, fournisseur_id, designation, reference_fournisseur, pu_ht, unite, taux_tva, source, actif) VALUES ('23c1b0d3-f8fb-4279-a584-b6884734138f', 'b71d377b-a7d2-41bc-99d8-61070f8525e2', '3ef9d8c3-4455-420e-a3f9-0074777761e5', 'CRISTALINE 1,5 L - PET', '2009', 0.29, 'pce', 0.055, 'import_2026', true);
INSERT INTO appro_catalogue (id, nom, nom_recherche, categorie, unite, actif) VALUES ('937b81c4-fef1-4e2c-b973-c9853c41936b', 'TOM.CERISE GRAPPE ITA 3KG I', 'tom cerise grappe ita 3kg i', 'Fruits & Légumes', 'kg', true);
INSERT INTO appro_prix (id, article_id, fournisseur_id, designation, reference_fournisseur, pu_ht, unite, taux_tva, source, actif) VALUES ('20056534-bae5-4028-8519-d376fda920d6', '937b81c4-fef1-4e2c-b973-c9853c41936b', '21fbe47e-0b13-40b5-984f-673cb012149f', 'TOM.CERISE GRAPPE ITA 3KG I', 'IT', 13.8, 'kg', 0.055, 'import_2026', true);
INSERT INTO appro_catalogue (id, nom, nom_recherche, categorie, unite, actif) VALUES ('59de1b4c-c155-4055-943a-80c07652b12e', 'ECHALOTE ALS 30/50 SAC5K I', 'echalote als 30 50 sac5k i', 'Fruits & Légumes', 'kg', true);
INSERT INTO appro_prix (id, article_id, fournisseur_id, designation, reference_fournisseur, pu_ht, unite, taux_tva, source, actif) VALUES ('14340497-a21c-4a0a-b8f0-6835d906d0cc', '59de1b4c-c155-4055-943a-80c07652b12e', '21fbe47e-0b13-40b5-984f-673cb012149f', 'ECHALOTE ALS 30/50 SAC5K I', 'FR', 13.75, 'kg', 0.055, 'import_2026', true);
INSERT INTO appro_catalogue (id, nom, nom_recherche, categorie, unite, actif) VALUES ('70852cd4-687f-42fb-910a-8e955e23a896', 'ORANGE SAUTTER 0,25 L - VC', 'orange sautter 0 25 l vc', 'Boisson sans alcool', 'pce', true);
INSERT INTO appro_prix (id, article_id, fournisseur_id, designation, reference_fournisseur, pu_ht, unite, taux_tva, source, actif) VALUES ('38aed323-7e8d-4bc3-a4d1-96bee5bc3010', '70852cd4-687f-42fb-910a-8e955e23a896', '3ef9d8c3-4455-420e-a3f9-0074777761e5', 'ORANGE SAUTTER 0,25 L - VC', '1627', 1.14, 'pce', 0.055, 'import_2026', true);
INSERT INTO appro_catalogue (id, nom, nom_recherche, categorie, unite, actif) VALUES ('d1975288-6396-4659-823c-b2c66e2b0aa7', 'GENEPI PERES CHARTREUX 0,70 L', 'genepi peres chartreux 0 70 l', 'Boisson alcoolisée', 'pce', true);
INSERT INTO appro_prix (id, article_id, fournisseur_id, designation, reference_fournisseur, pu_ht, unite, taux_tva, source, actif) VALUES ('f9f17909-4f86-4967-9068-600e7ee40823', 'd1975288-6396-4659-823c-b2c66e2b0aa7', '3ef9d8c3-4455-420e-a3f9-0074777761e5', 'GENEPI PERES CHARTREUX 0,70 L', '960', 27.32, 'pce', 0.2, 'import_2026', true);
INSERT INTO appro_catalogue (id, nom, nom_recherche, categorie, unite, actif) VALUES ('eddd5ffd-2096-4469-b1a8-7edc01e680f4', 'CREME UHT 35% ALSACE LAIT 1 LITRE', 'creme uht 35 alsace lait 1 litre', 'Alimentaire', 'pce', true);
INSERT INTO appro_prix (id, article_id, fournisseur_id, designation, reference_fournisseur, pu_ht, unite, taux_tva, source, actif) VALUES ('3caf6402-b3bc-40c2-8e59-6c8906489bba', 'eddd5ffd-2096-4469-b1a8-7edc01e680f4', 'cf4d1399-a4c8-422f-ae11-c9e5a97f733a', 'CREME UHT 35% ALSACE LAIT 1 LITRE', 'A00166', 4.55, 'pce', 0.055, 'import_2026', true);
INSERT INTO appro_catalogue (id, nom, nom_recherche, categorie, unite, actif) VALUES ('76318116-2662-4832-a973-e9b29bac631b', 'TABLETTE LAVE VAISSELLE 20GRS X 150', 'tablette lave vaisselle 20grs x 150', 'Entretien/Hygiène', 'pce', true);
INSERT INTO appro_prix (id, article_id, fournisseur_id, designation, reference_fournisseur, pu_ht, unite, taux_tva, source, actif) VALUES ('f9927611-63c0-4e0b-83ce-48f9c4aef1de', '76318116-2662-4832-a973-e9b29bac631b', 'cf4d1399-a4c8-422f-ae11-c9e5a97f733a', 'TABLETTE LAVE VAISSELLE 20GRS X 150', '010348', 27.3, 'pce', 0.2, 'import_2026', true);
INSERT INTO appro_catalogue (id, nom, nom_recherche, categorie, unite, actif) VALUES ('a39f5997-f5a0-49e6-9127-a2f55e9d315f', 'GOURMANDISE LIQ PECHE DE VIGNE 18,0', 'gourmandise liq peche de vigne 18 0', 'Boisson alcoolisée', 'Bouteille', true);
INSERT INTO appro_prix (id, article_id, fournisseur_id, designation, reference_fournisseur, pu_ht, unite, taux_tva, source, actif) VALUES ('cf19a7ef-f5ff-4434-b5c4-29dc4a18c00e', 'a39f5997-f5a0-49e6-9127-a2f55e9d315f', '2b28ab5a-0091-4d1b-9f77-a56647888abc', 'GOURMANDISE LIQ PECHE DE VIGNE 18,0', '52657', 13.49, 'Bouteille', 0.2, 'import_2026', true);
INSERT INTO appro_catalogue (id, nom, nom_recherche, categorie, unite, actif) VALUES ('c4f89acc-092f-40ca-8fc3-0a5d73618708', 'GOURMANDISE LIQUEUR FRAMBOISE 18,0', 'gourmandise liqueur framboise 18 0', 'Boisson alcoolisée', 'Bouteille', true);
INSERT INTO appro_prix (id, article_id, fournisseur_id, designation, reference_fournisseur, pu_ht, unite, taux_tva, source, actif) VALUES ('f3a236c4-6dcb-4244-a224-e851a242cfae', 'c4f89acc-092f-40ca-8fc3-0a5d73618708', '2b28ab5a-0091-4d1b-9f77-a56647888abc', 'GOURMANDISE LIQUEUR FRAMBOISE 18,0', '51074', 13.49, 'Bouteille', 0.2, 'import_2026', true);
INSERT INTO appro_catalogue (id, nom, nom_recherche, categorie, unite, actif) VALUES ('3bae5096-4275-4213-a4f2-7ca9da83bbd5', 'AMER FDB MANDARINE 15%70CL W 15,0', 'amer fdb mandarine 15 70cl w 15 0', 'Boisson alcoolisée', 'Bouteille', true);
INSERT INTO appro_prix (id, article_id, fournisseur_id, designation, reference_fournisseur, pu_ht, unite, taux_tva, source, actif) VALUES ('d9a3c553-7796-4402-a14d-3faa23a55fea', '3bae5096-4275-4213-a4f2-7ca9da83bbd5', '2b28ab5a-0091-4d1b-9f77-a56647888abc', 'AMER FDB MANDARINE 15%70CL W 15,0', '41728', 8.94, 'Bouteille', 0.2, 'import_2026', true);
INSERT INTO appro_catalogue (id, nom, nom_recherche, categorie, unite, actif) VALUES ('f517d344-cb97-45c5-838d-d40cdf1f9138', 'CAROTTE HVE3 ALS 1KG I X10', 'carotte hve3 als 1kg i x10', 'Fruits & Légumes', 'pce', true);
INSERT INTO appro_prix (id, article_id, fournisseur_id, designation, reference_fournisseur, pu_ht, unite, taux_tva, source, actif) VALUES ('6492cac9-e8e4-44e3-b147-70109792d4bd', 'f517d344-cb97-45c5-838d-d40cdf1f9138', '21fbe47e-0b13-40b5-984f-673cb012149f', 'CAROTTE HVE3 ALS 1KG I X10', 'FR', 14.0, 'pce', 0.055, 'import_2026', true);
INSERT INTO appro_catalogue (id, nom, nom_recherche, categorie, unite, actif) VALUES ('74623c24-e5dd-464b-a54c-0e592474131f', 'MIRABELLE ALS 5KG I', 'mirabelle als 5kg i', 'Fruits & Légumes', 'kg', true);
INSERT INTO appro_prix (id, article_id, fournisseur_id, designation, reference_fournisseur, pu_ht, unite, taux_tva, source, actif) VALUES ('a4ac53b9-51f2-4b2f-b0f7-613b60111476', '74623c24-e5dd-464b-a54c-0e592474131f', '21fbe47e-0b13-40b5-984f-673cb012149f', 'MIRABELLE ALS 5KG I', 'FR', 21.75, 'kg', 0.055, 'import_2026', true);
INSERT INTO appro_catalogue (id, nom, nom_recherche, categorie, unite, actif) VALUES ('f2b082a4-f227-4c91-994d-7c4de8f31bbf', 'SPIRALE INOX 40GRS X 10', 'spirale inox 40grs x 10', 'Entretien/Hygiène', 'pce', true);
INSERT INTO appro_prix (id, article_id, fournisseur_id, designation, reference_fournisseur, pu_ht, unite, taux_tva, source, actif) VALUES ('37caab54-cb5d-4fb0-abe8-b2552257457c', 'f2b082a4-f227-4c91-994d-7c4de8f31bbf', 'cf4d1399-a4c8-422f-ae11-c9e5a97f733a', 'SPIRALE INOX 40GRS X 10', '010440', 4.42, 'pce', 0.2, 'import_2026', true);
INSERT INTO appro_catalogue (id, nom, nom_recherche, categorie, unite, actif) VALUES ('9842222e-ec79-407e-94dc-8ccded6d7913', 'MIEL LIQUIDE PP 1KG', 'miel liquide pp 1kg', 'Alimentaire', 'pce', true);
INSERT INTO appro_prix (id, article_id, fournisseur_id, designation, reference_fournisseur, pu_ht, unite, taux_tva, source, actif) VALUES ('1437ae0b-cd93-48bc-9bd8-ed0c4f542140', '9842222e-ec79-407e-94dc-8ccded6d7913', 'cf4d1399-a4c8-422f-ae11-c9e5a97f733a', 'MIEL LIQUIDE PP 1KG', 'A00213', 6.62, 'pce', 0.055, 'import_2026', true);
INSERT INTO appro_catalogue (id, nom, nom_recherche, categorie, unite, actif) VALUES ('2bc617e1-85f2-4149-8181-aeb7b6c76baa', 'SIROP VIOLETTE 1883 ROUTIN 1 L - VP', 'sirop violette 1883 routin 1 l vp', 'Boisson sans alcool', 'pce', true);
INSERT INTO appro_prix (id, article_id, fournisseur_id, designation, reference_fournisseur, pu_ht, unite, taux_tva, source, actif) VALUES ('f87e12f0-a610-4918-9c40-98b9b9ec0177', '2bc617e1-85f2-4149-8181-aeb7b6c76baa', '3ef9d8c3-4455-420e-a3f9-0074777761e5', 'SIROP VIOLETTE 1883 ROUTIN 1 L - VP', '322', 6.54, 'pce', 0.055, 'import_2026', true);
INSERT INTO appro_catalogue (id, nom, nom_recherche, categorie, unite, actif) VALUES ('7a8ee8ca-757d-47b6-a4ed-ee23424018b6', 'CELERI RAVE HVE3 ALS I X10', 'celeri rave hve3 als i x10', 'Fruits & Légumes', 'pce', true);
INSERT INTO appro_prix (id, article_id, fournisseur_id, designation, reference_fournisseur, pu_ht, unite, taux_tva, source, actif) VALUES ('8aa5470c-3d22-45d1-9201-f8500072df20', '7a8ee8ca-757d-47b6-a4ed-ee23424018b6', '21fbe47e-0b13-40b5-984f-673cb012149f', 'CELERI RAVE HVE3 ALS I X10', 'FR', 17.43, 'pce', 0.055, 'import_2026', true);
INSERT INTO appro_catalogue (id, nom, nom_recherche, categorie, unite, actif) VALUES ('25731ce6-b975-47e9-a7c2-6e778335fe48', 'POM ROYAL GALA FR 136-165G I 2RG', 'pom royal gala fr 136 165g i 2rg', 'Fruits & Légumes', 'kg', true);
INSERT INTO appro_prix (id, article_id, fournisseur_id, designation, reference_fournisseur, pu_ht, unite, taux_tva, source, actif) VALUES ('bfc532b9-727c-48e8-a756-bebdf573b9b6', '25731ce6-b975-47e9-a7c2-6e778335fe48', '21fbe47e-0b13-40b5-984f-673cb012149f', 'POM ROYAL GALA FR 136-165G I 2RG', 'FR', 26.04, 'kg', 0.055, 'import_2026', true);
INSERT INTO appro_catalogue (id, nom, nom_recherche, categorie, unite, actif) VALUES ('58b865c6-b359-4a91-9164-a4598ece1651', 'EAU DE VIE FRAMBOISE MICLO 0,70 L', 'eau de vie framboise miclo 0 70 l', 'Boisson alcoolisée', 'pce', true);
INSERT INTO appro_prix (id, article_id, fournisseur_id, designation, reference_fournisseur, pu_ht, unite, taux_tva, source, actif) VALUES ('1aa48f9f-6e7c-47b6-aa5b-a1dc7b9d28a0', '58b865c6-b359-4a91-9164-a4598ece1651', '3ef9d8c3-4455-420e-a3f9-0074777761e5', 'EAU DE VIE FRAMBOISE MICLO 0,70 L', '3573', 25.73, 'pce', 0.2, 'import_2026', true);
INSERT INTO appro_catalogue (id, nom, nom_recherche, categorie, unite, actif) VALUES ('ed2c55de-7946-4b26-808b-8deb1616c358', 'SIROP GRENADINE 1883 ROUTIN 1 L - VP', 'sirop grenadine 1883 routin 1 l vp', 'Boisson sans alcool', 'pce', true);
INSERT INTO appro_prix (id, article_id, fournisseur_id, designation, reference_fournisseur, pu_ht, unite, taux_tva, source, actif) VALUES ('31baf4f8-341e-4f38-99f9-2027a50ed36c', 'ed2c55de-7946-4b26-808b-8deb1616c358', '3ef9d8c3-4455-420e-a3f9-0074777761e5', 'SIROP GRENADINE 1883 ROUTIN 1 L - VP', '313', 4.24, 'pce', 0.055, 'import_2026', true);
INSERT INTO appro_catalogue (id, nom, nom_recherche, categorie, unite, actif) VALUES ('ff5f754d-ee1a-449a-940e-0c9a7f5cfa9d', 'SIROP CITRON JAUNE 1883 ROUTIN 1 L - VP', 'sirop citron jaune 1883 routin 1 l vp', 'Boisson sans alcool', 'pce', true);
INSERT INTO appro_prix (id, article_id, fournisseur_id, designation, reference_fournisseur, pu_ht, unite, taux_tva, source, actif) VALUES ('e41121d9-5be9-4692-9584-cac7c00530cd', 'ff5f754d-ee1a-449a-940e-0c9a7f5cfa9d', '3ef9d8c3-4455-420e-a3f9-0074777761e5', 'SIROP CITRON JAUNE 1883 ROUTIN 1 L - VP', '310', 4.24, 'pce', 0.055, 'import_2026', true);
INSERT INTO appro_catalogue (id, nom, nom_recherche, categorie, unite, actif) VALUES ('afc8e117-152d-4035-b7b6-06240c58a7de', '630G FD BLANC VOLAILLE PREMIUM', '630g fd blanc volaille premium', 'Alimentaire', 'pce', true);
INSERT INTO appro_prix (id, article_id, fournisseur_id, designation, reference_fournisseur, pu_ht, unite, taux_tva, source, actif) VALUES ('f0faf207-d2be-49af-9378-a3a1fb371e2f', 'afc8e117-152d-4035-b7b6-06240c58a7de', 'ba2f7076-33c2-4ce9-ad90-5778e30c29d3', '630G FD BLANC VOLAILLE PREMIUM', '013473', 25.23, 'pce', 0.055, 'import_2026', true);
INSERT INTO appro_catalogue (id, nom, nom_recherche, categorie, unite, actif) VALUES ('b81c12b6-9c31-4641-9938-73f0648ecaf4', '90 OEUF FRAIS MOYEN VRAC', '90 oeuf frais moyen vrac', 'Alimentaire', 'pce', true);
INSERT INTO appro_prix (id, article_id, fournisseur_id, designation, reference_fournisseur, pu_ht, unite, taux_tva, source, actif) VALUES ('dec60f6d-16fa-4abd-b406-51a53fe39a42', 'b81c12b6-9c31-4641-9938-73f0648ecaf4', 'ba2f7076-33c2-4ce9-ad90-5778e30c29d3', '90 OEUF FRAIS MOYEN VRAC', '012723', 25.2, 'pce', 0.055, 'import_2026', true);
INSERT INTO appro_catalogue (id, nom, nom_recherche, categorie, unite, actif) VALUES ('ffea5156-ed69-43ec-8fe9-1bfc52bf243b', 'SL FEUI.CHE.BLO MIDI I X12', 'sl feui che blo midi i x12', 'Fruits & Légumes', 'pce', true);
INSERT INTO appro_prix (id, article_id, fournisseur_id, designation, reference_fournisseur, pu_ht, unite, taux_tva, source, actif) VALUES ('81705e9a-c431-49a2-b704-e8837c53ae07', 'ffea5156-ed69-43ec-8fe9-1bfc52bf243b', '21fbe47e-0b13-40b5-984f-673cb012149f', 'SL FEUI.CHE.BLO MIDI I X12', 'FR', 12.6, 'pce', 0.055, 'import_2026', true);
INSERT INTO appro_catalogue (id, nom, nom_recherche, categorie, unite, actif) VALUES ('a12f7ca3-b293-4ee8-afd8-375dd0d8d0a3', 'OIGNON JAUNE HVE3 ALS 5/7 FLT1KG I X10', 'oignon jaune hve3 als 5 7 flt1kg i x10', 'Fruits & Légumes', 'pce', true);
INSERT INTO appro_prix (id, article_id, fournisseur_id, designation, reference_fournisseur, pu_ht, unite, taux_tva, source, actif) VALUES ('fca3369e-cbf4-4a30-8992-565339a2cf6f', 'a12f7ca3-b293-4ee8-afd8-375dd0d8d0a3', '21fbe47e-0b13-40b5-984f-673cb012149f', 'OIGNON JAUNE HVE3 ALS 5/7 FLT1KG I X10', 'FR', 12.5, 'pce', 0.055, 'import_2026', true);
INSERT INTO appro_catalogue (id, nom, nom_recherche, categorie, unite, actif) VALUES ('09d4727e-3cbd-497e-b99b-01ddba3713dd', '5L NETT MULTI-US PIN PMC', '5l nett multi us pin pmc', 'Entretien/Hygiène', 'pce', true);
INSERT INTO appro_prix (id, article_id, fournisseur_id, designation, reference_fournisseur, pu_ht, unite, taux_tva, source, actif) VALUES ('51067907-2efb-4e77-bcbd-6616a8d9ddb9', '09d4727e-3cbd-497e-b99b-01ddba3713dd', 'ba2f7076-33c2-4ce9-ad90-5778e30c29d3', '5L NETT MULTI-US PIN PMC', '937788', 4.99, 'pce', 0.2, 'import_2026', true);
INSERT INTO appro_catalogue (id, nom, nom_recherche, categorie, unite, actif) VALUES ('dcd86883-6236-44ee-bbb9-dd728a64ad90', 'SEL GROS CEREBOS 5KG', 'sel gros cerebos 5kg', 'Alimentaire', 'pce', true);
INSERT INTO appro_prix (id, article_id, fournisseur_id, designation, reference_fournisseur, pu_ht, unite, taux_tva, source, actif) VALUES ('f99b0a02-855e-402d-b6a1-85a4aed12e29', 'dcd86883-6236-44ee-bbb9-dd728a64ad90', 'cf4d1399-a4c8-422f-ae11-c9e5a97f733a', 'SEL GROS CEREBOS 5KG', 'A00088', 8.31, 'pce', 0.055, 'import_2026', true);
INSERT INTO appro_catalogue (id, nom, nom_recherche, categorie, unite, actif) VALUES ('a8b0c6b5-ac6e-43f2-bd69-90e8ce9e0062', 'MIRABELLE MBP 24 70CL 45% 45,0', 'mirabelle mbp 24 70cl 45 45 0', 'Boisson alcoolisée', 'Bouteille', true);
INSERT INTO appro_prix (id, article_id, fournisseur_id, designation, reference_fournisseur, pu_ht, unite, taux_tva, source, actif) VALUES ('32265194-bd61-457e-8171-4a651d00492e', 'a8b0c6b5-ac6e-43f2-bd69-90e8ce9e0062', '2b28ab5a-0091-4d1b-9f77-a56647888abc', 'MIRABELLE MBP 24 70CL 45% 45,0', '52765', 24.88, 'Bouteille', 0.2, 'import_2026', true);
INSERT INTO appro_catalogue (id, nom, nom_recherche, categorie, unite, actif) VALUES ('04a9f531-8587-4fce-9b60-fed43a8358df', 'CARTON 6 BT EDV 1L 2 NEO SPRITZ PINK PAMPLEMOUSSE 15,0', 'carton 6 bt edv 1l 2 neo spritz pink pamplemousse 15 0', 'Boisson alcoolisée', 'Bouteille', true);
INSERT INTO appro_prix (id, article_id, fournisseur_id, designation, reference_fournisseur, pu_ht, unite, taux_tva, source, actif) VALUES ('52c2aed4-1e7a-44b5-a832-43e5ba93c430', '04a9f531-8587-4fce-9b60-fed43a8358df', '2b28ab5a-0091-4d1b-9f77-a56647888abc', 'CARTON 6 BT EDV 1L 2 NEO SPRITZ PINK PAMPLEMOUSSE 15,0', '49456', 12.35, 'Bouteille', 0.2, 'import_2026', true);
INSERT INTO appro_catalogue (id, nom, nom_recherche, categorie, unite, actif) VALUES ('48d88e16-2630-4113-a107-33e407300610', 'SAC S/VIDE LISSE 200X300MM X 100', 'sac s vide lisse 200x300mm x 100', 'Entretien/Hygiène', 'pce', true);
INSERT INTO appro_prix (id, article_id, fournisseur_id, designation, reference_fournisseur, pu_ht, unite, taux_tva, source, actif) VALUES ('83d92950-0991-412e-a29e-78d09a6315e9', '48d88e16-2630-4113-a107-33e407300610', 'cf4d1399-a4c8-422f-ae11-c9e5a97f733a', 'SAC S/VIDE LISSE 200X300MM X 100', 'A00727', 8.19, 'pce', 0.2, 'import_2026', true);
INSERT INTO appro_catalogue (id, nom, nom_recherche, categorie, unite, actif) VALUES ('2cf31276-c23b-4306-974f-0337fe50e3d9', 'OEUFS FRAIS MOYEN X30', 'oeufs frais moyen x30', 'Alimentaire', 'pce', true);
INSERT INTO appro_prix (id, article_id, fournisseur_id, designation, reference_fournisseur, pu_ht, unite, taux_tva, source, actif) VALUES ('afd44ab3-e43b-4ab5-bdbb-d03cfe8e0d2d', '2cf31276-c23b-4306-974f-0337fe50e3d9', 'cf4d1399-a4c8-422f-ae11-c9e5a97f733a', 'OEUFS FRAIS MOYEN X30', 'A00401', 5.99, 'pce', 0.055, 'import_2026', true);
INSERT INTO appro_catalogue (id, nom, nom_recherche, categorie, unite, actif) VALUES ('343021b6-de96-4005-95a1-d649953adb5c', 'TOMATE SAUTTER 0,25 L - VC', 'tomate sautter 0 25 l vc', 'Boisson sans alcool', 'pce', true);
INSERT INTO appro_prix (id, article_id, fournisseur_id, designation, reference_fournisseur, pu_ht, unite, taux_tva, source, actif) VALUES ('723b4498-bf5c-4257-b9be-3a8c67fb43c3', '343021b6-de96-4005-95a1-d649953adb5c', '3ef9d8c3-4455-420e-a3f9-0074777761e5', 'TOMATE SAUTTER 0,25 L - VC', '1628', 0.99, 'pce', 0.055, 'import_2026', true);
INSERT INTO appro_catalogue (id, nom, nom_recherche, categorie, unite, actif) VALUES ('582848a5-c1fe-4c87-a15e-eb325ff68bc2', 'MELFOR 1L', 'melfor 1l', 'Alimentaire', 'pce', true);
INSERT INTO appro_prix (id, article_id, fournisseur_id, designation, reference_fournisseur, pu_ht, unite, taux_tva, source, actif) VALUES ('203d1a4c-f343-4e6e-83f3-fd8df69d86ba', '582848a5-c1fe-4c87-a15e-eb325ff68bc2', 'cf4d1399-a4c8-422f-ae11-c9e5a97f733a', 'MELFOR 1L', 'A00454', 1.98, 'pce', 0.055, 'import_2026', true);
INSERT INTO appro_catalogue (id, nom, nom_recherche, categorie, unite, actif) VALUES ('511b5382-8eda-4b41-9eba-0a6c4581ce8c', 'NOIX INVALIDES ARLEQUIN 1KG', 'noix invalides arlequin 1kg', 'Alimentaire', 'pce', true);
INSERT INTO appro_prix (id, article_id, fournisseur_id, designation, reference_fournisseur, pu_ht, unite, taux_tva, source, actif) VALUES ('fca258fc-b894-407b-beb0-0aacddd9cc80', '511b5382-8eda-4b41-9eba-0a6c4581ce8c', 'cf4d1399-a4c8-422f-ae11-c9e5a97f733a', 'NOIX INVALIDES ARLEQUIN 1KG', 'A00216', 7.91, 'pce', 0.055, 'import_2026', true);
INSERT INTO appro_catalogue (id, nom, nom_recherche, categorie, unite, actif) VALUES ('8a41b62b-19d2-410e-b6e7-3ba95341cd32', 'SEL FIN CEREBOS 5KG', 'sel fin cerebos 5kg', 'Alimentaire', 'pce', true);
INSERT INTO appro_prix (id, article_id, fournisseur_id, designation, reference_fournisseur, pu_ht, unite, taux_tva, source, actif) VALUES ('2cef81cd-ae30-4b15-bea3-f116a6e5463c', '8a41b62b-19d2-410e-b6e7-3ba95341cd32', 'cf4d1399-a4c8-422f-ae11-c9e5a97f733a', 'SEL FIN CEREBOS 5KG', 'A00087', 7.89, 'pce', 0.055, 'import_2026', true);
INSERT INTO appro_catalogue (id, nom, nom_recherche, categorie, unite, actif) VALUES ('bd3ed76b-d089-4679-9d1b-dab8eabbb55a', 'EAU DE VIE POIRE WILLIAMS MICLO 0,70 L', 'eau de vie poire williams miclo 0 70 l', 'Boisson alcoolisée', 'pce', true);
INSERT INTO appro_prix (id, article_id, fournisseur_id, designation, reference_fournisseur, pu_ht, unite, taux_tva, source, actif) VALUES ('19e2cb1c-94ac-48bf-a19d-f741312442f3', 'bd3ed76b-d089-4679-9d1b-dab8eabbb55a', '3ef9d8c3-4455-420e-a3f9-0074777761e5', 'EAU DE VIE POIRE WILLIAMS MICLO 0,70 L', '182', 23.63, 'pce', 0.2, 'import_2026', true);
INSERT INTO appro_catalogue (id, nom, nom_recherche, categorie, unite, actif) VALUES ('8a14f609-5df1-46ea-9470-4a2200de7daa', 'LISBETH ROUGE 1,25 L - PET', 'lisbeth rouge 1 25 l pet', 'Boisson sans alcool', 'pce', true);
INSERT INTO appro_prix (id, article_id, fournisseur_id, designation, reference_fournisseur, pu_ht, unite, taux_tva, source, actif) VALUES ('00c52d49-6dad-4211-8748-1d1d3e449407', '8a14f609-5df1-46ea-9470-4a2200de7daa', '3ef9d8c3-4455-420e-a3f9-0074777761e5', 'LISBETH ROUGE 1,25 L - PET', '2080', 0.97, 'pce', 0.055, 'import_2026', true);
INSERT INTO appro_catalogue (id, nom, nom_recherche, categorie, unite, actif) VALUES ('8c280b9e-ca57-4b0d-8fe6-c51fbc0c6224', 'HCIBOULETTE FR BOQ100G I AUDA', 'hciboulette fr boq100g i auda', 'Fruits & Légumes', 'pce', true);
INSERT INTO appro_prix (id, article_id, fournisseur_id, designation, reference_fournisseur, pu_ht, unite, taux_tva, source, actif) VALUES ('6865c07d-0f5a-4219-ab0d-22d1aa845bf0', '8c280b9e-ca57-4b0d-8fe6-c51fbc0c6224', '21fbe47e-0b13-40b5-984f-673cb012149f', 'HCIBOULETTE FR BOQ100G I AUDA', 'FR', 3.8, 'pce', 0.055, 'import_2026', true);
INSERT INTO appro_catalogue (id, nom, nom_recherche, categorie, unite, actif) VALUES ('8321fc3d-48b0-4885-8d50-35fa449dc924', 'CARTON 6 BT EDV 1L 2 CREME DE VIN CHAUD 1L 16% 16,0', 'carton 6 bt edv 1l 2 creme de vin chaud 1l 16 16 0', 'Boisson alcoolisée', 'Bouteille', true);
INSERT INTO appro_prix (id, article_id, fournisseur_id, designation, reference_fournisseur, pu_ht, unite, taux_tva, source, actif) VALUES ('372f79c5-7795-4afb-afb7-57e4847fd128', '8321fc3d-48b0-4885-8d50-35fa449dc924', '2b28ab5a-0091-4d1b-9f77-a56647888abc', 'CARTON 6 BT EDV 1L 2 CREME DE VIN CHAUD 1L 16% 16,0', '52625', 11.39, 'Bouteille', 0.2, 'import_2026', true);
INSERT INTO appro_catalogue (id, nom, nom_recherche, categorie, unite, actif) VALUES ('eb5fb236-3f4a-43d9-9011-54b66aa4989e', 'SL FRKUI.CHE.RGE HVE3 ALS I X12', 'sl frkui che rge hve3 als i x12', 'Fruits & Légumes', 'pce', true);
INSERT INTO appro_prix (id, article_id, fournisseur_id, designation, reference_fournisseur, pu_ht, unite, taux_tva, source, actif) VALUES ('bbf4ade4-8af1-4fc8-8e5b-f51ff304dd69', 'eb5fb236-3f4a-43d9-9011-54b66aa4989e', '21fbe47e-0b13-40b5-984f-673cb012149f', 'SL FRKUI.CHE.RGE HVE3 ALS I X12', 'FR', 15.0, 'pce', 0.055, 'import_2026', true);
INSERT INTO appro_catalogue (id, nom, nom_recherche, categorie, unite, actif) VALUES ('829bfa76-2f44-42bd-8f1e-447d46309770', 'CAROTTE ALL BO 1KG I X12', 'carotte all bo 1kg i x12', 'Fruits & Légumes', 'pce', true);
INSERT INTO appro_prix (id, article_id, fournisseur_id, designation, reference_fournisseur, pu_ht, unite, taux_tva, source, actif) VALUES ('2942d431-8c39-4aa2-b213-dd56cfbacf2e', '829bfa76-2f44-42bd-8f1e-447d46309770', '21fbe47e-0b13-40b5-984f-673cb012149f', 'CAROTTE ALL BO 1KG I X12', 'DE', 16.72, 'pce', 0.055, 'import_2026', true);
INSERT INTO appro_catalogue (id, nom, nom_recherche, categorie, unite, actif) VALUES ('ae330283-2cb0-45fc-b731-ddc1ef9c8d35', 'RAIFORT ALELOR 1KG', 'raifort alelor 1kg', 'Alimentaire', 'pce', true);
INSERT INTO appro_prix (id, article_id, fournisseur_id, designation, reference_fournisseur, pu_ht, unite, taux_tva, source, actif) VALUES ('00aac091-b82b-4b3f-b86e-59053be90084', 'ae330283-2cb0-45fc-b731-ddc1ef9c8d35', 'cf4d1399-a4c8-422f-ae11-c9e5a97f733a', 'RAIFORT ALELOR 1KG', 'A00263', 11.12, 'pce', 0.055, 'import_2026', true);
INSERT INTO appro_catalogue (id, nom, nom_recherche, categorie, unite, actif) VALUES ('1eefe83c-65f0-4529-a8c3-f29a92a4757e', 'CLEM.CORSE CORSE 4 I', 'clem corse corse 4 i', 'Fruits & Légumes', 'kg', true);
INSERT INTO appro_prix (id, article_id, fournisseur_id, designation, reference_fournisseur, pu_ht, unite, taux_tva, source, actif) VALUES ('f1f41ddd-4ff6-4d0a-a70f-0831e3af5823', '1eefe83c-65f0-4529-a8c3-f29a92a4757e', '21fbe47e-0b13-40b5-984f-673cb012149f', 'CLEM.CORSE CORSE 4 I', 'FR', 52.38, 'kg', 0.055, 'import_2026', true);
INSERT INTO appro_catalogue (id, nom, nom_recherche, categorie, unite, actif) VALUES ('c856152f-f56a-4952-b345-43a39e21ea9d', 'THE GLACE KUSMI - AQUASUMMER x6 gds sachets UNITE', 'the glace kusmi aquasummer x6 gds sachets unite', 'Boisson sans alcool', 'pce', true);
INSERT INTO appro_prix (id, article_id, fournisseur_id, designation, reference_fournisseur, pu_ht, unite, taux_tva, source, actif) VALUES ('52b892fb-2015-4f9d-8cd2-5aee380a2e21', 'c856152f-f56a-4952-b345-43a39e21ea9d', '3ef9d8c3-4455-420e-a3f9-0074777761e5', 'THE GLACE KUSMI - AQUASUMMER x6 gds sachets UNITE', '1726', 4.32, 'pce', 0.055, 'import_2026', true);
INSERT INTO appro_catalogue (id, nom, nom_recherche, categorie, unite, actif) VALUES ('e15d22cf-4f41-4262-a766-6b4f3beb33ae', 'PASTEQUE S/PEPIN ES 3 I BOUQUET', 'pasteque s pepin es 3 i bouquet', 'Fruits & Légumes', 'kg', true);
INSERT INTO appro_prix (id, article_id, fournisseur_id, designation, reference_fournisseur, pu_ht, unite, taux_tva, source, actif) VALUES ('9b3d3a45-8d28-4313-bedc-d6116bdadc5d', 'e15d22cf-4f41-4262-a766-6b4f3beb33ae', '21fbe47e-0b13-40b5-984f-673cb012149f', 'PASTEQUE S/PEPIN ES 3 I BOUQUET', 'ES', 22.35, 'kg', 0.055, 'import_2026', true);
INSERT INTO appro_catalogue (id, nom, nom_recherche, categorie, unite, actif) VALUES ('dfa69e23-2319-4163-a9fb-82244fec8112', 'CARTON 6 BT EDV 1L 3 RHUM BRUN PATISSIER 1L 41% W 41,0', 'carton 6 bt edv 1l 3 rhum brun patissier 1l 41 w 41 0', 'Boisson alcoolisée', 'Bouteille', true);
INSERT INTO appro_prix (id, article_id, fournisseur_id, designation, reference_fournisseur, pu_ht, unite, taux_tva, source, actif) VALUES ('0097610e-58d4-4702-b497-a3eab2052f63', 'dfa69e23-2319-4163-a9fb-82244fec8112', '2b28ab5a-0091-4d1b-9f77-a56647888abc', 'CARTON 6 BT EDV 1L 3 RHUM BRUN PATISSIER 1L 41% W 41,0', '5753', 6.95, 'Bouteille', 0.2, 'import_2026', true);
INSERT INTO appro_catalogue (id, nom, nom_recherche, categorie, unite, actif) VALUES ('17e59e58-6a91-42e1-b066-81ff9656294f', 'COING WOLFBERGER 1874 45,0', 'coing wolfberger 1874 45 0', 'Boisson alcoolisée', 'Bouteille', true);
INSERT INTO appro_prix (id, article_id, fournisseur_id, designation, reference_fournisseur, pu_ht, unite, taux_tva, source, actif) VALUES ('8c8fb400-f9f0-4b8f-900f-49be0583cc57', '17e59e58-6a91-42e1-b066-81ff9656294f', '2b28ab5a-0091-4d1b-9f77-a56647888abc', 'COING WOLFBERGER 1874 45,0', '54471', 20.68, 'Bouteille', 0.2, 'import_2026', true);
INSERT INTO appro_catalogue (id, nom, nom_recherche, categorie, unite, actif) VALUES ('4d697621-42ff-4186-977b-4c66c9deb6a2', 'STICKET''S KETCHUP 10GRS X 500', 'sticket s ketchup 10grs x 500', 'Alimentaire', 'pce', true);
INSERT INTO appro_prix (id, article_id, fournisseur_id, designation, reference_fournisseur, pu_ht, unite, taux_tva, source, actif) VALUES ('205caa85-1700-4cdc-a512-4d3d727d01ef', '4d697621-42ff-4186-977b-4c66c9deb6a2', 'cf4d1399-a4c8-422f-ae11-c9e5a97f733a', 'STICKET''S KETCHUP 10GRS X 500', 'A00224', 20.39, 'pce', 0.055, 'import_2026', true);
INSERT INTO appro_catalogue (id, nom, nom_recherche, categorie, unite, actif) VALUES ('5c7737b3-b16d-4070-afc0-df7b09fccfbb', 'LAIT ENTIER UHT 1L', 'lait entier uht 1l', 'Alimentaire', 'pce', true);
INSERT INTO appro_prix (id, article_id, fournisseur_id, designation, reference_fournisseur, pu_ht, unite, taux_tva, source, actif) VALUES ('19479017-421f-4e4d-9f28-3c63ea8426e1', '5c7737b3-b16d-4070-afc0-df7b09fccfbb', 'cf4d1399-a4c8-422f-ae11-c9e5a97f733a', 'LAIT ENTIER UHT 1L', 'A01060', 1.68, 'pce', 0.055, 'import_2026', true);
INSERT INTO appro_catalogue (id, nom, nom_recherche, categorie, unite, actif) VALUES ('e2c15982-656f-4958-b908-55e7fef3db22', 'CITRON EUREKA AR 4 I X45', 'citron eureka ar 4 i x45', 'Fruits & Légumes', 'kg', true);
INSERT INTO appro_prix (id, article_id, fournisseur_id, designation, reference_fournisseur, pu_ht, unite, taux_tva, source, actif) VALUES ('f177f5a4-56cc-4089-bc79-afa1714e3097', 'e2c15982-656f-4958-b908-55e7fef3db22', '21fbe47e-0b13-40b5-984f-673cb012149f', 'CITRON EUREKA AR 4 I X45', 'AR', 27.6, 'kg', 0.055, 'import_2026', true);
INSERT INTO appro_catalogue (id, nom, nom_recherche, categorie, unite, actif) VALUES ('3b67c201-6036-445e-8637-0213cba691d4', 'SERVICE FRAIS DE LIVRAISON', 'service frais de livraison', 'Service', 'Forfait', true);
INSERT INTO appro_prix (id, article_id, fournisseur_id, designation, reference_fournisseur, pu_ht, unite, taux_tva, source, actif) VALUES ('3ee69ea2-29a8-4d72-8bfc-4fe627a710c2', '3b67c201-6036-445e-8637-0213cba691d4', 'ba2f7076-33c2-4ce9-ad90-5778e30c29d3', 'SERVICE FRAIS DE LIVRAISON', '', 10.0, 'Forfait', 0.2, 'import_2026', true);
INSERT INTO appro_catalogue (id, nom, nom_recherche, categorie, unite, actif) VALUES ('d0b62edd-1100-4002-a957-c56515db25ad', 'HMENTHE FR BOQ1OOG I AUDA', 'hmenthe fr boq1oog i auda', 'Fruits & Légumes', 'pce', true);
INSERT INTO appro_prix (id, article_id, fournisseur_id, designation, reference_fournisseur, pu_ht, unite, taux_tva, source, actif) VALUES ('548b07a1-ed8f-427d-955f-186eb798e8a4', 'd0b62edd-1100-4002-a957-c56515db25ad', '21fbe47e-0b13-40b5-984f-673cb012149f', 'HMENTHE FR BOQ1OOG I AUDA', 'FR', 4.0, 'pce', 0.055, 'import_2026', true);
INSERT INTO appro_catalogue (id, nom, nom_recherche, categorie, unite, actif) VALUES ('453ecb04-b597-4ae9-ae1e-ef331f723609', 'QUETSCHE HVE3 ALS 6KG I', 'quetsche hve3 als 6kg i', 'Fruits & Légumes', 'kg', true);
INSERT INTO appro_prix (id, article_id, fournisseur_id, designation, reference_fournisseur, pu_ht, unite, taux_tva, source, actif) VALUES ('ee42431f-6694-45b1-9945-246aac6ee1b7', '453ecb04-b597-4ae9-ae1e-ef331f723609', '21fbe47e-0b13-40b5-984f-673cb012149f', 'QUETSCHE HVE3 ALS 6KG I', 'FR', 13.3, 'kg', 0.055, 'import_2026', true);
INSERT INTO appro_catalogue (id, nom, nom_recherche, categorie, unite, actif) VALUES ('d1c13726-f296-4f95-9594-aa06de1f8dd2', 'L 1 RHUM BRUN PATISSIER 3L 41% 41,0', 'l 1 rhum brun patissier 3l 41 41 0', 'Boisson alcoolisée', 'Bouteille', true);
INSERT INTO appro_prix (id, article_id, fournisseur_id, designation, reference_fournisseur, pu_ht, unite, taux_tva, source, actif) VALUES ('67da9b18-69fd-4c23-853d-b52aa7805096', 'd1c13726-f296-4f95-9594-aa06de1f8dd2', '2b28ab5a-0091-4d1b-9f77-a56647888abc', 'L 1 RHUM BRUN PATISSIER 3L 41% 41,0', '8121', 6.65, 'Bouteille', 0.2, 'import_2026', true);
INSERT INTO appro_catalogue (id, nom, nom_recherche, categorie, unite, actif) VALUES ('87b0d693-e977-4d13-bf3d-e4bdf3bdeca8', 'MIRABELLE ALL I', 'mirabelle all i', 'Fruits & Légumes', 'kg', true);
INSERT INTO appro_prix (id, article_id, fournisseur_id, designation, reference_fournisseur, pu_ht, unite, taux_tva, source, actif) VALUES ('51aae63b-88fa-4f5d-ad63-48f2f46ea8b3', '87b0d693-e977-4d13-bf3d-e4bdf3bdeca8', '21fbe47e-0b13-40b5-984f-673cb012149f', 'MIRABELLE ALL I', 'DE', 23.8, 'kg', 0.055, 'import_2026', true);
INSERT INTO appro_catalogue (id, nom, nom_recherche, categorie, unite, actif) VALUES ('2a2f5dde-ac45-4e5c-9f92-865de8f1e79c', 'OIGNON ROUGE HVE3 ALS 6/8 SAC5K I', 'oignon rouge hve3 als 6 8 sac5k i', 'Fruits & Légumes', 'kg', true);
INSERT INTO appro_prix (id, article_id, fournisseur_id, designation, reference_fournisseur, pu_ht, unite, taux_tva, source, actif) VALUES ('eac7ef6c-aa72-4c27-b77a-8fda5f4bb51d', '2a2f5dde-ac45-4e5c-9f92-865de8f1e79c', '21fbe47e-0b13-40b5-984f-673cb012149f', 'OIGNON ROUGE HVE3 ALS 6/8 SAC5K I', 'FR', 6.5, 'kg', 0.055, 'import_2026', true);
INSERT INTO appro_catalogue (id, nom, nom_recherche, categorie, unite, actif) VALUES ('34e93cb1-1a29-41df-9111-15ec85875909', 'POMME SAUTTER 0,25 L - VC', 'pomme sautter 0 25 l vc', 'Boisson sans alcool', 'pce', true);
INSERT INTO appro_prix (id, article_id, fournisseur_id, designation, reference_fournisseur, pu_ht, unite, taux_tva, source, actif) VALUES ('2c338ef8-8500-4a56-bb86-a60967b53465', '34e93cb1-1a29-41df-9111-15ec85875909', '3ef9d8c3-4455-420e-a3f9-0074777761e5', 'POMME SAUTTER 0,25 L - VC', '1624', 0.81, 'pce', 0.055, 'import_2026', true);
INSERT INTO appro_catalogue (id, nom, nom_recherche, categorie, unite, actif) VALUES ('1e6a89e8-06fe-4cf3-ad3a-660908d7493a', 'CH CHAMPIGNON P.C POLOG G 2KG I K 2 4 A', 'ch champignon p c polog g 2kg i k 2 4 a', 'Fruits & Légumes', 'kg', true);
INSERT INTO appro_prix (id, article_id, fournisseur_id, designation, reference_fournisseur, pu_ht, unite, taux_tva, source, actif) VALUES ('ffd04daa-5f1b-43d5-a727-4bf258857688', '1e6a89e8-06fe-4cf3-ad3a-660908d7493a', '21fbe47e-0b13-40b5-984f-673cb012149f', 'CH CHAMPIGNON P.C POLOG G 2KG I K 2 4 A', 'PL', 9.5, 'kg', 0.055, 'import_2026', true);
INSERT INTO appro_catalogue (id, nom, nom_recherche, categorie, unite, actif) VALUES ('3ff9df02-9252-4ec0-9367-e85d77feb6f8', 'COURG.MUSCADE MIDI', 'courg muscade midi', 'Fruits & Légumes', 'kg', true);
INSERT INTO appro_prix (id, article_id, fournisseur_id, designation, reference_fournisseur, pu_ht, unite, taux_tva, source, actif) VALUES ('ec8e3e11-b858-4516-b970-9c50b745a18d', '3ff9df02-9252-4ec0-9367-e85d77feb6f8', '21fbe47e-0b13-40b5-984f-673cb012149f', 'COURG.MUSCADE MIDI', 'FR', 930.0, 'kg', 0.055, 'import_2026', true);
INSERT INTO appro_catalogue (id, nom, nom_recherche, categorie, unite, actif) VALUES ('2fd0dbec-d0a4-499a-9eba-8a2deb3cc527', 'CAROTTE FR BOQ 1KG I X12', 'carotte fr boq 1kg i x12', 'Fruits & Légumes', 'pce', true);
INSERT INTO appro_prix (id, article_id, fournisseur_id, designation, reference_fournisseur, pu_ht, unite, taux_tva, source, actif) VALUES ('d1615b91-b365-4d74-a8ca-27d2877e2d2a', '2fd0dbec-d0a4-499a-9eba-8a2deb3cc527', '21fbe47e-0b13-40b5-984f-673cb012149f', 'CAROTTE FR BOQ 1KG I X12', 'FR', 17.13, 'pce', 0.055, 'import_2026', true);
INSERT INTO appro_catalogue (id, nom, nom_recherche, categorie, unite, actif) VALUES ('5830fb82-0abc-4ced-9c12-7b8626fdaafa', '1,5L LIQ VAISS DEGR CITR PMC', '1 5l liq vaiss degr citr pmc', 'Entretien/Hygiène', 'pce', true);
INSERT INTO appro_prix (id, article_id, fournisseur_id, designation, reference_fournisseur, pu_ht, unite, taux_tva, source, actif) VALUES ('7c63d07f-d09d-423f-858f-dfb2e6d505df', '5830fb82-0abc-4ced-9c12-7b8626fdaafa', 'ba2f7076-33c2-4ce9-ad90-5778e30c29d3', '1,5L LIQ VAISS DEGR CITR PMC', '656684', 3.08, 'pce', 0.2, 'import_2026', true);
INSERT INTO appro_catalogue (id, nom, nom_recherche, categorie, unite, actif) VALUES ('2d345e82-ccd5-4db2-8397-9af4e364420d', 'VINAIGRE ALCOOL BLC 1,5L', 'vinaigre alcool blc 1 5l', 'Alimentaire', 'pce', true);
INSERT INTO appro_prix (id, article_id, fournisseur_id, designation, reference_fournisseur, pu_ht, unite, taux_tva, source, actif) VALUES ('c56e05d9-2b94-4285-aed2-eaef69470031', '2d345e82-ccd5-4db2-8397-9af4e364420d', 'cf4d1399-a4c8-422f-ae11-c9e5a97f733a', 'VINAIGRE ALCOOL BLC 1,5L', 'A02336', 1.15, 'pce', 0.055, 'import_2026', true);
INSERT INTO appro_catalogue (id, nom, nom_recherche, categorie, unite, actif) VALUES ('9e0970f9-659b-415f-946d-c661faa787f8', 'CLEM.CORSE CORSE 2 10KG I', 'clem corse corse 2 10kg i', 'Fruits & Légumes', 'kg', true);
INSERT INTO appro_prix (id, article_id, fournisseur_id, designation, reference_fournisseur, pu_ht, unite, taux_tva, source, actif) VALUES ('9a290af5-5a80-4f92-a7e1-4b13aa97db09', '9e0970f9-659b-415f-946d-c661faa787f8', '21fbe47e-0b13-40b5-984f-673cb012149f', 'CLEM.CORSE CORSE 2 10KG I', 'FR', 43.5, 'kg', 0.055, 'import_2026', true);
INSERT INTO appro_catalogue (id, nom, nom_recherche, categorie, unite, actif) VALUES ('3ab5cb60-e1fc-41d1-abde-07a1046c7e18', 'PERSIL PLAT ES I POLY X20', 'persil plat es i poly x20', 'Fruits & Légumes', 'pce', true);
INSERT INTO appro_prix (id, article_id, fournisseur_id, designation, reference_fournisseur, pu_ht, unite, taux_tva, source, actif) VALUES ('0655cadb-4213-4635-973b-93dc64d9503f', '3ab5cb60-e1fc-41d1-abde-07a1046c7e18', '21fbe47e-0b13-40b5-984f-673cb012149f', 'PERSIL PLAT ES I POLY X20', 'ES', 17.75, 'pce', 0.055, 'import_2026', true);
INSERT INTO appro_catalogue (id, nom, nom_recherche, categorie, unite, actif) VALUES ('15b38e0c-bfa2-4802-b6d8-253f1890cfe8', 'OIGNON 10KG', 'oignon 10kg', 'Alimentaire', 'pce', true);
INSERT INTO appro_prix (id, article_id, fournisseur_id, designation, reference_fournisseur, pu_ht, unite, taux_tva, source, actif) VALUES ('2511ca3d-148c-4549-89b2-170ffff3ae5b', '15b38e0c-bfa2-4802-b6d8-253f1890cfe8', 'cf4d1399-a4c8-422f-ae11-c9e5a97f733a', 'OIGNON 10KG', 'A00614', 8.82, 'pce', 0.055, 'import_2026', true);
INSERT INTO appro_catalogue (id, nom, nom_recherche, categorie, unite, actif) VALUES ('008ad628-85fa-444b-9ec3-f41d028a35c0', 'CARTON 6 BT EDV 1L 2 RHUM BRUN 1L 44% GASTRO W 44,0', 'carton 6 bt edv 1l 2 rhum brun 1l 44 gastro w 44 0', 'Boisson alcoolisée', 'Bouteille', true);
INSERT INTO appro_prix (id, article_id, fournisseur_id, designation, reference_fournisseur, pu_ht, unite, taux_tva, source, actif) VALUES ('2dea921d-5f6b-4300-8e70-1e255552a548', '008ad628-85fa-444b-9ec3-f41d028a35c0', '2b28ab5a-0091-4d1b-9f77-a56647888abc', 'CARTON 6 BT EDV 1L 2 RHUM BRUN 1L 44% GASTRO W 44,0', '19263', 8.8, 'Bouteille', 0.2, 'import_2026', true);
INSERT INTO appro_catalogue (id, nom, nom_recherche, categorie, unite, actif) VALUES ('e59f2a05-2503-4a39-9b1b-74e6004d42a2', 'POIVRON TRICOLORE ES SACH500G I X10', 'poivron tricolore es sach500g i x10', 'Fruits & Légumes', 'pce', true);
INSERT INTO appro_prix (id, article_id, fournisseur_id, designation, reference_fournisseur, pu_ht, unite, taux_tva, source, actif) VALUES ('2878e03e-8d43-4df2-ab19-88a4a0330d04', 'e59f2a05-2503-4a39-9b1b-74e6004d42a2', '21fbe47e-0b13-40b5-984f-673cb012149f', 'POIVRON TRICOLORE ES SACH500G I X10', 'ES', 21.88, 'pce', 0.055, 'import_2026', true);
INSERT INTO appro_catalogue (id, nom, nom_recherche, categorie, unite, actif) VALUES ('0f498b19-858a-4a77-81df-738a14fd60da', 'POIRE DOY DE COMICE NL 70-75 I', 'poire doy de comice nl 70 75 i', 'Fruits & Légumes', 'kg', true);
INSERT INTO appro_prix (id, article_id, fournisseur_id, designation, reference_fournisseur, pu_ht, unite, taux_tva, source, actif) VALUES ('90bd9327-da84-4ac9-8f7b-66f33cbf3f44', '0f498b19-858a-4a77-81df-738a14fd60da', '21fbe47e-0b13-40b5-984f-673cb012149f', 'POIRE DOY DE COMICE NL 70-75 I', 'NL', 21.08, 'kg', 0.055, 'import_2026', true);
INSERT INTO appro_catalogue (id, nom, nom_recherche, categorie, unite, actif) VALUES ('055810b0-8075-4c47-8c3c-8048f8d74708', '250G MGRT CND FUME TRANCHE SAT', '250g mgrt cnd fume tranche sat', 'Alimentaire', 'pce', true);
INSERT INTO appro_prix (id, article_id, fournisseur_id, designation, reference_fournisseur, pu_ht, unite, taux_tva, source, actif) VALUES ('115c781d-ee63-4289-9f45-ca1ae008cdd5', '055810b0-8075-4c47-8c3c-8048f8d74708', 'ba2f7076-33c2-4ce9-ad90-5778e30c29d3', '250G MGRT CND FUME TRANCHE SAT', '178449', 8.56, 'pce', 0.055, 'import_2026', true);
INSERT INTO appro_catalogue (id, nom, nom_recherche, categorie, unite, actif) VALUES ('38510676-1a78-448a-968a-2d2feb04a286', 'CITRON ES 3 I', 'citron es 3 i', 'Fruits & Légumes', 'kg', true);
INSERT INTO appro_prix (id, article_id, fournisseur_id, designation, reference_fournisseur, pu_ht, unite, taux_tva, source, actif) VALUES ('d8b97628-f56f-4cbb-bb25-3994afa36f25', '38510676-1a78-448a-968a-2d2feb04a286', '21fbe47e-0b13-40b5-984f-673cb012149f', 'CITRON ES 3 I', 'ES', 22.67, 'kg', 0.055, 'import_2026', true);
INSERT INTO appro_catalogue (id, nom, nom_recherche, categorie, unite, actif) VALUES ('4fe1601a-9a12-4939-8bd5-936541dca6c6', 'ELSASS COLA ZERO 0,33 L - VC', 'elsass cola zero 0 33 l vc', 'Boisson sans alcool', 'pce', true);
INSERT INTO appro_prix (id, article_id, fournisseur_id, designation, reference_fournisseur, pu_ht, unite, taux_tva, source, actif) VALUES ('5197ed88-3ff5-404e-9a66-cf06c1373231', '4fe1601a-9a12-4939-8bd5-936541dca6c6', '3ef9d8c3-4455-420e-a3f9-0074777761e5', 'ELSASS COLA ZERO 0,33 L - VC', '1120', 0.69, 'pce', 0.055, 'import_2026', true);
INSERT INTO appro_catalogue (id, nom, nom_recherche, categorie, unite, actif) VALUES ('0b5ff476-c15a-4afc-bb0a-05d3af128ceb', 'SAC S/VIDE LISSE 300X400 X100', 'sac s vide lisse 300x400 x100', 'Entretien/Hygiène', 'pce', true);
INSERT INTO appro_prix (id, article_id, fournisseur_id, designation, reference_fournisseur, pu_ht, unite, taux_tva, source, actif) VALUES ('767ff36e-40ef-4e1d-bdd1-0a8067212fc3', '0b5ff476-c15a-4afc-bb0a-05d3af128ceb', 'cf4d1399-a4c8-422f-ae11-c9e5a97f733a', 'SAC S/VIDE LISSE 300X400 X100', 'A00756', 16.47, 'pce', 0.2, 'import_2026', true);
INSERT INTO appro_catalogue (id, nom, nom_recherche, categorie, unite, actif) VALUES ('3703d639-9748-42f8-b94c-3ac467de591d', 'CONCOMBRE MIDI 4/5 I X12', 'concombre midi 4 5 i x12', 'Fruits & Légumes', 'pce', true);
INSERT INTO appro_prix (id, article_id, fournisseur_id, designation, reference_fournisseur, pu_ht, unite, taux_tva, source, actif) VALUES ('e51ad039-0d0b-4e68-91b7-6c91e11ba8ce', '3703d639-9748-42f8-b94c-3ac467de591d', '21fbe47e-0b13-40b5-984f-673cb012149f', 'CONCOMBRE MIDI 4/5 I X12', 'FR', 16.35, 'pce', 0.055, 'import_2026', true);
INSERT INTO appro_catalogue (id, nom, nom_recherche, categorie, unite, actif) VALUES ('5ed51ebb-63ef-4b1d-bf10-ff79b1bd16b0', 'CITRON EUREKA ZA 3 I MADEMOISE', 'citron eureka za 3 i mademoise', 'Fruits & Légumes', 'kg', true);
INSERT INTO appro_prix (id, article_id, fournisseur_id, designation, reference_fournisseur, pu_ht, unite, taux_tva, source, actif) VALUES ('e8a7833b-3bca-4b10-aeba-48c7d8d443ff', '5ed51ebb-63ef-4b1d-bf10-ff79b1bd16b0', '21fbe47e-0b13-40b5-984f-673cb012149f', 'CITRON EUREKA ZA 3 I MADEMOISE', 'ZA', 23.34, 'kg', 0.055, 'import_2026', true);
INSERT INTO appro_catalogue (id, nom, nom_recherche, categorie, unite, actif) VALUES ('7c533d55-a48b-46e9-9e01-ceee4f60c561', 'GOURMANDISE GRIOTTISSIMO 1L 15,0', 'gourmandise griottissimo 1l 15 0', 'Boisson alcoolisée', 'Bouteille', true);
INSERT INTO appro_prix (id, article_id, fournisseur_id, designation, reference_fournisseur, pu_ht, unite, taux_tva, source, actif) VALUES ('cfbdf42e-3d3a-471a-a588-56a0b18a0e9b', '7c533d55-a48b-46e9-9e01-ceee4f60c561', '2b28ab5a-0091-4d1b-9f77-a56647888abc', 'GOURMANDISE GRIOTTISSIMO 1L 15,0', '51069', 16.25, 'Bouteille', 0.2, 'import_2026', true);
INSERT INTO appro_catalogue (id, nom, nom_recherche, categorie, unite, actif) VALUES ('824c59e3-2e95-41b3-a73d-0d03533fceb0', 'OIGNON JAUNE HVE3 ALS 4/6 SAC5K I', 'oignon jaune hve3 als 4 6 sac5k i', 'Fruits & Légumes', 'kg', true);
INSERT INTO appro_prix (id, article_id, fournisseur_id, designation, reference_fournisseur, pu_ht, unite, taux_tva, source, actif) VALUES ('e4462d2b-d186-47d8-baff-6aa47bb9c7bd', '824c59e3-2e95-41b3-a73d-0d03533fceb0', '21fbe47e-0b13-40b5-984f-673cb012149f', 'OIGNON JAUNE HVE3 ALS 4/6 SAC5K I', 'FR', 4.0, 'kg', 0.055, 'import_2026', true);
INSERT INTO appro_catalogue (id, nom, nom_recherche, categorie, unite, actif) VALUES ('5c21f039-f3e1-4e69-8b73-907d9647f745', 'CARTON 6 BT EDV 1L 2 RHUM BRUN PATISSIER 1L 54% W 54,0', 'carton 6 bt edv 1l 2 rhum brun patissier 1l 54 w 54 0', 'Boisson alcoolisée', 'Bouteille', true);
INSERT INTO appro_prix (id, article_id, fournisseur_id, designation, reference_fournisseur, pu_ht, unite, taux_tva, source, actif) VALUES ('96ebae20-bde7-4245-93ce-191baf265df9', '5c21f039-f3e1-4e69-8b73-907d9647f745', '2b28ab5a-0091-4d1b-9f77-a56647888abc', 'CARTON 6 BT EDV 1L 2 RHUM BRUN PATISSIER 1L 54% W 54,0', '5760', 8.0, 'Bouteille', 0.2, 'import_2026', true);
INSERT INTO appro_catalogue (id, nom, nom_recherche, categorie, unite, actif) VALUES ('bf8954a4-7d1c-4bcd-b1a3-e9f7ceafc7e6', 'CREME PECHE VIGNES PAYS. VEDRENNE 0,70 L', 'creme peche vignes pays vedrenne 0 70 l', 'Boisson alcoolisée', 'pce', true);
INSERT INTO appro_prix (id, article_id, fournisseur_id, designation, reference_fournisseur, pu_ht, unite, taux_tva, source, actif) VALUES ('f46ea421-f6ab-468a-baf3-69593025723b', 'bf8954a4-7d1c-4bcd-b1a3-e9f7ceafc7e6', '3ef9d8c3-4455-420e-a3f9-0074777761e5', 'CREME PECHE VIGNES PAYS. VEDRENNE 0,70 L', '3491', 7.98, 'pce', 0.2, 'import_2026', true);
INSERT INTO appro_catalogue (id, nom, nom_recherche, categorie, unite, actif) VALUES ('3d267ed3-914b-4fc2-8427-c3ce98dd4b54', 'CAROTTE HVE3 ALS M SAC5SK I', 'carotte hve3 als m sac5sk i', 'Fruits & Légumes', 'kg', true);
INSERT INTO appro_prix (id, article_id, fournisseur_id, designation, reference_fournisseur, pu_ht, unite, taux_tva, source, actif) VALUES ('23add270-50cb-4bad-8cde-2c42b7c1f536', '3d267ed3-914b-4fc2-8427-c3ce98dd4b54', '21fbe47e-0b13-40b5-984f-673cb012149f', 'CAROTTE HVE3 ALS M SAC5SK I', 'FR', 7.75, 'kg', 0.055, 'import_2026', true);
INSERT INTO appro_catalogue (id, nom, nom_recherche, categorie, unite, actif) VALUES ('21f55d39-7fd6-4130-9745-b37129d25a7b', 'HCIBOULETTE FR BQ100G I AUDA', 'hciboulette fr bq100g i auda', 'Fruits & Légumes', 'pce', true);
INSERT INTO appro_prix (id, article_id, fournisseur_id, designation, reference_fournisseur, pu_ht, unite, taux_tva, source, actif) VALUES ('aafbd65b-dd81-418f-b809-16c199619d02', '21f55d39-7fd6-4130-9745-b37129d25a7b', '21fbe47e-0b13-40b5-984f-673cb012149f', 'HCIBOULETTE FR BQ100G I AUDA', 'FR', 3.8, 'pce', 0.055, 'import_2026', true);
INSERT INTO appro_catalogue (id, nom, nom_recherche, categorie, unite, actif) VALUES ('1b53179b-b54f-49f6-b671-e52d8df1efcc', '1KG CONFIT CUIS CD SVX4 EQR', '1kg confit cuis cd svx4 eqr', 'Alimentaire', 'pce', true);
INSERT INTO appro_prix (id, article_id, fournisseur_id, designation, reference_fournisseur, pu_ht, unite, taux_tva, source, actif) VALUES ('656ebe01-2bc3-4ad8-92fa-d5a92550b04d', '1b53179b-b54f-49f6-b671-e52d8df1efcc', 'ba2f7076-33c2-4ce9-ad90-5778e30c29d3', '1KG CONFIT CUIS CD SVX4 EQR', '455280', 14.99, 'pce', 0.055, 'import_2026', true);
INSERT INTO appro_catalogue (id, nom, nom_recherche, categorie, unite, actif) VALUES ('0528e774-42bc-42b5-9cee-1d89af2f57c5', 'EPONGE VERTE PM X 10', 'eponge verte pm x 10', 'Entretien/Hygiène', 'pce', true);
INSERT INTO appro_prix (id, article_id, fournisseur_id, designation, reference_fournisseur, pu_ht, unite, taux_tva, source, actif) VALUES ('21a2b84f-32ce-4f4a-bdad-f20e6c666685', '0528e774-42bc-42b5-9cee-1d89af2f57c5', 'cf4d1399-a4c8-422f-ae11-c9e5a97f733a', 'EPONGE VERTE PM X 10', '012315', 4.94, 'pce', 0.2, 'import_2026', true);
INSERT INTO appro_catalogue (id, nom, nom_recherche, categorie, unite, actif) VALUES ('595c276d-3a9a-4b5c-966e-8f7c130e3480', 'POIRE GUYOT MIDI 65-70 I PLT', 'poire guyot midi 65 70 i plt', 'Fruits & Légumes', 'kg', true);
INSERT INTO appro_prix (id, article_id, fournisseur_id, designation, reference_fournisseur, pu_ht, unite, taux_tva, source, actif) VALUES ('2ee0faf5-a10a-48b7-a360-765f9814466b', '595c276d-3a9a-4b5c-966e-8f7c130e3480', '21fbe47e-0b13-40b5-984f-673cb012149f', 'POIRE GUYOT MIDI 65-70 I PLT', 'FR', 12.75, 'kg', 0.055, 'import_2026', true);
INSERT INTO appro_catalogue (id, nom, nom_recherche, categorie, unite, actif) VALUES ('9b573d8d-fbda-467d-b95b-797849b1fd27', 'CREME CASSIS BOIS LE DUC VEDRENNE 1 L', 'creme cassis bois le duc vedrenne 1 l', 'Boisson alcoolisée', 'pce', true);
INSERT INTO appro_prix (id, article_id, fournisseur_id, designation, reference_fournisseur, pu_ht, unite, taux_tva, source, actif) VALUES ('611491fa-2310-4254-aefb-d063f7337ba2', '9b573d8d-fbda-467d-b95b-797849b1fd27', '3ef9d8c3-4455-420e-a3f9-0074777761e5', 'CREME CASSIS BOIS LE DUC VEDRENNE 1 L', '3352', 7.37, 'pce', 0.2, 'import_2026', true);
INSERT INTO appro_catalogue (id, nom, nom_recherche, categorie, unite, actif) VALUES ('eeb4b197-0cb6-41be-894c-338e6506d0b0', '340G MEP PESTO ROUGE KNORR', '340g mep pesto rouge knorr', 'Alimentaire', 'pce', true);
INSERT INTO appro_prix (id, article_id, fournisseur_id, designation, reference_fournisseur, pu_ht, unite, taux_tva, source, actif) VALUES ('bd3ba478-992e-43fc-b5f7-97662df01db4', 'eeb4b197-0cb6-41be-894c-338e6506d0b0', 'ba2f7076-33c2-4ce9-ad90-5778e30c29d3', '340G MEP PESTO ROUGE KNORR', '268059', 14.72, 'pce', 0.055, 'import_2026', true);
INSERT INTO appro_catalogue (id, nom, nom_recherche, categorie, unite, actif) VALUES ('356a4c3f-a00e-43b2-b7c6-390976a2c961', 'CONCOMBRE ALS 4/5 I X12', 'concombre als 4 5 i x12', 'Fruits & Légumes', 'pce', true);
INSERT INTO appro_prix (id, article_id, fournisseur_id, designation, reference_fournisseur, pu_ht, unite, taux_tva, source, actif) VALUES ('3a783721-2597-432c-bc16-c639ee1cc174', '356a4c3f-a00e-43b2-b7c6-390976a2c961', '21fbe47e-0b13-40b5-984f-673cb012149f', 'CONCOMBRE ALS 4/5 I X12', 'FR', 13.52, 'pce', 0.055, 'import_2026', true);
INSERT INTO appro_catalogue (id, nom, nom_recherche, categorie, unite, actif) VALUES ('f50c777f-ff0b-4880-be00-b1799050cb42', 'NAVET BLANC HVE3 ALS SAC5K I', 'navet blanc hve3 als sac5k i', 'Fruits & Légumes', 'kg', true);
INSERT INTO appro_prix (id, article_id, fournisseur_id, designation, reference_fournisseur, pu_ht, unite, taux_tva, source, actif) VALUES ('85860c32-8905-4fb4-b801-f269e4df1ee2', 'f50c777f-ff0b-4880-be00-b1799050cb42', '21fbe47e-0b13-40b5-984f-673cb012149f', 'NAVET BLANC HVE3 ALS SAC5K I', 'FR', 9.0, 'kg', 0.055, 'import_2026', true);
INSERT INTO appro_catalogue (id, nom, nom_recherche, categorie, unite, actif) VALUES ('25af6ee9-b142-4baf-8345-53364fa8b523', 'PRUNE B. PRESENTA ALS 6KG I', 'prune b presenta als 6kg i', 'Fruits & Légumes', 'kg', true);
INSERT INTO appro_prix (id, article_id, fournisseur_id, designation, reference_fournisseur, pu_ht, unite, taux_tva, source, actif) VALUES ('37a8a779-e2ea-402c-86ae-28e80f948eb7', '25af6ee9-b142-4baf-8345-53364fa8b523', '21fbe47e-0b13-40b5-984f-673cb012149f', 'PRUNE B. PRESENTA ALS 6KG I', 'FR', 14.4, 'kg', 0.055, 'import_2026', true);
INSERT INTO appro_catalogue (id, nom, nom_recherche, categorie, unite, actif) VALUES ('f53bed12-320f-4845-9601-5bd8c711d0ad', 'CLEM.CORSE CORSE 1 10KG I', 'clem corse corse 1 10kg i', 'Fruits & Légumes', 'kg', true);
INSERT INTO appro_prix (id, article_id, fournisseur_id, designation, reference_fournisseur, pu_ht, unite, taux_tva, source, actif) VALUES ('487dbd13-1a30-4e61-9fbb-51938297e8e5', 'f53bed12-320f-4845-9601-5bd8c711d0ad', '21fbe47e-0b13-40b5-984f-673cb012149f', 'CLEM.CORSE CORSE 1 10KG I', 'FR', 43.52, 'kg', 0.055, 'import_2026', true);
INSERT INTO appro_catalogue (id, nom, nom_recherche, categorie, unite, actif) VALUES ('d2269da7-19b4-4353-a3ea-b868c960b25f', 'POIRE GUYOT BIO FR 60-65 II PLT *', 'poire guyot bio fr 60 65 ii plt', 'Fruits & Légumes', 'kg', true);
INSERT INTO appro_prix (id, article_id, fournisseur_id, designation, reference_fournisseur, pu_ht, unite, taux_tva, source, actif) VALUES ('a1590a8b-731a-4fb5-ae7f-b09181a587b8', 'd2269da7-19b4-4353-a3ea-b868c960b25f', '21fbe47e-0b13-40b5-984f-673cb012149f', 'POIRE GUYOT BIO FR 60-65 II PLT *', 'FR', 20.96, 'kg', 0.055, 'import_2026', true);
INSERT INTO appro_catalogue (id, nom, nom_recherche, categorie, unite, actif) VALUES ('90844d0e-36e9-4c01-a87e-4e86486369a6', 'TOMATE CONCENTRE 4/4', 'tomate concentre 4 4', 'Alimentaire', 'pce', true);
INSERT INTO appro_prix (id, article_id, fournisseur_id, designation, reference_fournisseur, pu_ht, unite, taux_tva, source, actif) VALUES ('ee7fd657-596c-4a41-b0c8-64b8bf0cc53c', '90844d0e-36e9-4c01-a87e-4e86486369a6', 'cf4d1399-a4c8-422f-ae11-c9e5a97f733a', 'TOMATE CONCENTRE 4/4', 'A00065', 3.56, 'pce', 0.055, 'import_2026', true);
INSERT INTO appro_catalogue (id, nom, nom_recherche, categorie, unite, actif) VALUES ('6e4f8731-b4e0-406e-bd81-bea1f48b20b0', 'RIZ BASMATI 5KG', 'riz basmati 5kg', 'Alimentaire', 'pce', true);
INSERT INTO appro_prix (id, article_id, fournisseur_id, designation, reference_fournisseur, pu_ht, unite, taux_tva, source, actif) VALUES ('201dc173-082e-45bf-8bf6-0b7862de38f4', '6e4f8731-b4e0-406e-bd81-bea1f48b20b0', 'cf4d1399-a4c8-422f-ae11-c9e5a97f733a', 'RIZ BASMATI 5KG', 'A01095', 14.18, 'pce', 0.055, 'import_2026', true);
INSERT INTO appro_catalogue (id, nom, nom_recherche, categorie, unite, actif) VALUES ('d60633b0-8838-4184-8fa2-9f444a2c645b', 'FOND BLANC VOLAILLE 800GRS', 'fond blanc volaille 800grs', 'Alimentaire', 'pce', true);
INSERT INTO appro_prix (id, article_id, fournisseur_id, designation, reference_fournisseur, pu_ht, unite, taux_tva, source, actif) VALUES ('5adf37c2-81f2-43df-ae8b-05cd3eb85d6a', 'd60633b0-8838-4184-8fa2-9f444a2c645b', 'cf4d1399-a4c8-422f-ae11-c9e5a97f733a', 'FOND BLANC VOLAILLE 800GRS', 'A01198', 14.18, 'pce', 0.055, 'import_2026', true);
INSERT INTO appro_catalogue (id, nom, nom_recherche, categorie, unite, actif) VALUES ('4198acf7-89ad-4fb5-b46a-bc494db34950', 'BOUILLON DE BOEUF 1000GRS', 'bouillon de boeuf 1000grs', 'Alimentaire', 'pce', true);
INSERT INTO appro_prix (id, article_id, fournisseur_id, designation, reference_fournisseur, pu_ht, unite, taux_tva, source, actif) VALUES ('39b4d560-af9c-4b8b-9dc0-f241c0156996', '4198acf7-89ad-4fb5-b46a-bc494db34950', 'cf4d1399-a4c8-422f-ae11-c9e5a97f733a', 'BOUILLON DE BOEUF 1000GRS', 'A00555', 14.07, 'pce', 0.055, 'import_2026', true);
INSERT INTO appro_catalogue (id, nom, nom_recherche, categorie, unite, actif) VALUES ('f608877e-04d8-4608-baee-e0c20963ae49', 'AUBERGINE MIDI 6KG I', 'aubergine midi 6kg i', 'Fruits & Légumes', 'kg', true);
INSERT INTO appro_prix (id, article_id, fournisseur_id, designation, reference_fournisseur, pu_ht, unite, taux_tva, source, actif) VALUES ('d628cdde-684d-47fc-bc56-48ae785d745a', 'f608877e-04d8-4608-baee-e0c20963ae49', '21fbe47e-0b13-40b5-984f-673cb012149f', 'AUBERGINE MIDI 6KG I', 'FR', 15.47, 'kg', 0.055, 'import_2026', true);
INSERT INTO appro_catalogue (id, nom, nom_recherche, categorie, unite, actif) VALUES ('799a14de-ed53-426e-91ff-6879a8b05ef9', 'CARTON 6 BT EDV 1L 2 RHUM BRUN PATISSIER 1L 41% W 41,0', 'carton 6 bt edv 1l 2 rhum brun patissier 1l 41 w 41 0', 'Boisson alcoolisée', 'Bouteille', true);
INSERT INTO appro_prix (id, article_id, fournisseur_id, designation, reference_fournisseur, pu_ht, unite, taux_tva, source, actif) VALUES ('05ca0f70-dc02-4483-8019-075df025d872', '799a14de-ed53-426e-91ff-6879a8b05ef9', '2b28ab5a-0091-4d1b-9f77-a56647888abc', 'CARTON 6 BT EDV 1L 2 RHUM BRUN PATISSIER 1L 41% W 41,0', '5753', 6.95, 'Bouteille', 0.2, 'import_2026', true);
INSERT INTO appro_catalogue (id, nom, nom_recherche, categorie, unite, actif) VALUES ('b0554247-9a56-4316-8427-96d67d095ae9', 'PATATE DOUCE EG 6KG I', 'patate douce eg 6kg i', 'Fruits & Légumes', 'kg', true);
INSERT INTO appro_prix (id, article_id, fournisseur_id, designation, reference_fournisseur, pu_ht, unite, taux_tva, source, actif) VALUES ('94696dc8-20ea-4126-a13a-ce2b20028449', 'b0554247-9a56-4316-8427-96d67d095ae9', '21fbe47e-0b13-40b5-984f-673cb012149f', 'PATATE DOUCE EG 6KG I', 'EG', 9.64, 'kg', 0.055, 'import_2026', true);
INSERT INTO appro_catalogue (id, nom, nom_recherche, categorie, unite, actif) VALUES ('2c5c8a9f-db73-48f7-977c-d659448d7994', 'LE COMPTOIR ANANAS ABC 1 L - PET', 'le comptoir ananas abc 1 l pet', 'Boisson sans alcool', 'pce', true);
INSERT INTO appro_prix (id, article_id, fournisseur_id, designation, reference_fournisseur, pu_ht, unite, taux_tva, source, actif) VALUES ('dbef6b95-1920-4bf6-92d6-b2561f4f226f', '2c5c8a9f-db73-48f7-977c-d659448d7994', '3ef9d8c3-4455-420e-a3f9-0074777761e5', 'LE COMPTOIR ANANAS ABC 1 L - PET', '1083', 2.29, 'pce', 0.055, 'import_2026', true);
INSERT INTO appro_catalogue (id, nom, nom_recherche, categorie, unite, actif) VALUES ('f5f734b4-426d-4911-916d-6144e0ca87ef', 'ROGNON DE VEAU A/GRAIS.UE', 'rognon de veau a grais ue', 'Alimentaire', 'pce', true);
INSERT INTO appro_prix (id, article_id, fournisseur_id, designation, reference_fournisseur, pu_ht, unite, taux_tva, source, actif) VALUES ('c4052ba1-8d04-40e3-aa6d-bfc3df0e0fd9', 'f5f734b4-426d-4911-916d-6144e0ca87ef', 'ba2f7076-33c2-4ce9-ad90-5778e30c29d3', 'ROGNON DE VEAU A/GRAIS.UE', '583472', 3.4, 'pce', 0.055, 'import_2026', true);
INSERT INTO appro_catalogue (id, nom, nom_recherche, categorie, unite, actif) VALUES ('d5675d53-1701-4b11-b6b0-68d0153d0176', 'HUILE OLIVE EXTRA VIERGE 1L BONARBE', 'huile olive extra vierge 1l bonarbe', 'Alimentaire', 'pce', true);
INSERT INTO appro_prix (id, article_id, fournisseur_id, designation, reference_fournisseur, pu_ht, unite, taux_tva, source, actif) VALUES ('d5d241e1-1850-433e-9061-c6eece5e52a0', 'd5675d53-1701-4b11-b6b0-68d0153d0176', 'cf4d1399-a4c8-422f-ae11-c9e5a97f733a', 'HUILE OLIVE EXTRA VIERGE 1L BONARBE', 'A00203', 6.75, 'pce', 0.055, 'import_2026', true);
INSERT INTO appro_catalogue (id, nom, nom_recherche, categorie, unite, actif) VALUES ('8888dec8-a356-4776-a0a5-e11a4d11297f', 'KG MERGUEZ NAT.VERIT.SEL/GUER.', 'kg merguez nat verit sel guer', 'Alimentaire', 'pce', true);
INSERT INTO appro_prix (id, article_id, fournisseur_id, designation, reference_fournisseur, pu_ht, unite, taux_tva, source, actif) VALUES ('ca38e875-c822-4743-a039-ccd7e584dbb9', '8888dec8-a356-4776-a0a5-e11a4d11297f', 'ba2f7076-33c2-4ce9-ad90-5778e30c29d3', 'KG MERGUEZ NAT.VERIT.SEL/GUER.', '522942', 11.49, 'pce', 0.055, 'import_2026', true);
INSERT INTO appro_catalogue (id, nom, nom_recherche, categorie, unite, actif) VALUES ('a150669f-8910-49af-ba79-9ec3534d17fe', 'DESODORISANT PRINTANIER 750ML', 'desodorisant printanier 750ml', 'Entretien/Hygiène', 'pce', true);
INSERT INTO appro_prix (id, article_id, fournisseur_id, designation, reference_fournisseur, pu_ht, unite, taux_tva, source, actif) VALUES ('7ce96d8b-d1d1-4d7c-a2ec-cfe8a8289793', 'a150669f-8910-49af-ba79-9ec3534d17fe', 'cf4d1399-a4c8-422f-ae11-c9e5a97f733a', 'DESODORISANT PRINTANIER 750ML', 'A01794', 4.32, 'pce', 0.2, 'import_2026', true);
INSERT INTO appro_catalogue (id, nom, nom_recherche, categorie, unite, actif) VALUES ('545ddc5e-a327-4210-be5e-829911c367ee', 'CORIANDRE ENTIERE BTE 1L', 'coriandre entiere bte 1l', 'Alimentaire', 'pce', true);
INSERT INTO appro_prix (id, article_id, fournisseur_id, designation, reference_fournisseur, pu_ht, unite, taux_tva, source, actif) VALUES ('73b58ee3-4cc7-48f3-bf9a-041b2d08630f', '545ddc5e-a327-4210-be5e-829911c367ee', 'cf4d1399-a4c8-422f-ae11-c9e5a97f733a', 'CORIANDRE ENTIERE BTE 1L', 'A00432', 4.28, 'pce', 0.055, 'import_2026', true);
INSERT INTO appro_catalogue (id, nom, nom_recherche, categorie, unite, actif) VALUES ('84439d54-4923-48f8-82dd-cd5252b4e619', 'TOM.CERISE GRAPPE ES 3KG I', 'tom cerise grappe es 3kg i', 'Fruits & Légumes', 'kg', true);
INSERT INTO appro_prix (id, article_id, fournisseur_id, designation, reference_fournisseur, pu_ht, unite, taux_tva, source, actif) VALUES ('4744f0e4-fb29-49cb-9efd-e1015625d6bd', '84439d54-4923-48f8-82dd-cd5252b4e619', '21fbe47e-0b13-40b5-984f-673cb012149f', 'TOM.CERISE GRAPPE ES 3KG I', 'ES', 12.6, 'kg', 0.055, 'import_2026', true);
INSERT INTO appro_catalogue (id, nom, nom_recherche, categorie, unite, actif) VALUES ('1fb5b43e-6219-4244-ac30-3475c65f2445', 'FX CITRON VERT BR LIME I X54', 'fx citron vert br lime i x54', 'Fruits & Légumes', 'kg', true);
INSERT INTO appro_prix (id, article_id, fournisseur_id, designation, reference_fournisseur, pu_ht, unite, taux_tva, source, actif) VALUES ('6bea79d3-ccee-42d1-a6da-eb5cb8eabedb', '1fb5b43e-6219-4244-ac30-3475c65f2445', '21fbe47e-0b13-40b5-984f-673cb012149f', 'FX CITRON VERT BR LIME I X54', 'BR', 26.12, 'kg', 0.055, 'import_2026', true);
INSERT INTO appro_catalogue (id, nom, nom_recherche, categorie, unite, actif) VALUES ('ebbb7f6b-f774-476c-b8b3-3a1a62485913', 'AUBERGINE ES I', 'aubergine es i', 'Fruits & Légumes', 'kg', true);
INSERT INTO appro_prix (id, article_id, fournisseur_id, designation, reference_fournisseur, pu_ht, unite, taux_tva, source, actif) VALUES ('8e725c99-03fc-454a-b81d-73a642352d27', 'ebbb7f6b-f774-476c-b8b3-3a1a62485913', '21fbe47e-0b13-40b5-984f-673cb012149f', 'AUBERGINE ES I', 'ES', 15.81, 'kg', 0.055, 'import_2026', true);
INSERT INTO appro_catalogue (id, nom, nom_recherche, categorie, unite, actif) VALUES ('88a97bc8-f0df-4e06-ab73-b16cef94781e', 'CARTON 6 BT EDV 1L 1 NEO SPRITZ HUGO FLEUR SUREAU 15,0', 'carton 6 bt edv 1l 1 neo spritz hugo fleur sureau 15 0', 'Boisson alcoolisée', 'Bouteille', true);
INSERT INTO appro_prix (id, article_id, fournisseur_id, designation, reference_fournisseur, pu_ht, unite, taux_tva, source, actif) VALUES ('b824d3a1-ba42-42be-a1b5-78b23c928791', '88a97bc8-f0df-4e06-ab73-b16cef94781e', '2b28ab5a-0091-4d1b-9f77-a56647888abc', 'CARTON 6 BT EDV 1L 1 NEO SPRITZ HUGO FLEUR SUREAU 15,0', '49459', 12.35, 'Bouteille', 0.2, 'import_2026', true);
INSERT INTO appro_catalogue (id, nom, nom_recherche, categorie, unite, actif) VALUES ('56247cae-5b43-4f27-99cd-ed3e873e1c85', 'GOURMANDISE CREME QUETSCHE CAN 16,0', 'gourmandise creme quetsche can 16 0', 'Boisson alcoolisée', 'Bouteille', true);
INSERT INTO appro_prix (id, article_id, fournisseur_id, designation, reference_fournisseur, pu_ht, unite, taux_tva, source, actif) VALUES ('97d2b2c1-20a8-450b-8b8f-2fd2ba21cf82', '56247cae-5b43-4f27-99cd-ed3e873e1c85', '2b28ab5a-0091-4d1b-9f77-a56647888abc', 'GOURMANDISE CREME QUETSCHE CAN 16,0', '51067', 12.08, 'Bouteille', 0.2, 'import_2026', true);
INSERT INTO appro_catalogue (id, nom, nom_recherche, categorie, unite, actif) VALUES ('fc1e8cf9-157c-4a5b-9d09-6dd0df157a2f', 'HANETH FR BQ100G I AUDA', 'haneth fr bq100g i auda', 'Fruits & Légumes', 'pce', true);
INSERT INTO appro_prix (id, article_id, fournisseur_id, designation, reference_fournisseur, pu_ht, unite, taux_tva, source, actif) VALUES ('3688ae25-0600-49dd-89ff-b3088a010c58', 'fc1e8cf9-157c-4a5b-9d09-6dd0df157a2f', '21fbe47e-0b13-40b5-984f-673cb012149f', 'HANETH FR BQ100G I AUDA', 'FR', 4.0, 'pce', 0.055, 'import_2026', true);
INSERT INTO appro_catalogue (id, nom, nom_recherche, categorie, unite, actif) VALUES ('3cb46bb0-4359-49a0-b215-c0d2ac3f8d47', 'SL FEKEUI.CHE.RGE MIDI I X12', 'sl fekeui che rge midi i x12', 'Fruits & Légumes', 'pce', true);
INSERT INTO appro_prix (id, article_id, fournisseur_id, designation, reference_fournisseur, pu_ht, unite, taux_tva, source, actif) VALUES ('db0fcc22-7c5e-44da-a09e-a75f7af9c93e', '3cb46bb0-4359-49a0-b215-c0d2ac3f8d47', '21fbe47e-0b13-40b5-984f-673cb012149f', 'SL FEKEUI.CHE.RGE MIDI I X12', 'FR', 12.0, 'pce', 0.055, 'import_2026', true);
INSERT INTO appro_catalogue (id, nom, nom_recherche, categorie, unite, actif) VALUES ('78c200b7-e5c5-4f45-abd9-ca006e51585f', 'FX CITRON VERT BR LIME I X48', 'fx citron vert br lime i x48', 'Fruits & Légumes', 'kg', true);
INSERT INTO appro_prix (id, article_id, fournisseur_id, designation, reference_fournisseur, pu_ht, unite, taux_tva, source, actif) VALUES ('893ca272-703f-4c3b-a4bc-836acd9c742a', '78c200b7-e5c5-4f45-abd9-ca006e51585f', '21fbe47e-0b13-40b5-984f-673cb012149f', 'FX CITRON VERT BR LIME I X48', 'BR', 26.02, 'kg', 0.055, 'import_2026', true);
INSERT INTO appro_catalogue (id, nom, nom_recherche, categorie, unite, actif) VALUES ('7dddd098-44b0-4133-868c-f4897420c2f2', 'CIBOULETTE FRAICHE 100GRS', 'ciboulette fraiche 100grs', 'Alimentaire', 'pce', true);
INSERT INTO appro_prix (id, article_id, fournisseur_id, designation, reference_fournisseur, pu_ht, unite, taux_tva, source, actif) VALUES ('f8fa2f36-12a3-4c43-ab62-6a2883a1f2ba', '7dddd098-44b0-4133-868c-f4897420c2f2', 'cf4d1399-a4c8-422f-ae11-c9e5a97f733a', 'CIBOULETTE FRAICHE 100GRS', 'A00870', 3.96, 'pce', 0.055, 'import_2026', true);
INSERT INTO appro_catalogue (id, nom, nom_recherche, categorie, unite, actif) VALUES ('74d8fb25-390e-42ad-b72e-3acf852dbaa6', 'CITRON EUREKA ZA 4 I', 'citron eureka za 4 i', 'Fruits & Légumes', 'kg', true);
INSERT INTO appro_prix (id, article_id, fournisseur_id, designation, reference_fournisseur, pu_ht, unite, taux_tva, source, actif) VALUES ('ea857ee1-b3e4-4b33-8677-9980934418cf', '74d8fb25-390e-42ad-b72e-3acf852dbaa6', '21fbe47e-0b13-40b5-984f-673cb012149f', 'CITRON EUREKA ZA 4 I', 'ZA', 25.76, 'kg', 0.055, 'import_2026', true);
INSERT INTO appro_catalogue (id, nom, nom_recherche, categorie, unite, actif) VALUES ('b9df9ef3-d687-4d65-b5f2-fea61d9cfb47', 'CITRON EUREKA ZA 4 I MADEMOTSE', 'citron eureka za 4 i mademotse', 'Fruits & Légumes', 'kg', true);
INSERT INTO appro_prix (id, article_id, fournisseur_id, designation, reference_fournisseur, pu_ht, unite, taux_tva, source, actif) VALUES ('790d2d77-92f6-4849-b058-15083b0b5adc', 'b9df9ef3-d687-4d65-b5f2-fea61d9cfb47', '21fbe47e-0b13-40b5-984f-673cb012149f', 'CITRON EUREKA ZA 4 I MADEMOTSE', 'ZA', 25.06, 'kg', 0.055, 'import_2026', true);
INSERT INTO appro_catalogue (id, nom, nom_recherche, categorie, unite, actif) VALUES ('6e08f0d0-316e-473a-9d77-77267fbbe197', 'CAROTTE HVE3 ALS M SACSK I', 'carotte hve3 als m sacsk i', 'Fruits & Légumes', 'kg', true);
INSERT INTO appro_prix (id, article_id, fournisseur_id, designation, reference_fournisseur, pu_ht, unite, taux_tva, source, actif) VALUES ('d8f08798-c6a5-4f5b-8d8f-fd4e274b2f4f', '6e08f0d0-316e-473a-9d77-77267fbbe197', '21fbe47e-0b13-40b5-984f-673cb012149f', 'CAROTTE HVE3 ALS M SACSK I', 'FR', 5.75, 'kg', 0.055, 'import_2026', true);
INSERT INTO appro_catalogue (id, nom, nom_recherche, categorie, unite, actif) VALUES ('ffb852a3-858f-4c3a-abec-5796ae3ef191', 'NAVET BLANC FR SACSK I', 'navet blanc fr sacsk i', 'Fruits & Légumes', 'kg', true);
INSERT INTO appro_prix (id, article_id, fournisseur_id, designation, reference_fournisseur, pu_ht, unite, taux_tva, source, actif) VALUES ('838aa417-30be-44b4-a64f-87d3ebe10dae', 'ffb852a3-858f-4c3a-abec-5796ae3ef191', '21fbe47e-0b13-40b5-984f-673cb012149f', 'NAVET BLANC FR SACSK I', 'FR', 11.5, 'kg', 0.055, 'import_2026', true);
INSERT INTO appro_catalogue (id, nom, nom_recherche, categorie, unite, actif) VALUES ('b62e51b1-dcbf-4638-beae-ab7988f8179e', 'FX CITRON VERT MA LIME I X54', 'fx citron vert ma lime i x54', 'Fruits & Légumes', 'kg', true);
INSERT INTO appro_prix (id, article_id, fournisseur_id, designation, reference_fournisseur, pu_ht, unite, taux_tva, source, actif) VALUES ('fe6a7b38-e3bf-4264-97a5-da35390a40c5', 'b62e51b1-dcbf-4638-beae-ab7988f8179e', '21fbe47e-0b13-40b5-984f-673cb012149f', 'FX CITRON VERT MA LIME I X54', 'MA', 23.27, 'kg', 0.055, 'import_2026', true);
INSERT INTO appro_catalogue (id, nom, nom_recherche, categorie, unite, actif) VALUES ('0bc815df-f68d-4d99-aa9e-a50c89195421', 'OIGNON ROUGE EG 6/8 SAC5K I', 'oignon rouge eg 6 8 sac5k i', 'Fruits & Légumes', 'kg', true);
INSERT INTO appro_prix (id, article_id, fournisseur_id, designation, reference_fournisseur, pu_ht, unite, taux_tva, source, actif) VALUES ('938e54f9-4ad9-48c5-badf-d44a45a618ff', '0bc815df-f68d-4d99-aa9e-a50c89195421', '21fbe47e-0b13-40b5-984f-673cb012149f', 'OIGNON ROUGE EG 6/8 SAC5K I', 'EG', 5.62, 'kg', 0.055, 'import_2026', true);
INSERT INTO appro_catalogue (id, nom, nom_recherche, categorie, unite, actif) VALUES ('06bcccf3-358b-4fa2-a262-84b0d4dd1e47', 'AUBERGINE HVE3 ALS 5KG I', 'aubergine hve3 als 5kg i', 'Fruits & Légumes', 'kg', true);
INSERT INTO appro_prix (id, article_id, fournisseur_id, designation, reference_fournisseur, pu_ht, unite, taux_tva, source, actif) VALUES ('6adc8b8e-0c80-4dd0-96c7-7cde4ef7592d', '06bcccf3-358b-4fa2-a262-84b0d4dd1e47', '21fbe47e-0b13-40b5-984f-673cb012149f', 'AUBERGINE HVE3 ALS 5KG I', 'FR', 11.25, 'kg', 0.055, 'import_2026', true);
INSERT INTO appro_catalogue (id, nom, nom_recherche, categorie, unite, actif) VALUES ('a5f9e83f-2f71-4f86-afc5-9183b052850c', 'POIRE ROCHA PORTU 60-65 I X32', 'poire rocha portu 60 65 i x32', 'Fruits & Légumes', 'kg', true);
INSERT INTO appro_prix (id, article_id, fournisseur_id, designation, reference_fournisseur, pu_ht, unite, taux_tva, source, actif) VALUES ('bd4d1c6b-febb-4f3d-ade1-fcf1032831a6', 'a5f9e83f-2f71-4f86-afc5-9183b052850c', '21fbe47e-0b13-40b5-984f-673cb012149f', 'POIRE ROCHA PORTU 60-65 I X32', 'PT', 11.45, 'kg', 0.055, 'import_2026', true);
INSERT INTO appro_catalogue (id, nom, nom_recherche, categorie, unite, actif) VALUES ('23cea340-d8d1-43d6-ab6f-4bad992b221f', 'QUETSCHE ALL 10KG I', 'quetsche all 10kg i', 'Fruits & Légumes', 'kg', true);
INSERT INTO appro_prix (id, article_id, fournisseur_id, designation, reference_fournisseur, pu_ht, unite, taux_tva, source, actif) VALUES ('e55c8cbc-02d4-4ce8-b625-f4b7b8af4d57', '23cea340-d8d1-43d6-ab6f-4bad992b221f', '21fbe47e-0b13-40b5-984f-673cb012149f', 'QUETSCHE ALL 10KG I', 'DE', 21.5, 'kg', 0.055, 'import_2026', true);
INSERT INTO appro_catalogue (id, nom, nom_recherche, categorie, unite, actif) VALUES ('5fff2a2d-6520-431a-abd2-0942d3ad4a75', 'TOMATE CONCASSEE CUBE 5/1', 'tomate concassee cube 5 1', 'Alimentaire', 'pce', true);
INSERT INTO appro_prix (id, article_id, fournisseur_id, designation, reference_fournisseur, pu_ht, unite, taux_tva, source, actif) VALUES ('a3cad321-39ff-4aba-935b-84f3b979fa00', '5fff2a2d-6520-431a-abd2-0942d3ad4a75', 'cf4d1399-a4c8-422f-ae11-c9e5a97f733a', 'TOMATE CONCASSEE CUBE 5/1', 'A00102', 5.45, 'pce', 0.055, 'import_2026', true);
INSERT INTO appro_catalogue (id, nom, nom_recherche, categorie, unite, actif) VALUES ('4cff648e-a5ac-47f7-8ad6-2ff3df19117f', 'POM ROYAL GALA HVE3 FR 136-165G I PLT', 'pom royal gala hve3 fr 136 165g i plt', 'Fruits & Légumes', 'kg', true);
INSERT INTO appro_prix (id, article_id, fournisseur_id, designation, reference_fournisseur, pu_ht, unite, taux_tva, source, actif) VALUES ('9540b7a7-905c-4de8-8ae1-87b0900b567e', '4cff648e-a5ac-47f7-8ad6-2ff3df19117f', '21fbe47e-0b13-40b5-984f-673cb012149f', 'POM ROYAL GALA HVE3 FR 136-165G I PLT', 'FR', 22.98, 'kg', 0.055, 'import_2026', true);
INSERT INTO appro_catalogue (id, nom, nom_recherche, categorie, unite, actif) VALUES ('4e3a0185-bc94-4038-a191-d38635e4a1e0', 'CHAMPIGNONS PARIS 3KG', 'champignons paris 3kg', 'Alimentaire', 'pce', true);
INSERT INTO appro_prix (id, article_id, fournisseur_id, designation, reference_fournisseur, pu_ht, unite, taux_tva, source, actif) VALUES ('1fe8bad3-ed58-4d10-a16a-3053ba1d57ec', '4e3a0185-bc94-4038-a191-d38635e4a1e0', 'cf4d1399-a4c8-422f-ae11-c9e5a97f733a', 'CHAMPIGNONS PARIS 3KG', 'A00572', 10.45, 'pce', 0.055, 'import_2026', true);
INSERT INTO appro_catalogue (id, nom, nom_recherche, categorie, unite, actif) VALUES ('31ccf9a4-2c30-4754-92b1-3ac5d88eae4f', 'CARTON 6 BT EDV 1L 1 AMER FDB AUTHENTIQUE 15%1LW 15,0', 'carton 6 bt edv 1l 1 amer fdb authentique 15 1lw 15 0', 'Boisson alcoolisée', 'Bouteille', true);
INSERT INTO appro_prix (id, article_id, fournisseur_id, designation, reference_fournisseur, pu_ht, unite, taux_tva, source, actif) VALUES ('4c7286a8-d234-4128-9554-72bc10df4249', '31ccf9a4-2c30-4754-92b1-3ac5d88eae4f', '2b28ab5a-0091-4d1b-9f77-a56647888abc', 'CARTON 6 BT EDV 1L 1 AMER FDB AUTHENTIQUE 15%1LW 15,0', '41710', 10.45, 'Bouteille', 0.2, 'import_2026', true);
INSERT INTO appro_catalogue (id, nom, nom_recherche, categorie, unite, actif) VALUES ('15d4ec29-0fbe-4371-a6a9-a56f23e3dde8', 'POIRE GUYOT MIDI 60-65 I PLT', 'poire guyot midi 60 65 i plt', 'Fruits & Légumes', 'kg', true);
INSERT INTO appro_prix (id, article_id, fournisseur_id, designation, reference_fournisseur, pu_ht, unite, taux_tva, source, actif) VALUES ('b1bcbb8e-0b95-41ef-95c4-ec8e7f5f3ad4', '15d4ec29-0fbe-4371-a6a9-a56f23e3dde8', '21fbe47e-0b13-40b5-984f-673cb012149f', 'POIRE GUYOT MIDI 60-65 I PLT', 'FR', 8.4, 'kg', 0.055, 'import_2026', true);
INSERT INTO appro_catalogue (id, nom, nom_recherche, categorie, unite, actif) VALUES ('315232f6-5d68-4fb4-aa98-7e337b89cc9d', '2,5KG LEG.PR RATATOUIL.EN CUIS', '2 5kg leg pr ratatouil en cuis', 'Alimentaire', 'pce', true);
INSERT INTO appro_prix (id, article_id, fournisseur_id, designation, reference_fournisseur, pu_ht, unite, taux_tva, source, actif) VALUES ('ee6545cc-0a20-4fcc-b66e-dc98e0a0ef92', '315232f6-5d68-4fb4-aa98-7e337b89cc9d', 'ba2f7076-33c2-4ce9-ad90-5778e30c29d3', '2,5KG LEG.PR RATATOUIL.EN CUIS', '819184', 5.12, 'pce', 0.055, 'import_2026', true);
INSERT INTO appro_catalogue (id, nom, nom_recherche, categorie, unite, actif) VALUES ('df909f52-1144-432a-9e7a-95aae0a2fe6d', 'POIRE GUYOT MIDI 65-70 I CC', 'poire guyot midi 65 70 i cc', 'Fruits & Légumes', 'kg', true);
INSERT INTO appro_prix (id, article_id, fournisseur_id, designation, reference_fournisseur, pu_ht, unite, taux_tva, source, actif) VALUES ('db5acb8c-9466-4c43-8faa-e5cf6f04cc59', 'df909f52-1144-432a-9e7a-95aae0a2fe6d', '21fbe47e-0b13-40b5-984f-673cb012149f', 'POIRE GUYOT MIDI 65-70 I CC', 'FR', 10.97, 'kg', 0.055, 'import_2026', true);
INSERT INTO appro_catalogue (id, nom, nom_recherche, categorie, unite, actif) VALUES ('8602ba97-db58-4edf-8bfc-e4b711778d17', 'CLOU GIROFLE BTE 1L', 'clou girofle bte 1l', 'Alimentaire', 'pce', true);
INSERT INTO appro_prix (id, article_id, fournisseur_id, designation, reference_fournisseur, pu_ht, unite, taux_tva, source, actif) VALUES ('f61c2a78-a680-43ac-8205-a80352d82f90', '8602ba97-db58-4edf-8bfc-e4b711778d17', 'cf4d1399-a4c8-422f-ae11-c9e5a97f733a', 'CLOU GIROFLE BTE 1L', 'A00438', 10.19, 'pce', 0.055, 'import_2026', true);
INSERT INTO appro_catalogue (id, nom, nom_recherche, categorie, unite, actif) VALUES ('f09d8ec2-e657-41d2-bb35-494af1e056ca', 'BRETZEL MINI 2,5KG', 'bretzel mini 2 5kg', 'Alimentaire', 'pce', true);
INSERT INTO appro_prix (id, article_id, fournisseur_id, designation, reference_fournisseur, pu_ht, unite, taux_tva, source, actif) VALUES ('9e30822c-6bef-42db-abb3-83ccc961d085', 'f09d8ec2-e657-41d2-bb35-494af1e056ca', 'cf4d1399-a4c8-422f-ae11-c9e5a97f733a', 'BRETZEL MINI 2,5KG', 'A00691', 10.1, 'pce', 0.055, 'import_2026', true);
INSERT INTO appro_catalogue (id, nom, nom_recherche, categorie, unite, actif) VALUES ('24639d36-cf50-48de-bd0e-5fb0b4316c4c', 'ABRICOT FR A 40-45 II', 'abricot fr a 40 45 ii', 'Fruits & Légumes', 'kg', true);
INSERT INTO appro_prix (id, article_id, fournisseur_id, designation, reference_fournisseur, pu_ht, unite, taux_tva, source, actif) VALUES ('e24030d1-a76d-4fc9-b09d-61113572b940', '24639d36-cf50-48de-bd0e-5fb0b4316c4c', '21fbe47e-0b13-40b5-984f-673cb012149f', 'ABRICOT FR A 40-45 II', 'FR', 10.0, 'kg', 0.055, 'import_2026', true);
INSERT INTO appro_catalogue (id, nom, nom_recherche, categorie, unite, actif) VALUES ('47cc98fc-7e2a-4643-a4af-cd4eaee1ae24', 'MARTINI BIANCO CRD 1 L', 'martini bianco crd 1 l', 'Boisson alcoolisée', 'pce', true);
INSERT INTO appro_prix (id, article_id, fournisseur_id, designation, reference_fournisseur, pu_ht, unite, taux_tva, source, actif) VALUES ('31e10b21-1420-4ab0-ba28-6b6a9dcbbce8', '47cc98fc-7e2a-4643-a4af-cd4eaee1ae24', '3ef9d8c3-4455-420e-a3f9-0074777761e5', 'MARTINI BIANCO CRD 1 L', '2241', 9.9, 'pce', 0.2, 'import_2026', true);
INSERT INTO appro_catalogue (id, nom, nom_recherche, categorie, unite, actif) VALUES ('1444248a-b9a7-424e-9c12-9f7790d55990', 'MARTINI ROSSO CRD 1 L', 'martini rosso crd 1 l', 'Boisson alcoolisée', 'pce', true);
INSERT INTO appro_prix (id, article_id, fournisseur_id, designation, reference_fournisseur, pu_ht, unite, taux_tva, source, actif) VALUES ('86849712-c258-4c2f-96fa-d5426ae9d152', '1444248a-b9a7-424e-9c12-9f7790d55990', '3ef9d8c3-4455-420e-a3f9-0074777761e5', 'MARTINI ROSSO CRD 1 L', '2242', 9.9, 'pce', 0.2, 'import_2026', true);
INSERT INTO appro_catalogue (id, nom, nom_recherche, categorie, unite, actif) VALUES ('2c5d363d-90b5-4a5d-bbdb-e0b75a937f00', 'MACHE VRAC', 'mache vrac', 'Alimentaire', 'pce', true);
INSERT INTO appro_prix (id, article_id, fournisseur_id, designation, reference_fournisseur, pu_ht, unite, taux_tva, source, actif) VALUES ('9a24e765-930f-4f87-a70b-f20a32a5eda6', '2c5d363d-90b5-4a5d-bbdb-e0b75a937f00', 'ba2f7076-33c2-4ce9-ad90-5778e30c29d3', 'MACHE VRAC', '099047', 9.78, 'pce', 0.055, 'import_2026', true);
INSERT INTO appro_catalogue (id, nom, nom_recherche, categorie, unite, actif) VALUES ('aa355977-9a9f-4733-8002-e63450fe2e4f', 'NAVET BLANC HVE3 FR 5KG I', 'navet blanc hve3 fr 5kg i', 'Fruits & Légumes', 'kg', true);
INSERT INTO appro_prix (id, article_id, fournisseur_id, designation, reference_fournisseur, pu_ht, unite, taux_tva, source, actif) VALUES ('bb216f69-1ef1-4f9b-b6b2-df1f7946f06d', 'aa355977-9a9f-4733-8002-e63450fe2e4f', '21fbe47e-0b13-40b5-984f-673cb012149f', 'NAVET BLANC HVE3 FR 5KG I', 'FR', 9.75, 'kg', 0.055, 'import_2026', true);
INSERT INTO appro_catalogue (id, nom, nom_recherche, categorie, unite, actif) VALUES ('786da09d-2d6a-4f06-b511-872f82277d3a', '50 BOL SALADE 750. SLR750C SEK', '50 bol salade 750 slr750c sek', 'Entretien/Hygiène', 'pce', true);
INSERT INTO appro_prix (id, article_id, fournisseur_id, designation, reference_fournisseur, pu_ht, unite, taux_tva, source, actif) VALUES ('811cdccb-ac4b-46e6-ba97-6c80c06a33bf', '786da09d-2d6a-4f06-b511-872f82277d3a', 'ba2f7076-33c2-4ce9-ad90-5778e30c29d3', '50 BOL SALADE 750. SLR750C SEK', '200243', 9.74, 'pce', 0.2, 'import_2026', true);
INSERT INTO appro_catalogue (id, nom, nom_recherche, categorie, unite, actif) VALUES ('77ccc71c-2d4b-41c9-a15f-78a9589edfec', 'SAC POUBELLE 130L NOIR X20', 'sac poubelle 130l noir x20', 'Entretien/Hygiène', 'pce', true);
INSERT INTO appro_prix (id, article_id, fournisseur_id, designation, reference_fournisseur, pu_ht, unite, taux_tva, source, actif) VALUES ('48ee6964-f278-43f3-a0a5-249ef65e29ac', '77ccc71c-2d4b-41c9-a15f-78a9589edfec', 'cf4d1399-a4c8-422f-ae11-c9e5a97f733a', 'SAC POUBELLE 130L NOIR X20', '897540', 4.85, 'pce', 0.2, 'import_2026', true);
INSERT INTO appro_catalogue (id, nom, nom_recherche, categorie, unite, actif) VALUES ('859bb1b7-5043-4b67-a615-9d4419180c4a', 'CHAMP EQR BLANC P.COUP HF KG', 'champ eqr blanc p coup hf kg', 'Alimentaire', 'pce', true);
INSERT INTO appro_prix (id, article_id, fournisseur_id, designation, reference_fournisseur, pu_ht, unite, taux_tva, source, actif) VALUES ('9c66d10c-84b1-4b3d-8fb3-7924cafa2644', '859bb1b7-5043-4b67-a615-9d4419180c4a', 'ba2f7076-33c2-4ce9-ad90-5778e30c29d3', 'CHAMP EQR BLANC P.COUP HF KG', '326005', 3.19, 'pce', 0.055, 'import_2026', true);
INSERT INTO appro_catalogue (id, nom, nom_recherche, categorie, unite, actif) VALUES ('031a8f5c-89d3-4bd4-bd70-495eab5bad2a', 'CITRON PRIMOFIORI ES 3 I PLT 1R', 'citron primofiori es 3 i plt 1r', 'Fruits & Légumes', 'kg', true);
INSERT INTO appro_prix (id, article_id, fournisseur_id, designation, reference_fournisseur, pu_ht, unite, taux_tva, source, actif) VALUES ('dd553f12-c231-4577-97a6-f42dde519776', '031a8f5c-89d3-4bd4-bd70-495eab5bad2a', '21fbe47e-0b13-40b5-984f-673cb012149f', 'CITRON PRIMOFIORI ES 3 I PLT 1R', 'ES', 22.09, 'kg', 0.055, 'import_2026', true);
INSERT INTO appro_catalogue (id, nom, nom_recherche, categorie, unite, actif) VALUES ('3612232a-710d-41bb-add9-95777a5b82fc', 'COUSCOUS 5KG', 'couscous 5kg', 'Alimentaire', 'pce', true);
INSERT INTO appro_prix (id, article_id, fournisseur_id, designation, reference_fournisseur, pu_ht, unite, taux_tva, source, actif) VALUES ('256e4af9-e06f-4d26-a614-20c34f895323', '3612232a-710d-41bb-add9-95777a5b82fc', 'cf4d1399-a4c8-422f-ae11-c9e5a97f733a', 'COUSCOUS 5KG', 'A00887', 9.25, 'pce', 0.055, 'import_2026', true);
INSERT INTO appro_catalogue (id, nom, nom_recherche, categorie, unite, actif) VALUES ('4bd4da90-935d-4ebb-9150-8c4245389b2d', '5L HLE TOURNESOL BIDON CLAIROR', '5l hle tournesol bidon clairor', 'Alimentaire', 'pce', true);
INSERT INTO appro_prix (id, article_id, fournisseur_id, designation, reference_fournisseur, pu_ht, unite, taux_tva, source, actif) VALUES ('75285b16-0f64-4976-b5a8-f6b53d2a514d', '4bd4da90-935d-4ebb-9150-8c4245389b2d', 'ba2f7076-33c2-4ce9-ad90-5778e30c29d3', '5L HLE TOURNESOL BIDON CLAIROR', '825655', 9.2, 'pce', 0.055, 'import_2026', true);
INSERT INTO appro_catalogue (id, nom, nom_recherche, categorie, unite, actif) VALUES ('cdb2e160-1e5e-4d62-9b73-27962e7c4efd', '500 PAILLES CARTON BLC', '500 pailles carton blc', 'Entretien/Hygiène', 'pce', true);
INSERT INTO appro_prix (id, article_id, fournisseur_id, designation, reference_fournisseur, pu_ht, unite, taux_tva, source, actif) VALUES ('809c00de-9d75-4ac7-8bea-393b0c58cde2', 'cdb2e160-1e5e-4d62-9b73-27962e7c4efd', 'cf4d1399-a4c8-422f-ae11-c9e5a97f733a', '500 PAILLES CARTON BLC', 'A00725', 9.07, 'pce', 0.2, 'import_2026', true);
INSERT INTO appro_catalogue (id, nom, nom_recherche, categorie, unite, actif) VALUES ('17328683-8625-44b6-a881-a89741d9e73b', 'CREME FRAMBOISE PAYS. VEDRENNE 0,70 L', 'creme framboise pays vedrenne 0 70 l', 'Boisson alcoolisée', 'pce', true);
INSERT INTO appro_prix (id, article_id, fournisseur_id, designation, reference_fournisseur, pu_ht, unite, taux_tva, source, actif) VALUES ('c4c61e80-8a87-4fa3-bac8-3774f3d2c15f', '17328683-8625-44b6-a881-a89741d9e73b', '3ef9d8c3-4455-420e-a3f9-0074777761e5', 'CREME FRAMBOISE PAYS. VEDRENNE 0,70 L', '3492', 9.06, 'pce', 0.2, 'import_2026', true);
INSERT INTO appro_catalogue (id, nom, nom_recherche, categorie, unite, actif) VALUES ('60630726-c470-47af-909f-5324b30b6511', 'CHOU ROUGE PIECE', 'chou rouge piece', 'Alimentaire', 'pce', true);
INSERT INTO appro_prix (id, article_id, fournisseur_id, designation, reference_fournisseur, pu_ht, unite, taux_tva, source, actif) VALUES ('f4c837b0-8dad-4be8-9c56-b36173e4a2ea', '60630726-c470-47af-909f-5324b30b6511', 'ba2f7076-33c2-4ce9-ad90-5778e30c29d3', 'CHOU ROUGE PIECE', '021236', 2.24, 'pce', 0.055, 'import_2026', true);
INSERT INTO appro_catalogue (id, nom, nom_recherche, categorie, unite, actif) VALUES ('881ab541-ef71-496c-8aa9-875e0c03aa14', 'AMER FDB NOEL 15%70 15,0', 'amer fdb noel 15 70 15 0', 'Boisson alcoolisée', 'Bouteille', true);
INSERT INTO appro_prix (id, article_id, fournisseur_id, designation, reference_fournisseur, pu_ht, unite, taux_tva, source, actif) VALUES ('b5faa8ef-fe26-4660-b771-ec5dbc8cebd0', '881ab541-ef71-496c-8aa9-875e0c03aa14', '2b28ab5a-0091-4d1b-9f77-a56647888abc', 'AMER FDB NOEL 15%70 15,0', '43235', 8.94, 'Bouteille', 0.2, 'import_2026', true);
INSERT INTO appro_catalogue (id, nom, nom_recherche, categorie, unite, actif) VALUES ('e0abb7b0-7a4c-4c64-926c-72bb8a28ad87', 'OIGNON ROUGE EG 6/8 FLT1KG I X10', 'oignon rouge eg 6 8 flt1kg i x10', 'Fruits & Légumes', 'pce', true);
INSERT INTO appro_prix (id, article_id, fournisseur_id, designation, reference_fournisseur, pu_ht, unite, taux_tva, source, actif) VALUES ('90362e27-e945-40b9-ba20-9f10f8ba1805', 'e0abb7b0-7a4c-4c64-926c-72bb8a28ad87', '21fbe47e-0b13-40b5-984f-673cb012149f', 'OIGNON ROUGE EG 6/8 FLT1KG I X10', 'EG', 14.75, 'pce', 0.055, 'import_2026', true);
INSERT INTO appro_catalogue (id, nom, nom_recherche, categorie, unite, actif) VALUES ('b901ba8f-e7da-47d0-beb2-b4ca835cb85d', 'PENNE 5KG ITALIENNE', 'penne 5kg italienne', 'Alimentaire', 'pce', true);
INSERT INTO appro_prix (id, article_id, fournisseur_id, designation, reference_fournisseur, pu_ht, unite, taux_tva, source, actif) VALUES ('15638947-cc52-4a51-897b-bd3380d1f843', 'b901ba8f-e7da-47d0-beb2-b4ca835cb85d', 'cf4d1399-a4c8-422f-ae11-c9e5a97f733a', 'PENNE 5KG ITALIENNE', 'A00861', 8.67, 'pce', 0.055, 'import_2026', true);
INSERT INTO appro_catalogue (id, nom, nom_recherche, categorie, unite, actif) VALUES ('99f3056c-5fdc-490d-83fe-7ee0e36a84c2', 'SPAGHETTI 5KG ITALIENNE', 'spaghetti 5kg italienne', 'Alimentaire', 'pce', true);
INSERT INTO appro_prix (id, article_id, fournisseur_id, designation, reference_fournisseur, pu_ht, unite, taux_tva, source, actif) VALUES ('badb17a2-3157-49ed-ac2c-da665f9a0780', '99f3056c-5fdc-490d-83fe-7ee0e36a84c2', 'cf4d1399-a4c8-422f-ae11-c9e5a97f733a', 'SPAGHETTI 5KG ITALIENNE', 'A00859', 8.67, 'pce', 0.055, 'import_2026', true);
INSERT INTO appro_catalogue (id, nom, nom_recherche, categorie, unite, actif) VALUES ('bf88da2a-47a8-4a9b-80f6-ca9db571bfc1', 'DENTELLE DIAM 11,4', 'dentelle diam 11 4', 'Entretien/Hygiène', 'pce', true);
INSERT INTO appro_prix (id, article_id, fournisseur_id, designation, reference_fournisseur, pu_ht, unite, taux_tva, source, actif) VALUES ('f5a2a7dd-9c16-417f-855a-64528cbb50fe', 'bf88da2a-47a8-4a9b-80f6-ca9db571bfc1', 'ba2f7076-33c2-4ce9-ad90-5778e30c29d3', 'DENTELLE DIAM 11,4', '652219', 1.4, 'pce', 0.2, 'import_2026', true);
INSERT INTO appro_catalogue (id, nom, nom_recherche, categorie, unite, actif) VALUES ('9005ea13-a37c-4cdb-9d15-26bc549e3608', 'MASCARPONE GRANAROLO 500GRS', 'mascarpone granarolo 500grs', 'Alimentaire', 'pce', true);
INSERT INTO appro_prix (id, article_id, fournisseur_id, designation, reference_fournisseur, pu_ht, unite, taux_tva, source, actif) VALUES ('e3769137-f9a2-4299-b861-95584ff97da6', '9005ea13-a37c-4cdb-9d15-26bc549e3608', 'cf4d1399-a4c8-422f-ae11-c9e5a97f733a', 'MASCARPONE GRANAROLO 500GRS', 'A00357', 4.16, 'pce', 0.055, 'import_2026', true);
INSERT INTO appro_catalogue (id, nom, nom_recherche, categorie, unite, actif) VALUES ('a10d19d7-f9ab-43d1-96cb-49fa4b491cb7', 'CREME CHATAIGNE PAGES 0,70 L', 'creme chataigne pages 0 70 l', 'Boisson alcoolisée', 'pce', true);
INSERT INTO appro_prix (id, article_id, fournisseur_id, designation, reference_fournisseur, pu_ht, unite, taux_tva, source, actif) VALUES ('d75ababe-a7d7-4a2a-97ed-3cdd01127147', 'a10d19d7-f9ab-43d1-96cb-49fa4b491cb7', '3ef9d8c3-4455-420e-a3f9-0074777761e5', 'CREME CHATAIGNE PAGES 0,70 L', '827', 8.17, 'pce', 0.2, 'import_2026', true);
INSERT INTO appro_catalogue (id, nom, nom_recherche, categorie, unite, actif) VALUES ('3321b3b5-e6ce-4dea-a96f-4aef462e8b9d', 'TABASCO ROUGE 60ML', 'tabasco rouge 60ml', 'Alimentaire', 'pce', true);
INSERT INTO appro_prix (id, article_id, fournisseur_id, designation, reference_fournisseur, pu_ht, unite, taux_tva, source, actif) VALUES ('e2f9b35d-bf32-4a89-af18-186fd1cdf660', '3321b3b5-e6ce-4dea-a96f-4aef462e8b9d', 'cf4d1399-a4c8-422f-ae11-c9e5a97f733a', 'TABASCO ROUGE 60ML', 'A00865', 4.07, 'pce', 0.055, 'import_2026', true);
INSERT INTO appro_catalogue (id, nom, nom_recherche, categorie, unite, actif) VALUES ('41918b2e-f3d5-455d-9e81-fd75b0ef0a8d', 'HERBE PROVENCE BTE 1L', 'herbe provence bte 1l', 'Alimentaire', 'pce', true);
INSERT INTO appro_prix (id, article_id, fournisseur_id, designation, reference_fournisseur, pu_ht, unite, taux_tva, source, actif) VALUES ('3e53d556-b85b-432f-855a-53a251bfda04', '41918b2e-f3d5-455d-9e81-fd75b0ef0a8d', 'cf4d1399-a4c8-422f-ae11-c9e5a97f733a', 'HERBE PROVENCE BTE 1L', 'A01264', 4.03, 'pce', 0.055, 'import_2026', true);
INSERT INTO appro_catalogue (id, nom, nom_recherche, categorie, unite, actif) VALUES ('fa04d4ee-e21f-499d-a041-8318a828fed9', 'CHOU FLEUR BRET EXT X6', 'chou fleur bret ext x6', 'Fruits & Légumes', 'pce', true);
INSERT INTO appro_prix (id, article_id, fournisseur_id, designation, reference_fournisseur, pu_ht, unite, taux_tva, source, actif) VALUES ('7ed31fc0-1175-40e9-9ab1-5f8152f77e56', 'fa04d4ee-e21f-499d-a041-8318a828fed9', '21fbe47e-0b13-40b5-984f-673cb012149f', 'CHOU FLEUR BRET EXT X6', 'FR', 11.94, 'pce', 0.055, 'import_2026', true);
INSERT INTO appro_catalogue (id, nom, nom_recherche, categorie, unite, actif) VALUES ('d8e6f4a8-547b-4c5a-9a8d-04befa2d90c7', 'CARTON 6 BT EDV 1L 1 RHUM BRUN PATISSIER 1L 54% W 54,0', 'carton 6 bt edv 1l 1 rhum brun patissier 1l 54 w 54 0', 'Boisson alcoolisée', 'Bouteille', true);
INSERT INTO appro_prix (id, article_id, fournisseur_id, designation, reference_fournisseur, pu_ht, unite, taux_tva, source, actif) VALUES ('34cb10a7-d0e5-4f38-a5cf-db1ad563fe31', 'd8e6f4a8-547b-4c5a-9a8d-04befa2d90c7', '2b28ab5a-0091-4d1b-9f77-a56647888abc', 'CARTON 6 BT EDV 1L 1 RHUM BRUN PATISSIER 1L 54% W 54,0', '5760', 8.0, 'Bouteille', 0.2, 'import_2026', true);
INSERT INTO appro_catalogue (id, nom, nom_recherche, categorie, unite, actif) VALUES ('ff1f1b28-82a3-4ee5-8cd2-c7134a2b0b71', 'OG ATL EPLUCHE ES 1KG I X10 P O.1 1', 'og atl epluche es 1kg i x10 p o 1 1', 'Fruits & Légumes', 'pce', true);
INSERT INTO appro_prix (id, article_id, fournisseur_id, designation, reference_fournisseur, pu_ht, unite, taux_tva, source, actif) VALUES ('b62b1c37-b250-4a19-83f9-fda75ff0900f', 'ff1f1b28-82a3-4ee5-8cd2-c7134a2b0b71', '21fbe47e-0b13-40b5-984f-673cb012149f', 'OG ATL EPLUCHE ES 1KG I X10 P O.1 1', 'ES', 7.85, 'pce', 0.055, 'import_2026', true);
INSERT INTO appro_catalogue (id, nom, nom_recherche, categorie, unite, actif) VALUES ('72613f52-1643-4076-a80f-21260241ce36', 'CH CHAMPIGNON P.C POLOG G 2KG I', 'ch champignon p c polog g 2kg i', 'Fruits & Légumes', 'kg', true);
INSERT INTO appro_prix (id, article_id, fournisseur_id, designation, reference_fournisseur, pu_ht, unite, taux_tva, source, actif) VALUES ('2cb4fe6b-c5ad-45ca-9fa4-11fa41a2a4cf', '72613f52-1643-4076-a80f-21260241ce36', '21fbe47e-0b13-40b5-984f-673cb012149f', 'CH CHAMPIGNON P.C POLOG G 2KG I', 'PL', 7.8, 'kg', 0.055, 'import_2026', true);
INSERT INTO appro_catalogue (id, nom, nom_recherche, categorie, unite, actif) VALUES ('a3547896-948b-46cc-96b6-4f518f780987', 'OIGNON ROUGE HVE3 ALS 4/6 FLT1KG I X10', 'oignon rouge hve3 als 4 6 flt1kg i x10', 'Fruits & Légumes', 'pce', true);
INSERT INTO appro_prix (id, article_id, fournisseur_id, designation, reference_fournisseur, pu_ht, unite, taux_tva, source, actif) VALUES ('19269d68-e9dc-4b25-bbb2-74ad5d5d5820', 'a3547896-948b-46cc-96b6-4f518f780987', '21fbe47e-0b13-40b5-984f-673cb012149f', 'OIGNON ROUGE HVE3 ALS 4/6 FLT1KG I X10', 'FR', 13.0, 'pce', 0.055, 'import_2026', true);
INSERT INTO appro_catalogue (id, nom, nom_recherche, categorie, unite, actif) VALUES ('68a467b9-3e2d-4ed3-8f1a-6e091bca8cda', '1KG BAKING POWDER ANCEL', '1kg baking powder ancel', 'Alimentaire', 'pce', true);
INSERT INTO appro_prix (id, article_id, fournisseur_id, designation, reference_fournisseur, pu_ht, unite, taux_tva, source, actif) VALUES ('0a839077-da5a-4beb-9320-a30173d655ea', '68a467b9-3e2d-4ed3-8f1a-6e091bca8cda', 'ba2f7076-33c2-4ce9-ad90-5778e30c29d3', '1KG BAKING POWDER ANCEL', '146809', 7.76, 'pce', 0.055, 'import_2026', true);
INSERT INTO appro_catalogue (id, nom, nom_recherche, categorie, unite, actif) VALUES ('33166da5-a602-46d8-aa00-2633f9810042', 'OG AIL EPLUCHE ES 1KG I X12', 'og ail epluche es 1kg i x12', 'Fruits & Légumes', 'pce', true);
INSERT INTO appro_prix (id, article_id, fournisseur_id, designation, reference_fournisseur, pu_ht, unite, taux_tva, source, actif) VALUES ('5b217d72-9cce-42b7-8af5-c58d1eb50861', '33166da5-a602-46d8-aa00-2633f9810042', '21fbe47e-0b13-40b5-984f-673cb012149f', 'OG AIL EPLUCHE ES 1KG I X12', 'ES', 96.25, 'pce', 0.055, 'import_2026', true);
INSERT INTO appro_catalogue (id, nom, nom_recherche, categorie, unite, actif) VALUES ('fdccd32e-1e6e-4d71-9cdf-ff5e06a0c7ae', 'LASAGNE N°108 500GRS DIVELLA', 'lasagne n 108 500grs divella', 'Alimentaire', 'pce', true);
INSERT INTO appro_prix (id, article_id, fournisseur_id, designation, reference_fournisseur, pu_ht, unite, taux_tva, source, actif) VALUES ('0c1e762a-086e-48c2-bc6a-ac5fb2d52155', 'fdccd32e-1e6e-4d71-9cdf-ff5e06a0c7ae', 'cf4d1399-a4c8-422f-ae11-c9e5a97f733a', 'LASAGNE N°108 500GRS DIVELLA', 'A01468', 2.54, 'pce', 0.055, 'import_2026', true);
INSERT INTO appro_catalogue (id, nom, nom_recherche, categorie, unite, actif) VALUES ('416240d4-b218-48a9-a4f1-9e5e9db36755', 'HCIBOULETTE MA BO100G I AUDA', 'hciboulette ma bo100g i auda', 'Fruits & Légumes', 'pce', true);
INSERT INTO appro_prix (id, article_id, fournisseur_id, designation, reference_fournisseur, pu_ht, unite, taux_tva, source, actif) VALUES ('ea2eb0bc-10e1-4971-89f0-0bdae6bcc1e1', '416240d4-b218-48a9-a4f1-9e5e9db36755', '21fbe47e-0b13-40b5-984f-673cb012149f', 'HCIBOULETTE MA BO100G I AUDA', 'MA', 3.8, 'pce', 0.055, 'import_2026', true);
INSERT INTO appro_catalogue (id, nom, nom_recherche, categorie, unite, actif) VALUES ('4c0aeaa4-a800-421b-8df4-b8828e0e429f', 'OIGNON HVE3 ALS 6/8 SAC10K I K 1 10 O', 'oignon hve3 als 6 8 sac10k i k 1 10 o', 'Fruits & Légumes', 'kg', true);
INSERT INTO appro_prix (id, article_id, fournisseur_id, designation, reference_fournisseur, pu_ht, unite, taux_tva, source, actif) VALUES ('d9dfb50e-f9ee-4d98-bcb0-825eb98702a3', '4c0aeaa4-a800-421b-8df4-b8828e0e429f', '21fbe47e-0b13-40b5-984f-673cb012149f', 'OIGNON HVE3 ALS 6/8 SAC10K I K 1 10 O', 'FR', 7.5, 'kg', 0.055, 'import_2026', true);
INSERT INTO appro_catalogue (id, nom, nom_recherche, categorie, unite, actif) VALUES ('cb1b2d44-3720-4297-81a7-9e5526b3c751', 'SL FRKUI.CHE.BLO ALS I X12', 'sl frkui che blo als i x12', 'Fruits & Légumes', 'pce', true);
INSERT INTO appro_prix (id, article_id, fournisseur_id, designation, reference_fournisseur, pu_ht, unite, taux_tva, source, actif) VALUES ('726c944f-375f-462e-bd1c-4161a1f9dfba', 'cb1b2d44-3720-4297-81a7-9e5526b3c751', '21fbe47e-0b13-40b5-984f-673cb012149f', 'SL FRKUI.CHE.BLO ALS I X12', 'FR', 15.0, 'pce', 0.055, 'import_2026', true);
INSERT INTO appro_catalogue (id, nom, nom_recherche, categorie, unite, actif) VALUES ('d1a35efd-9b14-45dc-ad59-28b80b6547dd', 'OIGNON HVE3 ALS 6/8 SACI10K I K 1 10 O', 'oignon hve3 als 6 8 saci10k i k 1 10 o', 'Fruits & Légumes', 'kg', true);
INSERT INTO appro_prix (id, article_id, fournisseur_id, designation, reference_fournisseur, pu_ht, unite, taux_tva, source, actif) VALUES ('b542aba3-1c3d-4d2f-bcdc-48eb640b9f3d', 'd1a35efd-9b14-45dc-ad59-28b80b6547dd', '21fbe47e-0b13-40b5-984f-673cb012149f', 'OIGNON HVE3 ALS 6/8 SACI10K I K 1 10 O', 'FR', 7.5, 'kg', 0.055, 'import_2026', true);
INSERT INTO appro_catalogue (id, nom, nom_recherche, categorie, unite, actif) VALUES ('0276587b-534e-47c0-acbf-9b39c558316c', '25 SACS POUB STAND 150L PMC', '25 sacs poub stand 150l pmc', 'Entretien/Hygiène', 'pce', true);
INSERT INTO appro_prix (id, article_id, fournisseur_id, designation, reference_fournisseur, pu_ht, unite, taux_tva, source, actif) VALUES ('a1df8c5a-53fb-4bf7-862b-813df27edbe3', '0276587b-534e-47c0-acbf-9b39c558316c', 'ba2f7076-33c2-4ce9-ad90-5778e30c29d3', '25 SACS POUB STAND 150L PMC', '071340', 7.37, 'pce', 0.2, 'import_2026', true);
INSERT INTO appro_catalogue (id, nom, nom_recherche, categorie, unite, actif) VALUES ('f5da1b9f-fcbe-4b6a-a6b7-1cf1b1d08faf', 'ABR.BERGERON FR A 40-45 5KG I', 'abr bergeron fr a 40 45 5kg i', 'Fruits & Légumes', 'kg', true);
INSERT INTO appro_prix (id, article_id, fournisseur_id, designation, reference_fournisseur, pu_ht, unite, taux_tva, source, actif) VALUES ('8f48fe1f-4421-47e1-8453-a722e3f0351a', 'f5da1b9f-fcbe-4b6a-a6b7-1cf1b1d08faf', '21fbe47e-0b13-40b5-984f-673cb012149f', 'ABR.BERGERON FR A 40-45 5KG I', 'FR', 12.25, 'kg', 0.055, 'import_2026', true);
INSERT INTO appro_catalogue (id, nom, nom_recherche, categorie, unite, actif) VALUES ('5f28a96b-a5e1-4951-a53c-1f58a923313e', 'PERSIL PLAT ES BTE100G I', 'persil plat es bte100g i', 'Fruits & Légumes', 'pce', true);
INSERT INTO appro_prix (id, article_id, fournisseur_id, designation, reference_fournisseur, pu_ht, unite, taux_tva, source, actif) VALUES ('0e445573-6ffa-47ec-9c97-2cc29d937471', '5f28a96b-a5e1-4951-a53c-1f58a923313e', '21fbe47e-0b13-40b5-984f-673cb012149f', 'PERSIL PLAT ES BTE100G I', 'ES', 21.0, 'pce', 0.055, 'import_2026', true);
INSERT INTO appro_catalogue (id, nom, nom_recherche, categorie, unite, actif) VALUES ('218c3049-47e8-4a3f-b824-d2847064c0e8', 'RIZ BASMATI 1KG', 'riz basmati 1kg', 'Alimentaire', 'pce', true);
INSERT INTO appro_prix (id, article_id, fournisseur_id, designation, reference_fournisseur, pu_ht, unite, taux_tva, source, actif) VALUES ('631df2c6-f526-4e8d-8447-bcbd760b4adb', '218c3049-47e8-4a3f-b824-d2847064c0e8', 'cf4d1399-a4c8-422f-ae11-c9e5a97f733a', 'RIZ BASMATI 1KG', 'A01711', 3.67, 'pce', 0.055, 'import_2026', true);
INSERT INTO appro_catalogue (id, nom, nom_recherche, categorie, unite, actif) VALUES ('69954f5e-a3d3-4ab4-9497-ba1e7297edea', '2X180G TARTARE COUTEAU CHAROLA', '2x180g tartare couteau charola', 'Alimentaire', 'pce', true);
INSERT INTO appro_prix (id, article_id, fournisseur_id, designation, reference_fournisseur, pu_ht, unite, taux_tva, source, actif) VALUES ('1dce7b81-96f4-4e09-aa37-01d0f698f519', '69954f5e-a3d3-4ab4-9497-ba1e7297edea', 'ba2f7076-33c2-4ce9-ad90-5778e30c29d3', '2X180G TARTARE COUTEAU CHAROLA', '541319', 7.25, 'pce', 0.055, 'import_2026', true);
INSERT INTO appro_catalogue (id, nom, nom_recherche, categorie, unite, actif) VALUES ('e8183ccf-1ffe-4b1e-8517-ad1751f2e288', 'ARTICHAUT PIECE', 'artichaut piece', 'Alimentaire', 'pce', true);
INSERT INTO appro_prix (id, article_id, fournisseur_id, designation, reference_fournisseur, pu_ht, unite, taux_tva, source, actif) VALUES ('218f904b-dd9b-4b82-b8ef-1d12ecdaaccd', 'e8183ccf-1ffe-4b1e-8517-ad1751f2e288', 'ba2f7076-33c2-4ce9-ad90-5778e30c29d3', 'ARTICHAUT PIECE', '754054', 1.79, 'pce', 0.055, 'import_2026', true);
INSERT INTO appro_catalogue (id, nom, nom_recherche, categorie, unite, actif) VALUES ('0c8f28e9-30b9-4416-b835-c094fc20990c', 'NAVET BLANC FR SAC5K I', 'navet blanc fr sac5k i', 'Fruits & Légumes', 'kg', true);
INSERT INTO appro_prix (id, article_id, fournisseur_id, designation, reference_fournisseur, pu_ht, unite, taux_tva, source, actif) VALUES ('4777c541-b343-4479-a30c-3768008bb076', '0c8f28e9-30b9-4416-b835-c094fc20990c', '21fbe47e-0b13-40b5-984f-673cb012149f', 'NAVET BLANC FR SAC5K I', 'FR', 11.5, 'kg', 0.055, 'import_2026', true);
INSERT INTO appro_catalogue (id, nom, nom_recherche, categorie, unite, actif) VALUES ('078e44f7-f646-4172-8637-7b2ead6b3e1e', '290G ASSIET CHARCUT RACLETTE', '290g assiet charcut raclette', 'Alimentaire', 'pce', true);
INSERT INTO appro_prix (id, article_id, fournisseur_id, designation, reference_fournisseur, pu_ht, unite, taux_tva, source, actif) VALUES ('fbe85a91-4152-46c9-b76a-f13239157e5e', '078e44f7-f646-4172-8637-7b2ead6b3e1e', 'ba2f7076-33c2-4ce9-ad90-5778e30c29d3', '290G ASSIET CHARCUT RACLETTE', '327302', 7.02, 'pce', 0.055, 'import_2026', true);
INSERT INTO appro_catalogue (id, nom, nom_recherche, categorie, unite, actif) VALUES ('91ad9eaa-34fa-476c-bc00-07eb0bb6c158', '1L HUILE TOURNESOL CLAIROR', '1l huile tournesol clairor', 'Alimentaire', 'pce', true);
INSERT INTO appro_prix (id, article_id, fournisseur_id, designation, reference_fournisseur, pu_ht, unite, taux_tva, source, actif) VALUES ('93ac0718-1096-46ec-964f-16c00ffa8eac', '91ad9eaa-34fa-476c-bc00-07eb0bb6c158', 'ba2f7076-33c2-4ce9-ad90-5778e30c29d3', '1L HUILE TOURNESOL CLAIROR', '304456', 1.75, 'pce', 0.055, 'import_2026', true);
INSERT INTO appro_catalogue (id, nom, nom_recherche, categorie, unite, actif) VALUES ('84546e0f-9e5e-46c0-b740-de452b69cbf7', 'CLEM.OR ZA 2 I MADEMOISE', 'clem or za 2 i mademoise', 'Fruits & Légumes', 'kg', true);
INSERT INTO appro_prix (id, article_id, fournisseur_id, designation, reference_fournisseur, pu_ht, unite, taux_tva, source, actif) VALUES ('9ccc0d73-510f-4b94-b34d-4109fd322c26', '84546e0f-9e5e-46c0-b740-de452b69cbf7', '21fbe47e-0b13-40b5-984f-673cb012149f', 'CLEM.OR ZA 2 I MADEMOISE', 'ZA', 25.93, 'kg', 0.055, 'import_2026', true);
INSERT INTO appro_catalogue (id, nom, nom_recherche, categorie, unite, actif) VALUES ('8f1d1e08-11d7-43e9-bf2d-457ca266e165', 'ORANGE NAVEL ZA 4 I MADEMOISE', 'orange navel za 4 i mademoise', 'Fruits & Légumes', 'kg', true);
INSERT INTO appro_prix (id, article_id, fournisseur_id, designation, reference_fournisseur, pu_ht, unite, taux_tva, source, actif) VALUES ('a634f434-c2fe-482f-b830-9dbb5b5039c5', '8f1d1e08-11d7-43e9-bf2d-457ca266e165', '21fbe47e-0b13-40b5-984f-673cb012149f', 'ORANGE NAVEL ZA 4 I MADEMOISE', 'ZA', 31.36, 'kg', 0.055, 'import_2026', true);
INSERT INTO appro_catalogue (id, nom, nom_recherche, categorie, unite, actif) VALUES ('e04aa956-fde1-4959-9b3f-1b50b159cc28', 'EPONGE VERTE GM X10', 'eponge verte gm x10', 'Entretien/Hygiène', 'pce', true);
INSERT INTO appro_prix (id, article_id, fournisseur_id, designation, reference_fournisseur, pu_ht, unite, taux_tva, source, actif) VALUES ('15417c45-a3d7-4a81-98e8-f5f29261b561', 'e04aa956-fde1-4959-9b3f-1b50b159cc28', 'cf4d1399-a4c8-422f-ae11-c9e5a97f733a', 'EPONGE VERTE GM X10', 'A01010', 6.75, 'pce', 0.2, 'import_2026', true);
INSERT INTO appro_catalogue (id, nom, nom_recherche, categorie, unite, actif) VALUES ('6f2dba2f-7648-432c-a115-f4ef17e98296', 'FL.1KG AROME MAGGI', 'fl 1kg arome maggi', 'Alimentaire', 'pce', true);
INSERT INTO appro_prix (id, article_id, fournisseur_id, designation, reference_fournisseur, pu_ht, unite, taux_tva, source, actif) VALUES ('324e3b9e-d888-4d68-b41f-99c400f391d2', '6f2dba2f-7648-432c-a115-f4ef17e98296', 'ba2f7076-33c2-4ce9-ad90-5778e30c29d3', 'FL.1KG AROME MAGGI', '629361', 6.64, 'pce', 0.055, 'import_2026', true);
INSERT INTO appro_catalogue (id, nom, nom_recherche, categorie, unite, actif) VALUES ('a02ca1b8-4f5f-4521-b94d-f064fcca6373', '1L DECAPANT FOUR JEX PRO', '1l decapant four jex pro', 'Entretien/Hygiène', 'pce', true);
INSERT INTO appro_prix (id, article_id, fournisseur_id, designation, reference_fournisseur, pu_ht, unite, taux_tva, source, actif) VALUES ('bed3bc61-0c99-416b-8940-f1c8a8d992a3', 'a02ca1b8-4f5f-4521-b94d-f064fcca6373', 'ba2f7076-33c2-4ce9-ad90-5778e30c29d3', '1L DECAPANT FOUR JEX PRO', '296497', 6.6, 'pce', 0.2, 'import_2026', true);
INSERT INTO appro_catalogue (id, nom, nom_recherche, categorie, unite, actif) VALUES ('ee392292-cea8-48f3-a069-45d694bf5b54', 'SL ENDIVE FR 5KG I', 'sl endive fr 5kg i', 'Fruits & Légumes', 'kg', true);
INSERT INTO appro_prix (id, article_id, fournisseur_id, designation, reference_fournisseur, pu_ht, unite, taux_tva, source, actif) VALUES ('724b39ae-85c6-4847-9046-fb0f0cba39c5', 'ee392292-cea8-48f3-a069-45d694bf5b54', '21fbe47e-0b13-40b5-984f-673cb012149f', 'SL ENDIVE FR 5KG I', 'FR', 11.0, 'kg', 0.055, 'import_2026', true);
INSERT INTO appro_catalogue (id, nom, nom_recherche, categorie, unite, actif) VALUES ('3436d353-a0e6-4e11-816d-f709b5ad697c', 'SL ENDIVE FR SACHET 1KG I X10', 'sl endive fr sachet 1kg i x10', 'Fruits & Légumes', 'pce', true);
INSERT INTO appro_prix (id, article_id, fournisseur_id, designation, reference_fournisseur, pu_ht, unite, taux_tva, source, actif) VALUES ('6e60ea74-fc0e-4cdc-a324-238406869868', '3436d353-a0e6-4e11-816d-f709b5ad697c', '21fbe47e-0b13-40b5-984f-673cb012149f', 'SL ENDIVE FR SACHET 1KG I X10', 'FR', 22.0, 'pce', 0.055, 'import_2026', true);
INSERT INTO appro_catalogue (id, nom, nom_recherche, categorie, unite, actif) VALUES ('cb1b753d-4a55-443b-b721-890a7856d713', 'NETTOYANT DETARTRANT SANIT 750ML', 'nettoyant detartrant sanit 750ml', 'Entretien/Hygiène', 'pce', true);
INSERT INTO appro_prix (id, article_id, fournisseur_id, designation, reference_fournisseur, pu_ht, unite, taux_tva, source, actif) VALUES ('a0ed2f7a-1002-4bef-8e18-c1eaad74beff', 'cb1b753d-4a55-443b-b721-890a7856d713', 'cf4d1399-a4c8-422f-ae11-c9e5a97f733a', 'NETTOYANT DETARTRANT SANIT 750ML', '051036', 3.29, 'pce', 0.2, 'import_2026', true);
INSERT INTO appro_catalogue (id, nom, nom_recherche, categorie, unite, actif) VALUES ('05da0f46-fa52-48aa-85e0-f5a46181aa37', 'TOM.RONDE HVE3 ALS 57-67 6KG I', 'tom ronde hve3 als 57 67 6kg i', 'Fruits & Légumes', 'kg', true);
INSERT INTO appro_prix (id, article_id, fournisseur_id, designation, reference_fournisseur, pu_ht, unite, taux_tva, source, actif) VALUES ('6079d9e7-a269-4f6d-838e-2cedcd1c2dde', '05da0f46-fa52-48aa-85e0-f5a46181aa37', '21fbe47e-0b13-40b5-984f-673cb012149f', 'TOM.RONDE HVE3 ALS 57-67 6KG I', 'FR', 12.52, 'kg', 0.055, 'import_2026', true);
INSERT INTO appro_catalogue (id, nom, nom_recherche, categorie, unite, actif) VALUES ('692d1141-a5a7-4b2b-b186-eac7fa73ab13', 'SUCRE VANILLINE 830GRS', 'sucre vanilline 830grs', 'Alimentaire', 'pce', true);
INSERT INTO appro_prix (id, article_id, fournisseur_id, designation, reference_fournisseur, pu_ht, unite, taux_tva, source, actif) VALUES ('39e28af4-2670-4688-bbb5-e97eb407bc0b', '692d1141-a5a7-4b2b-b186-eac7fa73ab13', 'cf4d1399-a4c8-422f-ae11-c9e5a97f733a', 'SUCRE VANILLINE 830GRS', 'A00831', 6.33, 'pce', 0.055, 'import_2026', true);
INSERT INTO appro_catalogue (id, nom, nom_recherche, categorie, unite, actif) VALUES ('f9a3dd36-73e2-4e79-bed2-f79c3f76d68f', 'MELON CHAR JAUNE FR 975/1250G I X12', 'melon char jaune fr 975 1250g i x12', 'Fruits & Légumes', 'pce', true);
INSERT INTO appro_prix (id, article_id, fournisseur_id, designation, reference_fournisseur, pu_ht, unite, taux_tva, source, actif) VALUES ('833d5eb2-acc8-48fd-ba17-07832c0c25a9', 'f9a3dd36-73e2-4e79-bed2-f79c3f76d68f', '21fbe47e-0b13-40b5-984f-673cb012149f', 'MELON CHAR JAUNE FR 975/1250G I X12', 'FR', 25.2, 'pce', 0.055, 'import_2026', true);
INSERT INTO appro_catalogue (id, nom, nom_recherche, categorie, unite, actif) VALUES ('c61733ab-0e75-40e4-b143-9c78a0f418c7', 'COURGETTE FR 14/21 10KG I', 'courgette fr 14 21 10kg i', 'Fruits & Légumes', 'kg', true);
INSERT INTO appro_prix (id, article_id, fournisseur_id, designation, reference_fournisseur, pu_ht, unite, taux_tva, source, actif) VALUES ('7fa751ac-bedd-4a4f-a483-68864b5eb1cd', 'c61733ab-0e75-40e4-b143-9c78a0f418c7', '21fbe47e-0b13-40b5-984f-673cb012149f', 'COURGETTE FR 14/21 10KG I', 'FR', 19.5, 'kg', 0.055, 'import_2026', true);
INSERT INTO appro_catalogue (id, nom, nom_recherche, categorie, unite, actif) VALUES ('e891d132-4821-4e51-9123-83591c4b885b', 'SPIRALE INOX 60GRS X10', 'spirale inox 60grs x10', 'Entretien/Hygiène', 'pce', true);
INSERT INTO appro_prix (id, article_id, fournisseur_id, designation, reference_fournisseur, pu_ht, unite, taux_tva, source, actif) VALUES ('6cdb9134-cff9-45e6-b515-2e2fc0552ae7', 'e891d132-4821-4e51-9123-83591c4b885b', 'cf4d1399-a4c8-422f-ae11-c9e5a97f733a', 'SPIRALE INOX 60GRS X10', '010460', 6.17, 'pce', 0.2, 'import_2026', true);
INSERT INTO appro_catalogue (id, nom, nom_recherche, categorie, unite, actif) VALUES ('6a9ddf18-0df8-449e-b371-9f44b153bd93', 'CAROTTE NLLE FR BQ 1KG I X12', 'carotte nlle fr bq 1kg i x12', 'Fruits & Légumes', 'pce', true);
INSERT INTO appro_prix (id, article_id, fournisseur_id, designation, reference_fournisseur, pu_ht, unite, taux_tva, source, actif) VALUES ('3cdffa47-6e02-4348-9403-2ca5e0f07ed8', '6a9ddf18-0df8-449e-b371-9f44b153bd93', '21fbe47e-0b13-40b5-984f-673cb012149f', 'CAROTTE NLLE FR BQ 1KG I X12', 'FR', 24.6, 'pce', 0.055, 'import_2026', true);
INSERT INTO appro_catalogue (id, nom, nom_recherche, categorie, unite, actif) VALUES ('855346c9-f4aa-4d75-9fde-9bec07e5f681', 'CAROTTE BE SAC5K I', 'carotte be sac5k i', 'Fruits & Légumes', 'kg', true);
INSERT INTO appro_prix (id, article_id, fournisseur_id, designation, reference_fournisseur, pu_ht, unite, taux_tva, source, actif) VALUES ('d88e7858-f7a6-49bc-996d-ed00fffbc514', '855346c9-f4aa-4d75-9fde-9bec07e5f681', '21fbe47e-0b13-40b5-984f-673cb012149f', 'CAROTTE BE SAC5K I', 'BE', 6.0, 'kg', 0.055, 'import_2026', true);
INSERT INTO appro_catalogue (id, nom, nom_recherche, categorie, unite, actif) VALUES ('918aeccb-23f1-4a37-810f-5d3925e79886', '205G DESSERT NOIR NESTLE', '205g dessert noir nestle', 'Alimentaire', 'pce', true);
INSERT INTO appro_prix (id, article_id, fournisseur_id, designation, reference_fournisseur, pu_ht, unite, taux_tva, source, actif) VALUES ('ea5ecf9f-c69a-4405-8c6e-99a3a4a930a8', '918aeccb-23f1-4a37-810f-5d3925e79886', 'ba2f7076-33c2-4ce9-ad90-5778e30c29d3', '205G DESSERT NOIR NESTLE', '695054', 2.99, 'pce', 0.055, 'import_2026', true);
INSERT INTO appro_catalogue (id, nom, nom_recherche, categorie, unite, actif) VALUES ('2a7cfb78-c91e-4264-a8e0-5eb54e29f4b2', 'PERSIL PLAT KG FRAIS', 'persil plat kg frais', 'Alimentaire', 'pce', true);
INSERT INTO appro_prix (id, article_id, fournisseur_id, designation, reference_fournisseur, pu_ht, unite, taux_tva, source, actif) VALUES ('cfbe8192-8821-48d0-9d45-f68a2406aaa2', '2a7cfb78-c91e-4264-a8e0-5eb54e29f4b2', 'cf4d1399-a4c8-422f-ae11-c9e5a97f733a', 'PERSIL PLAT KG FRAIS', 'A00641', 5.68, 'pce', 0.055, 'import_2026', true);
INSERT INTO appro_catalogue (id, nom, nom_recherche, categorie, unite, actif) VALUES ('15922329-df30-4f27-8e58-2c531f5c08f6', 'OIGNON ROUGE KG', 'oignon rouge kg', 'Alimentaire', 'pce', true);
INSERT INTO appro_prix (id, article_id, fournisseur_id, designation, reference_fournisseur, pu_ht, unite, taux_tva, source, actif) VALUES ('ee5135b9-438c-4b72-bf8e-1bc643db47d7', '15922329-df30-4f27-8e58-2c531f5c08f6', 'cf4d1399-a4c8-422f-ae11-c9e5a97f733a', 'OIGNON ROUGE KG', 'A00616', 1.89, 'pce', 0.055, 'import_2026', true);
INSERT INTO appro_catalogue (id, nom, nom_recherche, categorie, unite, actif) VALUES ('0d9d348b-431d-43cd-9fb5-6046af7f9437', 'POIRE DOY DE COMICE BE 60-65 7KG I PLT', 'poire doy de comice be 60 65 7kg i plt', 'Fruits & Légumes', 'kg', true);
INSERT INTO appro_prix (id, article_id, fournisseur_id, designation, reference_fournisseur, pu_ht, unite, taux_tva, source, actif) VALUES ('325adc56-75c4-4ee7-b412-eec5ea715fd1', '0d9d348b-431d-43cd-9fb5-6046af7f9437', '21fbe47e-0b13-40b5-984f-673cb012149f', 'POIRE DOY DE COMICE BE 60-65 7KG I PLT', 'BE', 9.82, 'kg', 0.055, 'import_2026', true);
INSERT INTO appro_catalogue (id, nom, nom_recherche, categorie, unite, actif) VALUES ('f44d38bd-db20-47da-9c3a-e8d073abdbe3', 'OIGNON JAUNE HVE3 FR 4/6 SAC5K I Cc 3 3', 'oignon jaune hve3 fr 4 6 sac5k i cc 3 3', 'Fruits & Légumes', 'pce', true);
INSERT INTO appro_prix (id, article_id, fournisseur_id, designation, reference_fournisseur, pu_ht, unite, taux_tva, source, actif) VALUES ('931d3c70-d989-4490-b06b-c476b5ba93b5', 'f44d38bd-db20-47da-9c3a-e8d073abdbe3', '21fbe47e-0b13-40b5-984f-673cb012149f', 'OIGNON JAUNE HVE3 FR 4/6 SAC5K I Cc 3 3', 'FR', 1.85, 'pce', 0.055, 'import_2026', true);
INSERT INTO appro_catalogue (id, nom, nom_recherche, categorie, unite, actif) VALUES ('c6437451-5108-4d82-b6d9-670d64ef068f', 'OIGNON JAUNE HVE3 FR 4/6 SAC5K I C 3 3', 'oignon jaune hve3 fr 4 6 sac5k i c 3 3', 'Fruits & Légumes', 'pce', true);
INSERT INTO appro_prix (id, article_id, fournisseur_id, designation, reference_fournisseur, pu_ht, unite, taux_tva, source, actif) VALUES ('34148fee-df0c-44b6-a273-f4f804bd73d1', 'c6437451-5108-4d82-b6d9-670d64ef068f', '21fbe47e-0b13-40b5-984f-673cb012149f', 'OIGNON JAUNE HVE3 FR 4/6 SAC5K I C 3 3', 'FR', 1.85, 'pce', 0.055, 'import_2026', true);
INSERT INTO appro_catalogue (id, nom, nom_recherche, categorie, unite, actif) VALUES ('fcbbcf62-b8ab-4d12-bc6f-8cddca143f5c', 'AIL ES SACSK I', 'ail es sacsk i', 'Fruits & Légumes', 'kg', true);
INSERT INTO appro_prix (id, article_id, fournisseur_id, designation, reference_fournisseur, pu_ht, unite, taux_tva, source, actif) VALUES ('b3e920f6-f524-4afa-b3a4-e7571421c860', 'fcbbcf62-b8ab-4d12-bc6f-8cddca143f5c', '21fbe47e-0b13-40b5-984f-673cb012149f', 'AIL ES SACSK I', 'ES', 27.25, 'kg', 0.055, 'import_2026', true);
INSERT INTO appro_catalogue (id, nom, nom_recherche, categorie, unite, actif) VALUES ('45f71f7c-a205-48ed-ad56-40973c763744', 'COURG.POTIMARRON HVE3 ALS 10KG I', 'courg potimarron hve3 als 10kg i', 'Fruits & Légumes', 'kg', true);
INSERT INTO appro_prix (id, article_id, fournisseur_id, designation, reference_fournisseur, pu_ht, unite, taux_tva, source, actif) VALUES ('6614fb2a-bc20-4fc0-b242-b95e0b9b510a', '45f71f7c-a205-48ed-ad56-40973c763744', '21fbe47e-0b13-40b5-984f-673cb012149f', 'COURG.POTIMARRON HVE3 ALS 10KG I', 'FR', 16.03, 'kg', 0.055, 'import_2026', true);
INSERT INTO appro_catalogue (id, nom, nom_recherche, categorie, unite, actif) VALUES ('f2ada98f-cbef-4ec5-952f-496c2c688fbc', 'ORANGE PLT 1 KG', 'orange plt 1 kg', 'Alimentaire', 'pce', true);
INSERT INTO appro_prix (id, article_id, fournisseur_id, designation, reference_fournisseur, pu_ht, unite, taux_tva, source, actif) VALUES ('8904ce3f-0ca7-4bf2-9666-176bada60770', 'f2ada98f-cbef-4ec5-952f-496c2c688fbc', 'cf4d1399-a4c8-422f-ae11-c9e5a97f733a', 'ORANGE PLT 1 KG', 'A01449', 2.01, 'pce', 0.055, 'import_2026', true);
INSERT INTO appro_catalogue (id, nom, nom_recherche, categorie, unite, actif) VALUES ('93f42761-e794-402a-9a64-5f47be8835cc', 'SL FEKEUI.CHE.BLO HVE3 ALS I X12', 'sl fekeui che blo hve3 als i x12', 'Fruits & Légumes', 'pce', true);
INSERT INTO appro_prix (id, article_id, fournisseur_id, designation, reference_fournisseur, pu_ht, unite, taux_tva, source, actif) VALUES ('1ecf99c5-93ee-4ca0-b8c2-dd8e2d9b014a', '93f42761-e794-402a-9a64-5f47be8835cc', '21fbe47e-0b13-40b5-984f-673cb012149f', 'SL FEKEUI.CHE.BLO HVE3 ALS I X12', 'FR', 10.8, 'pce', 0.055, 'import_2026', true);
INSERT INTO appro_catalogue (id, nom, nom_recherche, categorie, unite, actif) VALUES ('0d45d514-d59a-4ed7-ba10-914f8439f201', '500G HOUMOUS A LA LIBANAISE EC', '500g houmous a la libanaise ec', 'Alimentaire', 'pce', true);
INSERT INTO appro_prix (id, article_id, fournisseur_id, designation, reference_fournisseur, pu_ht, unite, taux_tva, source, actif) VALUES ('dfdd25d8-dd8a-4123-a448-60c4f74dc989', '0d45d514-d59a-4ed7-ba10-914f8439f201', 'ba2f7076-33c2-4ce9-ad90-5778e30c29d3', '500G HOUMOUS A LA LIBANAISE EC', '033814', 5.39, 'pce', 0.055, 'import_2026', true);
INSERT INTO appro_catalogue (id, nom, nom_recherche, categorie, unite, actif) VALUES ('fec6ccf5-f9a2-49a1-a686-19180d933399', 'SL ENDIVE FR 5DKG I', 'sl endive fr 5dkg i', 'Fruits & Légumes', 'kg', true);
INSERT INTO appro_prix (id, article_id, fournisseur_id, designation, reference_fournisseur, pu_ht, unite, taux_tva, source, actif) VALUES ('9ce85f57-34ba-4c1b-bc1f-c9df25cec1fc', 'fec6ccf5-f9a2-49a1-a686-19180d933399', '21fbe47e-0b13-40b5-984f-673cb012149f', 'SL ENDIVE FR 5DKG I', 'FR', 13.0, 'kg', 0.055, 'import_2026', true);
INSERT INTO appro_catalogue (id, nom, nom_recherche, categorie, unite, actif) VALUES ('6c5b4d40-0107-4421-bd73-604cab6d3d29', 'LAVE VITRE 5L PAREDES', 'lave vitre 5l paredes', 'Entretien/Hygiène', 'pce', true);
INSERT INTO appro_prix (id, article_id, fournisseur_id, designation, reference_fournisseur, pu_ht, unite, taux_tva, source, actif) VALUES ('219fd44a-2fe0-4adc-a7b7-42e8aba27bbf', '6c5b4d40-0107-4421-bd73-604cab6d3d29', 'cf4d1399-a4c8-422f-ae11-c9e5a97f733a', 'LAVE VITRE 5L PAREDES', '011497', 5.1, 'pce', 0.2, 'import_2026', true);
INSERT INTO appro_catalogue (id, nom, nom_recherche, categorie, unite, actif) VALUES ('4910bc16-0051-475d-953b-691529813b8f', 'SIROP FRAISE 1883 ROUTIN 1 L - VP', 'sirop fraise 1883 routin 1 l vp', 'Boisson sans alcool', 'pce', true);
INSERT INTO appro_prix (id, article_id, fournisseur_id, designation, reference_fournisseur, pu_ht, unite, taux_tva, source, actif) VALUES ('4439371d-8d1d-441c-b167-145e3e3408bb', '4910bc16-0051-475d-953b-691529813b8f', '3ef9d8c3-4455-420e-a3f9-0074777761e5', 'SIROP FRAISE 1883 ROUTIN 1 L - VP', '332', 5.1, 'pce', 0.055, 'import_2026', true);
INSERT INTO appro_catalogue (id, nom, nom_recherche, categorie, unite, actif) VALUES ('c3629f64-f086-4277-b572-123e95ba63b0', 'HCIBOULETTE FR BQ100G I SOLIPLANT', 'hciboulette fr bq100g i soliplant', 'Fruits & Légumes', 'pce', true);
INSERT INTO appro_prix (id, article_id, fournisseur_id, designation, reference_fournisseur, pu_ht, unite, taux_tva, source, actif) VALUES ('24f96010-e34c-4bec-b9cd-8c9944dad078', 'c3629f64-f086-4277-b572-123e95ba63b0', '21fbe47e-0b13-40b5-984f-673cb012149f', 'HCIBOULETTE FR BQ100G I SOLIPLANT', 'FR', 2.55, 'pce', 0.055, 'import_2026', true);
INSERT INTO appro_catalogue (id, nom, nom_recherche, categorie, unite, actif) VALUES ('c4b704f4-5ef2-4f19-a95e-7ea3e97857f1', 'OIGNON HVE3 ALS 4/6 SAC5K I', 'oignon hve3 als 4 6 sac5k i', 'Fruits & Légumes', 'kg', true);
INSERT INTO appro_prix (id, article_id, fournisseur_id, designation, reference_fournisseur, pu_ht, unite, taux_tva, source, actif) VALUES ('a67d5027-ec53-4601-aa29-ae1d5112917f', 'c4b704f4-5ef2-4f19-a95e-7ea3e97857f1', '21fbe47e-0b13-40b5-984f-673cb012149f', 'OIGNON HVE3 ALS 4/6 SAC5K I', 'FR', 5.0, 'kg', 0.055, 'import_2026', true);
INSERT INTO appro_catalogue (id, nom, nom_recherche, categorie, unite, actif) VALUES ('dc76cc1a-28db-4000-be0b-4b24fe08a2a7', 'COURG.BUTTERNUT HVE3 ALS 10KG I', 'courg butternut hve3 als 10kg i', 'Fruits & Légumes', 'kg', true);
INSERT INTO appro_prix (id, article_id, fournisseur_id, designation, reference_fournisseur, pu_ht, unite, taux_tva, source, actif) VALUES ('c155ddc7-773b-439d-905a-893a4cdb0212', 'dc76cc1a-28db-4000-be0b-4b24fe08a2a7', '21fbe47e-0b13-40b5-984f-673cb012149f', 'COURG.BUTTERNUT HVE3 ALS 10KG I', 'FR', 15.5, 'kg', 0.055, 'import_2026', true);
INSERT INTO appro_catalogue (id, nom, nom_recherche, categorie, unite, actif) VALUES ('56eec690-312d-4471-9b54-371be44274ab', 'BANANE CAVENDISH CM P19 I', 'banane cavendish cm p19 i', 'Fruits & Légumes', 'kg', true);
INSERT INTO appro_prix (id, article_id, fournisseur_id, designation, reference_fournisseur, pu_ht, unite, taux_tva, source, actif) VALUES ('28d6128f-223f-40b4-9f73-251424356ffa', '56eec690-312d-4471-9b54-371be44274ab', '21fbe47e-0b13-40b5-984f-673cb012149f', 'BANANE CAVENDISH CM P19 I', 'CM', 30.94, 'kg', 0.055, 'import_2026', true);
INSERT INTO appro_catalogue (id, nom, nom_recherche, categorie, unite, actif) VALUES ('97552885-1b25-43ba-8ac9-9e162ee3fc66', 'SEL GROS GUERANDE 800GRS', 'sel gros guerande 800grs', 'Alimentaire', 'pce', true);
INSERT INTO appro_prix (id, article_id, fournisseur_id, designation, reference_fournisseur, pu_ht, unite, taux_tva, source, actif) VALUES ('0bd791df-d242-493a-9f33-8661077d68b9', '97552885-1b25-43ba-8ac9-9e162ee3fc66', 'cf4d1399-a4c8-422f-ae11-c9e5a97f733a', 'SEL GROS GUERANDE 800GRS', 'A01788', 1.63, 'pce', 0.055, 'import_2026', true);
INSERT INTO appro_catalogue (id, nom, nom_recherche, categorie, unite, actif) VALUES ('03fd7887-bee3-464b-b77d-86a2c11ca954', 'OIGNON ROUGE NL 6/8 FLT1KG II X10', 'oignon rouge nl 6 8 flt1kg ii x10', 'Fruits & Légumes', 'pce', true);
INSERT INTO appro_prix (id, article_id, fournisseur_id, designation, reference_fournisseur, pu_ht, unite, taux_tva, source, actif) VALUES ('442f10c0-bdc9-4268-aa64-8dddc0a85471', '03fd7887-bee3-464b-b77d-86a2c11ca954', '21fbe47e-0b13-40b5-984f-673cb012149f', 'OIGNON ROUGE NL 6/8 FLT1KG II X10', 'NL', 15.5, 'pce', 0.055, 'import_2026', true);
INSERT INTO appro_catalogue (id, nom, nom_recherche, categorie, unite, actif) VALUES ('cd97ff0a-4210-4a65-8272-2f87f85f1e8f', 'ORANGE NAVELINAS ES 4 I MADEMOTSE', 'orange navelinas es 4 i mademotse', 'Fruits & Légumes', 'kg', true);
INSERT INTO appro_prix (id, article_id, fournisseur_id, designation, reference_fournisseur, pu_ht, unite, taux_tva, source, actif) VALUES ('3347d5e5-30ad-4242-8b4c-735044bef364', 'cd97ff0a-4210-4a65-8272-2f87f85f1e8f', '21fbe47e-0b13-40b5-984f-673cb012149f', 'ORANGE NAVELINAS ES 4 I MADEMOTSE', 'ES', 23.0, 'kg', 0.055, 'import_2026', true);
INSERT INTO appro_catalogue (id, nom, nom_recherche, categorie, unite, actif) VALUES ('51123785-8e00-4eb3-bc59-88c286128a58', 'COURGETTE MIDI 14/21 9KG I SAPAM', 'courgette midi 14 21 9kg i sapam', 'Fruits & Légumes', 'kg', true);
INSERT INTO appro_prix (id, article_id, fournisseur_id, designation, reference_fournisseur, pu_ht, unite, taux_tva, source, actif) VALUES ('4fa8a4c3-0fc0-4837-bb33-ddc41d15b0fc', '51123785-8e00-4eb3-bc59-88c286128a58', '21fbe47e-0b13-40b5-984f-673cb012149f', 'COURGETTE MIDI 14/21 9KG I SAPAM', 'FR', 16.89, 'kg', 0.055, 'import_2026', true);
INSERT INTO appro_catalogue (id, nom, nom_recherche, categorie, unite, actif) VALUES ('e7748832-8623-472c-8311-07ff4e7afd85', 'ENSEMBLE BALAYETTE/PELLE', 'ensemble balayette pelle', 'Entretien/Hygiène', 'pce', true);
INSERT INTO appro_prix (id, article_id, fournisseur_id, designation, reference_fournisseur, pu_ht, unite, taux_tva, source, actif) VALUES ('0b618cd3-62ed-4496-98c3-8edc860e18c6', 'e7748832-8623-472c-8311-07ff4e7afd85', 'cf4d1399-a4c8-422f-ae11-c9e5a97f733a', 'ENSEMBLE BALAYETTE/PELLE', '014608', 2.22, 'pce', 0.2, 'import_2026', true);
INSERT INTO appro_catalogue (id, nom, nom_recherche, categorie, unite, actif) VALUES ('8d2cab77-b332-4182-9ec8-d0b6317d6ad9', 'CHOU FLEUR FR I X6', 'chou fleur fr i x6', 'Fruits & Légumes', 'pce', true);
INSERT INTO appro_prix (id, article_id, fournisseur_id, designation, reference_fournisseur, pu_ht, unite, taux_tva, source, actif) VALUES ('5893c53b-d023-44fe-8377-4fcfb81ba406', '8d2cab77-b332-4182-9ec8-d0b6317d6ad9', '21fbe47e-0b13-40b5-984f-673cb012149f', 'CHOU FLEUR FR I X6', 'FR', 13.33, 'pce', 0.055, 'import_2026', true);
INSERT INTO appro_catalogue (id, nom, nom_recherche, categorie, unite, actif) VALUES ('bcab64d4-dffe-444e-aa7b-0398b0138a33', '12 OEUFS LABEL ROUGE LOUE', '12 oeufs label rouge loue', 'Alimentaire', 'pce', true);
INSERT INTO appro_prix (id, article_id, fournisseur_id, designation, reference_fournisseur, pu_ht, unite, taux_tva, source, actif) VALUES ('31d1900c-da92-47e8-b89c-dd70a322d52b', 'bcab64d4-dffe-444e-aa7b-0398b0138a33', 'ba2f7076-33c2-4ce9-ad90-5778e30c29d3', '12 OEUFS LABEL ROUGE LOUE', '752730', 4.31, 'pce', 0.055, 'import_2026', true);
INSERT INTO appro_catalogue (id, nom, nom_recherche, categorie, unite, actif) VALUES ('ed1c108b-fdbe-48aa-b70d-2e960715420f', 'SIROP SUCRE DE CANNE 1883 ROUTIN 1 L - VP', 'sirop sucre de canne 1883 routin 1 l vp', 'Boisson sans alcool', 'pce', true);
INSERT INTO appro_prix (id, article_id, fournisseur_id, designation, reference_fournisseur, pu_ht, unite, taux_tva, source, actif) VALUES ('757cb5c4-5304-4c21-b30d-3da033afc50a', 'ed1c108b-fdbe-48aa-b70d-2e960715420f', '3ef9d8c3-4455-420e-a3f9-0074777761e5', 'SIROP SUCRE DE CANNE 1883 ROUTIN 1 L - VP', '321', 4.24, 'pce', 0.055, 'import_2026', true);
INSERT INTO appro_catalogue (id, nom, nom_recherche, categorie, unite, actif) VALUES ('7ffe42d0-7350-407a-984e-ea71cc448809', 'POIREAU NOUVEAU FR 10KG I', 'poireau nouveau fr 10kg i', 'Fruits & Légumes', 'kg', true);
INSERT INTO appro_prix (id, article_id, fournisseur_id, designation, reference_fournisseur, pu_ht, unite, taux_tva, source, actif) VALUES ('e1e59549-871f-40b5-a461-216ff6045f6e', '7ffe42d0-7350-407a-984e-ea71cc448809', '21fbe47e-0b13-40b5-984f-673cb012149f', 'POIREAU NOUVEAU FR 10KG I', 'FR', 21.0, 'kg', 0.055, 'import_2026', true);
INSERT INTO appro_catalogue (id, nom, nom_recherche, categorie, unite, actif) VALUES ('dcf1caf7-0c75-4951-83ab-d4bcd9bd382e', 'PERSIL PLAT ITA I', 'persil plat ita i', 'Fruits & Légumes', 'kg', true);
INSERT INTO appro_prix (id, article_id, fournisseur_id, designation, reference_fournisseur, pu_ht, unite, taux_tva, source, actif) VALUES ('6e36418f-cff5-487e-9edb-e4eade0e2248', 'dcf1caf7-0c75-4951-83ab-d4bcd9bd382e', '21fbe47e-0b13-40b5-984f-673cb012149f', 'PERSIL PLAT ITA I', 'IT', 25.87, 'kg', 0.055, 'import_2026', true);
INSERT INTO appro_catalogue (id, nom, nom_recherche, categorie, unite, actif) VALUES ('50364625-457b-4ef8-8709-3a5fbc6b73d3', '650ML ULTRA DEGRAIS.CITRON SLP', '650ml ultra degrais citron slp', 'Entretien/Hygiène', 'pce', true);
INSERT INTO appro_prix (id, article_id, fournisseur_id, designation, reference_fournisseur, pu_ht, unite, taux_tva, source, actif) VALUES ('df4872c8-05ca-49a5-92be-9f151b419a67', '50364625-457b-4ef8-8709-3a5fbc6b73d3', 'ba2f7076-33c2-4ce9-ad90-5778e30c29d3', '650ML ULTRA DEGRAIS.CITRON SLP', '682588', 4.03, 'pce', 0.2, 'import_2026', true);
INSERT INTO appro_catalogue (id, nom, nom_recherche, categorie, unite, actif) VALUES ('e0f570a7-e7b1-42e1-837a-413396540443', 'LAVETTE BLEU X15', 'lavette bleu x15', 'Entretien/Hygiène', 'pce', true);
INSERT INTO appro_prix (id, article_id, fournisseur_id, designation, reference_fournisseur, pu_ht, unite, taux_tva, source, actif) VALUES ('005a1afd-f87d-4083-8193-5007b17a9f5b', 'e0f570a7-e7b1-42e1-837a-413396540443', 'cf4d1399-a4c8-422f-ae11-c9e5a97f733a', 'LAVETTE BLEU X15', 'A00775', 2.01, 'pce', 0.2, 'import_2026', true);
INSERT INTO appro_catalogue (id, nom, nom_recherche, categorie, unite, actif) VALUES ('c5bf1685-c6be-4bf0-9d90-682bf7388dd5', 'CREME ANGLAISE ALSACE LAIT 1 LITRE', 'creme anglaise alsace lait 1 litre', 'Alimentaire', 'pce', true);
INSERT INTO appro_prix (id, article_id, fournisseur_id, designation, reference_fournisseur, pu_ht, unite, taux_tva, source, actif) VALUES ('c4b9c538-45fb-46f6-95ac-0ad8fd1a7b8b', 'c5bf1685-c6be-4bf0-9d90-682bf7388dd5', 'cf4d1399-a4c8-422f-ae11-c9e5a97f733a', 'CREME ANGLAISE ALSACE LAIT 1 LITRE', 'A00175', 1.98, 'pce', 0.055, 'import_2026', true);
INSERT INTO appro_catalogue (id, nom, nom_recherche, categorie, unite, actif) VALUES ('ec6161c7-e1ce-4ddb-a9c1-229f1106a327', 'CAROTTE HVE3 FR SACH2K I CART X6', 'carotte hve3 fr sach2k i cart x6', 'Fruits & Légumes', 'pce', true);
INSERT INTO appro_prix (id, article_id, fournisseur_id, designation, reference_fournisseur, pu_ht, unite, taux_tva, source, actif) VALUES ('42dd3ab5-179c-49b0-be18-0e6353d9f574', 'ec6161c7-e1ce-4ddb-a9c1-229f1106a327', '21fbe47e-0b13-40b5-984f-673cb012149f', 'CAROTTE HVE3 FR SACH2K I CART X6', 'FR', 11.47, 'pce', 0.055, 'import_2026', true);
INSERT INTO appro_catalogue (id, nom, nom_recherche, categorie, unite, actif) VALUES ('d7ce6385-ea18-438c-bb25-e91b4a6cb424', 'SEL FIN DE MER 1KG', 'sel fin de mer 1kg', 'Alimentaire', 'pce', true);
INSERT INTO appro_prix (id, article_id, fournisseur_id, designation, reference_fournisseur, pu_ht, unite, taux_tva, source, actif) VALUES ('02ac6ad1-e832-471d-bfd4-80415f46fbda', 'd7ce6385-ea18-438c-bb25-e91b4a6cb424', 'cf4d1399-a4c8-422f-ae11-c9e5a97f733a', 'SEL FIN DE MER 1KG', 'A00077', 0.97, 'pce', 0.055, 'import_2026', true);
INSERT INTO appro_catalogue (id, nom, nom_recherche, categorie, unite, actif) VALUES ('1cfaadb9-e877-4fbe-89fa-44e7d339cf1d', '450G PATE CROUTE PISTACHE', '450g pate croute pistache', 'Alimentaire', 'pce', true);
INSERT INTO appro_prix (id, article_id, fournisseur_id, designation, reference_fournisseur, pu_ht, unite, taux_tva, source, actif) VALUES ('eace3978-60ad-4d5e-9de0-d9393cb33c9c', '1cfaadb9-e877-4fbe-89fa-44e7d339cf1d', 'ba2f7076-33c2-4ce9-ad90-5778e30c29d3', '450G PATE CROUTE PISTACHE', '831118', 3.8, 'pce', 0.055, 'import_2026', true);
INSERT INTO appro_catalogue (id, nom, nom_recherche, categorie, unite, actif) VALUES ('25731151-2d6b-40ad-b57c-4e3f85a1dae8', 'BANANE CAVENDISH C.IVO P19 I', 'banane cavendish c ivo p19 i', 'Fruits & Légumes', 'kg', true);
INSERT INTO appro_prix (id, article_id, fournisseur_id, designation, reference_fournisseur, pu_ht, unite, taux_tva, source, actif) VALUES ('023b96f9-ef52-4fe9-a4ac-ac7794b07a08', '25731151-2d6b-40ad-b57c-4e3f85a1dae8', '21fbe47e-0b13-40b5-984f-673cb012149f', 'BANANE CAVENDISH C.IVO P19 I', 'CI', 34.36, 'kg', 0.055, 'import_2026', true);
INSERT INTO appro_catalogue (id, nom, nom_recherche, categorie, unite, actif) VALUES ('ec3a8d60-dd67-4af1-8ca7-5e915bd5d42a', '12X42G CUBE LEVURE MENAGE', '12x42g cube levure menage', 'Alimentaire', 'pce', true);
INSERT INTO appro_prix (id, article_id, fournisseur_id, designation, reference_fournisseur, pu_ht, unite, taux_tva, source, actif) VALUES ('b4d5025a-e911-4d48-a990-c797fad95279', 'ec3a8d60-dd67-4af1-8ca7-5e915bd5d42a', 'ba2f7076-33c2-4ce9-ad90-5778e30c29d3', '12X42G CUBE LEVURE MENAGE', '289023', 3.2, 'pce', 0.055, 'import_2026', true);
INSERT INTO appro_catalogue (id, nom, nom_recherche, categorie, unite, actif) VALUES ('591cf5ae-4c38-4864-9c46-e04c7710a041', '250G GRISSINI ART SESAME CIRO', '250g grissini art sesame ciro', 'Alimentaire', 'pce', true);
INSERT INTO appro_prix (id, article_id, fournisseur_id, designation, reference_fournisseur, pu_ht, unite, taux_tva, source, actif) VALUES ('6cc2333a-5455-467e-9eb5-070026b4b971', '591cf5ae-4c38-4864-9c46-e04c7710a041', 'ba2f7076-33c2-4ce9-ad90-5778e30c29d3', '250G GRISSINI ART SESAME CIRO', '994883', 3.18, 'pce', 0.055, 'import_2026', true);
INSERT INTO appro_catalogue (id, nom, nom_recherche, categorie, unite, actif) VALUES ('1e5f7cbd-28ce-405e-a42a-3b27dbc1b322', 'ST 100G CIBOULETTE EQR IMP', 'st 100g ciboulette eqr imp', 'Alimentaire', 'pce', true);
INSERT INTO appro_prix (id, article_id, fournisseur_id, designation, reference_fournisseur, pu_ht, unite, taux_tva, source, actif) VALUES ('f27113ed-4515-4885-83aa-8161202b0266', '1e5f7cbd-28ce-405e-a42a-3b27dbc1b322', 'ba2f7076-33c2-4ce9-ad90-5778e30c29d3', 'ST 100G CIBOULETTE EQR IMP', '837674', 3.16, 'pce', 0.055, 'import_2026', true);
INSERT INTO appro_catalogue (id, nom, nom_recherche, categorie, unite, actif) VALUES ('15fd2375-b08a-4e9a-bd9a-b7ff4525bda1', 'CAROTTE FR BO 1KG I X12', 'carotte fr bo 1kg i x12', 'Fruits & Légumes', 'pce', true);
INSERT INTO appro_prix (id, article_id, fournisseur_id, designation, reference_fournisseur, pu_ht, unite, taux_tva, source, actif) VALUES ('0a6e70af-8f42-4768-be68-64914c5823f1', '15fd2375-b08a-4e9a-bd9a-b7ff4525bda1', '21fbe47e-0b13-40b5-984f-673cb012149f', 'CAROTTE FR BO 1KG I X12', 'FR', 18.24, 'pce', 0.055, 'import_2026', true);
INSERT INTO appro_catalogue (id, nom, nom_recherche, categorie, unite, actif) VALUES ('40a45576-cafa-4479-8167-76967df1e7d8', 'ORANGE NAVEL LATE ZA 4 I MADEMOTSE', 'orange navel late za 4 i mademotse', 'Fruits & Légumes', 'kg', true);
INSERT INTO appro_prix (id, article_id, fournisseur_id, designation, reference_fournisseur, pu_ht, unite, taux_tva, source, actif) VALUES ('e53dac30-2e54-463d-83ec-1cbd54b928c1', '40a45576-cafa-4479-8167-76967df1e7d8', '21fbe47e-0b13-40b5-984f-673cb012149f', 'ORANGE NAVEL LATE ZA 4 I MADEMOTSE', 'ZA', 28.18, 'kg', 0.055, 'import_2026', true);
INSERT INTO appro_catalogue (id, nom, nom_recherche, categorie, unite, actif) VALUES ('bbd361e7-273e-4676-8635-c0db0d3f3113', 'CITRON PRIMOFIORI ES 4 I MADEMOTSE', 'citron primofiori es 4 i mademotse', 'Fruits & Légumes', 'kg', true);
INSERT INTO appro_prix (id, article_id, fournisseur_id, designation, reference_fournisseur, pu_ht, unite, taux_tva, source, actif) VALUES ('a3f38ca3-6923-4bef-879d-2973bfa33524', 'bbd361e7-273e-4676-8635-c0db0d3f3113', '21fbe47e-0b13-40b5-984f-673cb012149f', 'CITRON PRIMOFIORI ES 4 I MADEMOTSE', 'ES', 19.06, 'kg', 0.055, 'import_2026', true);
INSERT INTO appro_catalogue (id, nom, nom_recherche, categorie, unite, actif) VALUES ('553ddea6-dad7-4663-9e54-66adb2de1256', 'ST 200G PISSENLIT BLANC FR', 'st 200g pissenlit blanc fr', 'Alimentaire', 'pce', true);
INSERT INTO appro_prix (id, article_id, fournisseur_id, designation, reference_fournisseur, pu_ht, unite, taux_tva, source, actif) VALUES ('da6b3067-cfcc-49e2-944c-4d5593a1315d', '553ddea6-dad7-4663-9e54-66adb2de1256', 'ba2f7076-33c2-4ce9-ad90-5778e30c29d3', 'ST 200G PISSENLIT BLANC FR', '457462', 3.04, 'pce', 0.055, 'import_2026', true);
INSERT INTO appro_catalogue (id, nom, nom_recherche, categorie, unite, actif) VALUES ('0704514e-5340-4408-a22a-ac2616fbef72', '200G MUNSTER MARIKEL 11 CM', '200g munster marikel 11 cm', 'Alimentaire', 'pce', true);
INSERT INTO appro_prix (id, article_id, fournisseur_id, designation, reference_fournisseur, pu_ht, unite, taux_tva, source, actif) VALUES ('573842d5-91c0-4dc8-822f-b44df5676d74', '0704514e-5340-4408-a22a-ac2616fbef72', 'ba2f7076-33c2-4ce9-ad90-5778e30c29d3', '200G MUNSTER MARIKEL 11 CM', '650991', 3.02, 'pce', 0.055, 'import_2026', true);
INSERT INTO appro_catalogue (id, nom, nom_recherche, categorie, unite, actif) VALUES ('7616a7ef-97a2-415e-b8dc-da75f08c30ce', 'OIGNON ROUGE HVE3 FR 5/7 FLT1KG I X10', 'oignon rouge hve3 fr 5 7 flt1kg i x10', 'Fruits & Légumes', 'pce', true);
INSERT INTO appro_prix (id, article_id, fournisseur_id, designation, reference_fournisseur, pu_ht, unite, taux_tva, source, actif) VALUES ('f46b496d-e859-42c9-8235-628b32be69c6', '7616a7ef-97a2-415e-b8dc-da75f08c30ce', '21fbe47e-0b13-40b5-984f-673cb012149f', 'OIGNON ROUGE HVE3 FR 5/7 FLT1KG I X10', 'FR', 10.0, 'pce', 0.055, 'import_2026', true);
INSERT INTO appro_catalogue (id, nom, nom_recherche, categorie, unite, actif) VALUES ('6ddb9cb5-0b8f-4c16-bd8b-0834362c4fde', 'NAVET BLANC ALS SAC5SK I', 'navet blanc als sac5sk i', 'Fruits & Légumes', 'kg', true);
INSERT INTO appro_prix (id, article_id, fournisseur_id, designation, reference_fournisseur, pu_ht, unite, taux_tva, source, actif) VALUES ('42499923-5d2c-4b42-b6ca-fe5c40068101', '6ddb9cb5-0b8f-4c16-bd8b-0834362c4fde', '21fbe47e-0b13-40b5-984f-673cb012149f', 'NAVET BLANC ALS SAC5SK I', 'FR', 7.25, 'kg', 0.055, 'import_2026', true);
INSERT INTO appro_catalogue (id, nom, nom_recherche, categorie, unite, actif) VALUES ('be13a2bc-4453-47cb-939e-a5296153cc2d', 'CITRON PRIMOFIORI ES 4 I LULU', 'citron primofiori es 4 i lulu', 'Fruits & Légumes', 'kg', true);
INSERT INTO appro_prix (id, article_id, fournisseur_id, designation, reference_fournisseur, pu_ht, unite, taux_tva, source, actif) VALUES ('d4fc2aca-f366-4749-ae5d-ccc7f0e17fb5', 'be13a2bc-4453-47cb-939e-a5296153cc2d', '21fbe47e-0b13-40b5-984f-673cb012149f', 'CITRON PRIMOFIORI ES 4 I LULU', 'ES', 19.33, 'kg', 0.055, 'import_2026', true);
INSERT INTO appro_catalogue (id, nom, nom_recherche, categorie, unite, actif) VALUES ('c7c0de32-7f67-4669-adce-1f300c907c77', 'RAIS.BLANC S/P SWEET GLOBE PEROU 4K5 I', 'rais blanc s p sweet globe perou 4k5 i', 'Fruits & Légumes', 'kg', true);
INSERT INTO appro_prix (id, article_id, fournisseur_id, designation, reference_fournisseur, pu_ht, unite, taux_tva, source, actif) VALUES ('6b89ae97-5540-4c4d-80d2-d1f1bbeef0a9', 'c7c0de32-7f67-4669-adce-1f300c907c77', '21fbe47e-0b13-40b5-984f-673cb012149f', 'RAIS.BLANC S/P SWEET GLOBE PEROU 4K5 I', 'PE', 12.73, 'kg', 0.055, 'import_2026', true);
INSERT INTO appro_catalogue (id, nom, nom_recherche, categorie, unite, actif) VALUES ('72e693c8-45ab-4213-bc3d-08909e06259e', 'OIGNON JAUNE HVE3 ALS 6/8 F5K I Cc 1 1', 'oignon jaune hve3 als 6 8 f5k i cc 1 1', 'Fruits & Légumes', 'pce', true);
INSERT INTO appro_prix (id, article_id, fournisseur_id, designation, reference_fournisseur, pu_ht, unite, taux_tva, source, actif) VALUES ('dc49457d-3683-40d1-bb64-92cf220fbf13', '72e693c8-45ab-4213-bc3d-08909e06259e', '21fbe47e-0b13-40b5-984f-673cb012149f', 'OIGNON JAUNE HVE3 ALS 6/8 F5K I Cc 1 1', 'FR', 2.8, 'pce', 0.055, 'import_2026', true);
INSERT INTO appro_catalogue (id, nom, nom_recherche, categorie, unite, actif) VALUES ('e002b673-1445-4989-9290-5b55e68ef133', '250G PL BEUR DX PRESIDENT', '250g pl beur dx president', 'Alimentaire', 'pce', true);
INSERT INTO appro_prix (id, article_id, fournisseur_id, designation, reference_fournisseur, pu_ht, unite, taux_tva, source, actif) VALUES ('c11b25b0-647f-4748-b90a-a8151da44797', 'e002b673-1445-4989-9290-5b55e68ef133', 'ba2f7076-33c2-4ce9-ad90-5778e30c29d3', '250G PL BEUR DX PRESIDENT', '946537', 2.75, 'pce', 0.055, 'import_2026', true);
INSERT INTO appro_catalogue (id, nom, nom_recherche, categorie, unite, actif) VALUES ('9e2157db-57f7-40e0-bb1b-af5e1ef495d1', 'ORANGE NAVEL ZA 6 I X88', 'orange navel za 6 i x88', 'Fruits & Légumes', 'kg', true);
INSERT INTO appro_prix (id, article_id, fournisseur_id, designation, reference_fournisseur, pu_ht, unite, taux_tva, source, actif) VALUES ('e54fe844-ef1b-43e8-99fd-f43384e47659', '9e2157db-57f7-40e0-bb1b-af5e1ef495d1', '21fbe47e-0b13-40b5-984f-673cb012149f', 'ORANGE NAVEL ZA 6 I X88', 'ZA', 29.67, 'kg', 0.055, 'import_2026', true);
INSERT INTO appro_catalogue (id, nom, nom_recherche, categorie, unite, actif) VALUES ('d042e29d-5bc3-4732-9bed-f0f8b29ea39b', 'RADIS ROUGE EQUEUTE ALL SACHET 1KG I X10 P O.1 1', 'radis rouge equeute all sachet 1kg i x10 p o 1 1', 'Fruits & Légumes', 'pce', true);
INSERT INTO appro_prix (id, article_id, fournisseur_id, designation, reference_fournisseur, pu_ht, unite, taux_tva, source, actif) VALUES ('6a0fbe6e-3819-4db2-adf8-6aae53e676f9', 'd042e29d-5bc3-4732-9bed-f0f8b29ea39b', '21fbe47e-0b13-40b5-984f-673cb012149f', 'RADIS ROUGE EQUEUTE ALL SACHET 1KG I X10 P O.1 1', 'DE', 2.5, 'pce', 0.055, 'import_2026', true);
INSERT INTO appro_catalogue (id, nom, nom_recherche, categorie, unite, actif) VALUES ('e3efa409-ab25-4ff5-b790-efd0cdf84298', 'PERSIL PLAT ALS I', 'persil plat als i', 'Fruits & Légumes', 'kg', true);
INSERT INTO appro_prix (id, article_id, fournisseur_id, designation, reference_fournisseur, pu_ht, unite, taux_tva, source, actif) VALUES ('7d43651e-f9c9-4891-b923-5d5e03c34826', 'e3efa409-ab25-4ff5-b790-efd0cdf84298', '21fbe47e-0b13-40b5-984f-673cb012149f', 'PERSIL PLAT ALS I', 'FR', 20.5, 'kg', 0.055, 'import_2026', true);
INSERT INTO appro_catalogue (id, nom, nom_recherche, categorie, unite, actif) VALUES ('113d205c-d1b3-4d60-8356-da63ce988e5f', 'POIREAU BIO GERME 75G', 'poireau bio germe 75g', 'Alimentaire', 'pce', true);
INSERT INTO appro_prix (id, article_id, fournisseur_id, designation, reference_fournisseur, pu_ht, unite, taux_tva, source, actif) VALUES ('46b3f1bd-c270-44f6-923f-fc921e8f1666', '113d205c-d1b3-4d60-8356-da63ce988e5f', 'ba2f7076-33c2-4ce9-ad90-5778e30c29d3', 'POIREAU BIO GERME 75G', '341888', 2.45, 'pce', 0.055, 'import_2026', true);
INSERT INTO appro_catalogue (id, nom, nom_recherche, categorie, unite, actif) VALUES ('4a212440-e927-4ace-885f-969d14327f3d', 'CELERI BRANCHE FR 5SKG I', 'celeri branche fr 5skg i', 'Fruits & Légumes', 'kg', true);
INSERT INTO appro_prix (id, article_id, fournisseur_id, designation, reference_fournisseur, pu_ht, unite, taux_tva, source, actif) VALUES ('676e73de-eb56-4760-bd60-240ecbbc9a0a', '4a212440-e927-4ace-885f-969d14327f3d', '21fbe47e-0b13-40b5-984f-673cb012149f', 'CELERI BRANCHE FR 5SKG I', 'FR', 9.75, 'kg', 0.055, 'import_2026', true);
INSERT INTO appro_catalogue (id, nom, nom_recherche, categorie, unite, actif) VALUES ('befe5700-d7e1-4a18-92aa-3860510ab275', 'POIVRON TRICOLORE MA SACH500G I X10 P O.1 1', 'poivron tricolore ma sach500g i x10 p o 1 1', 'Fruits & Légumes', 'pce', true);
INSERT INTO appro_prix (id, article_id, fournisseur_id, designation, reference_fournisseur, pu_ht, unite, taux_tva, source, actif) VALUES ('dc9ee547-f7d8-48ba-b94a-3a6063e78841', 'befe5700-d7e1-4a18-92aa-3860510ab275', '21fbe47e-0b13-40b5-984f-673cb012149f', 'POIVRON TRICOLORE MA SACH500G I X10 P O.1 1', 'MA', 2.2, 'pce', 0.055, 'import_2026', true);
INSERT INTO appro_catalogue (id, nom, nom_recherche, categorie, unite, actif) VALUES ('e4513c86-3cfa-4f16-99ae-39e15074348c', 'HMENTHE ES I POLY X20', 'hmenthe es i poly x20', 'Fruits & Légumes', 'pce', true);
INSERT INTO appro_prix (id, article_id, fournisseur_id, designation, reference_fournisseur, pu_ht, unite, taux_tva, source, actif) VALUES ('d0079092-2b0e-4a32-aa85-bfa4a85a0997', 'e4513c86-3cfa-4f16-99ae-39e15074348c', '21fbe47e-0b13-40b5-984f-673cb012149f', 'HMENTHE ES I POLY X20', 'ES', 22.0, 'pce', 0.055, 'import_2026', true);
INSERT INTO appro_catalogue (id, nom, nom_recherche, categorie, unite, actif) VALUES ('76fe483e-a417-4a67-bb47-5e7af1aac948', '100G MAYO.RAIFALSA VER', '100g mayo raifalsa ver', 'Alimentaire', 'pce', true);
INSERT INTO appro_prix (id, article_id, fournisseur_id, designation, reference_fournisseur, pu_ht, unite, taux_tva, source, actif) VALUES ('1f3f42ef-feb8-4708-8c36-374cbd752711', '76fe483e-a417-4a67-bb47-5e7af1aac948', 'ba2f7076-33c2-4ce9-ad90-5778e30c29d3', '100G MAYO.RAIFALSA VER', '048042', 2.12, 'pce', 0.055, 'import_2026', true);
INSERT INTO appro_catalogue (id, nom, nom_recherche, categorie, unite, actif) VALUES ('b27f4217-e4cd-4961-aab0-c837bbb575a9', 'PERSIL PLAT ES BTE100G I P O.1 2', 'persil plat es bte100g i p o 1 2', 'Fruits & Légumes', 'pce', true);
INSERT INTO appro_prix (id, article_id, fournisseur_id, designation, reference_fournisseur, pu_ht, unite, taux_tva, source, actif) VALUES ('ea3f3ff8-41e2-49ed-9aca-be1e417ffe9a', 'b27f4217-e4cd-4961-aab0-c837bbb575a9', '21fbe47e-0b13-40b5-984f-673cb012149f', 'PERSIL PLAT ES BTE100G I P O.1 2', 'ES', 1.0, 'pce', 0.055, 'import_2026', true);
INSERT INTO appro_catalogue (id, nom, nom_recherche, categorie, unite, actif) VALUES ('6c7f570e-37d9-42a0-b8f3-0fba77df039e', 'MOUTARDE D''ALSACE DOUCE EN TUB', 'moutarde d alsace douce en tub', 'Alimentaire', 'pce', true);
INSERT INTO appro_prix (id, article_id, fournisseur_id, designation, reference_fournisseur, pu_ht, unite, taux_tva, source, actif) VALUES ('c24c4b5d-073d-4e29-b5c8-de5def00a8b6', '6c7f570e-37d9-42a0-b8f3-0fba77df039e', 'ba2f7076-33c2-4ce9-ad90-5778e30c29d3', 'MOUTARDE D''ALSACE DOUCE EN TUB', '047995', 1.99, 'pce', 0.055, 'import_2026', true);
INSERT INTO appro_catalogue (id, nom, nom_recherche, categorie, unite, actif) VALUES ('72fb503b-b384-4bab-a0cb-844865606093', 'SEL GROS DE MER 1KG', 'sel gros de mer 1kg', 'Alimentaire', 'pce', true);
INSERT INTO appro_prix (id, article_id, fournisseur_id, designation, reference_fournisseur, pu_ht, unite, taux_tva, source, actif) VALUES ('e60e0d3b-c8dd-40dc-8cad-6de49e88dbab', '72fb503b-b384-4bab-a0cb-844865606093', 'cf4d1399-a4c8-422f-ae11-c9e5a97f733a', 'SEL GROS DE MER 1KG', 'A00078', 0.92, 'pce', 0.055, 'import_2026', true);
INSERT INTO appro_catalogue (id, nom, nom_recherche, categorie, unite, actif) VALUES ('a506beb9-f57a-40e4-9c29-3088a3e45123', 'CONSIGNES CFP', 'consignes cfp', 'Consignes', 'pce', true);
INSERT INTO appro_prix (id, article_id, fournisseur_id, designation, reference_fournisseur, pu_ht, unite, taux_tva, source, actif) VALUES ('192f20e5-fb68-4fcf-b934-c10a1da1cf3f', 'a506beb9-f57a-40e4-9c29-3088a3e45123', 'd55c0dfd-d61a-432b-896f-30cbad6c68f7', 'CONSIGNES CFP', '', 1.8, 'pce', 0.055, 'import_2026', true);
INSERT INTO appro_catalogue (id, nom, nom_recherche, categorie, unite, actif) VALUES ('e89c32ef-5183-4094-8493-99580e68d044', 'CELERI RAVE HVE3 ALS I X10 P O.1 1', 'celeri rave hve3 als i x10 p o 1 1', 'Fruits & Légumes', 'pce', true);
INSERT INTO appro_prix (id, article_id, fournisseur_id, designation, reference_fournisseur, pu_ht, unite, taux_tva, source, actif) VALUES ('651fa794-e25b-4f7f-adcc-022f9be477f2', 'e89c32ef-5183-4094-8493-99580e68d044', '21fbe47e-0b13-40b5-984f-673cb012149f', 'CELERI RAVE HVE3 ALS I X10 P O.1 1', 'FR', 1.8, 'pce', 0.055, 'import_2026', true);
INSERT INTO appro_catalogue (id, nom, nom_recherche, categorie, unite, actif) VALUES ('e2a77c2e-fd72-4130-b328-3526a9416a61', '1L VINAIGRE 3.8% MELFOR', '1l vinaigre 3 8 melfor', 'Alimentaire', 'pce', true);
INSERT INTO appro_prix (id, article_id, fournisseur_id, designation, reference_fournisseur, pu_ht, unite, taux_tva, source, actif) VALUES ('d9482c74-ee69-4838-b1ec-9415ab4d8e47', 'e2a77c2e-fd72-4130-b328-3526a9416a61', 'ba2f7076-33c2-4ce9-ad90-5778e30c29d3', '1L VINAIGRE 3.8% MELFOR', '045151', 1.76, 'pce', 0.055, 'import_2026', true);
INSERT INTO appro_catalogue (id, nom, nom_recherche, categorie, unite, actif) VALUES ('f3f3ef1b-35e4-4a62-8e15-92473ca7ac7e', 'POIVRON ROUGE NL GG 5KG I', 'poivron rouge nl gg 5kg i', 'Fruits & Légumes', 'kg', true);
INSERT INTO appro_prix (id, article_id, fournisseur_id, designation, reference_fournisseur, pu_ht, unite, taux_tva, source, actif) VALUES ('ef3d3012-8868-4b98-a6f6-910bbc76343b', 'f3f3ef1b-35e4-4a62-8e15-92473ca7ac7e', '21fbe47e-0b13-40b5-984f-673cb012149f', 'POIVRON ROUGE NL GG 5KG I', 'NL', 14.5, 'kg', 0.055, 'import_2026', true);
INSERT INTO appro_catalogue (id, nom, nom_recherche, categorie, unite, actif) VALUES ('fbe4034e-00ae-4dbc-a977-24bcb97df577', 'POIVRON VERT POLOG G 5KG I', 'poivron vert polog g 5kg i', 'Fruits & Légumes', 'kg', true);
INSERT INTO appro_prix (id, article_id, fournisseur_id, designation, reference_fournisseur, pu_ht, unite, taux_tva, source, actif) VALUES ('9368d1ed-97a5-4f3a-9a01-423ad8b7d457', 'fbe4034e-00ae-4dbc-a977-24bcb97df577', '21fbe47e-0b13-40b5-984f-673cb012149f', 'POIVRON VERT POLOG G 5KG I', 'PL', 13.5, 'kg', 0.055, 'import_2026', true);
INSERT INTO appro_catalogue (id, nom, nom_recherche, categorie, unite, actif) VALUES ('78753667-1a82-4474-8297-aba5186bcc8d', 'COURG.BUTTERNUT HVE3 ALS 10KG I K QO.11 1.1', 'courg butternut hve3 als 10kg i k qo 11 1 1', 'Fruits & Légumes', 'kg', true);
INSERT INTO appro_prix (id, article_id, fournisseur_id, designation, reference_fournisseur, pu_ht, unite, taux_tva, source, actif) VALUES ('c015e1f6-8100-48c1-836f-d413d9483f3c', '78753667-1a82-4474-8297-aba5186bcc8d', '21fbe47e-0b13-40b5-984f-673cb012149f', 'COURG.BUTTERNUT HVE3 ALS 10KG I K QO.11 1.1', 'FR', 1.45, 'kg', 0.055, 'import_2026', true);
INSERT INTO appro_catalogue (id, nom, nom_recherche, categorie, unite, actif) VALUES ('3c6cb7ff-04e3-4385-8524-9c7f788fb901', 'AUBERGINE ES M I CC', 'aubergine es m i cc', 'Fruits & Légumes', 'kg', true);
INSERT INTO appro_prix (id, article_id, fournisseur_id, designation, reference_fournisseur, pu_ht, unite, taux_tva, source, actif) VALUES ('e9da8e68-5ba3-42d7-9b17-137f69afbfa9', '3c6cb7ff-04e3-4385-8524-9c7f788fb901', '21fbe47e-0b13-40b5-984f-673cb012149f', 'AUBERGINE ES M I CC', 'ES', 7.75, 'kg', 0.055, 'import_2026', true);
INSERT INTO appro_catalogue (id, nom, nom_recherche, categorie, unite, actif) VALUES ('845a0c08-fe2d-4a25-8772-5874792639d1', '2X 230G PATE FEUILLETEE E.CUIS', '2x 230g pate feuilletee e cuis', 'Alimentaire', 'pce', true);
INSERT INTO appro_prix (id, article_id, fournisseur_id, designation, reference_fournisseur, pu_ht, unite, taux_tva, source, actif) VALUES ('ab095441-ff95-4f3b-aba0-4572ce36ef63', '845a0c08-fe2d-4a25-8772-5874792639d1', 'ba2f7076-33c2-4ce9-ad90-5778e30c29d3', '2X 230G PATE FEUILLETEE E.CUIS', '887163', 1.53, 'pce', 0.055, 'import_2026', true);
INSERT INTO appro_catalogue (id, nom, nom_recherche, categorie, unite, actif) VALUES ('49df6287-09d4-4852-96bc-d3b8866315a1', 'PERSIL PLAT ES I POLY X20 P O.1 2', 'persil plat es i poly x20 p o 1 2', 'Fruits & Légumes', 'pce', true);
INSERT INTO appro_prix (id, article_id, fournisseur_id, designation, reference_fournisseur, pu_ht, unite, taux_tva, source, actif) VALUES ('e919774a-6bb8-4f0f-a2f1-f3948514527f', '49df6287-09d4-4852-96bc-d3b8866315a1', '21fbe47e-0b13-40b5-984f-673cb012149f', 'PERSIL PLAT ES I POLY X20 P O.1 2', 'ES', 0.75, 'pce', 0.055, 'import_2026', true);
INSERT INTO appro_catalogue (id, nom, nom_recherche, categorie, unite, actif) VALUES ('4bce61ed-448a-4aa6-ac21-cde8c0f60908', 'FLT 250G ECHALOTE RDF FR', 'flt 250g echalote rdf fr', 'Alimentaire', 'pce', true);
INSERT INTO appro_prix (id, article_id, fournisseur_id, designation, reference_fournisseur, pu_ht, unite, taux_tva, source, actif) VALUES ('788dd2cb-889a-4488-a2ba-13631ca907cd', '4bce61ed-448a-4aa6-ac21-cde8c0f60908', 'ba2f7076-33c2-4ce9-ad90-5778e30c29d3', 'FLT 250G ECHALOTE RDF FR', '426483', 1.35, 'pce', 0.055, 'import_2026', true);
INSERT INTO appro_catalogue (id, nom, nom_recherche, categorie, unite, actif) VALUES ('1689d339-fc7b-413e-88b4-9d452c2bf504', 'POIVRON JAUNE NL GG 5KG I', 'poivron jaune nl gg 5kg i', 'Fruits & Légumes', 'kg', true);
INSERT INTO appro_prix (id, article_id, fournisseur_id, designation, reference_fournisseur, pu_ht, unite, taux_tva, source, actif) VALUES ('f0449599-b709-4c0f-a6b0-980e462c613b', '1689d339-fc7b-413e-88b4-9d452c2bf504', '21fbe47e-0b13-40b5-984f-673cb012149f', 'POIVRON JAUNE NL GG 5KG I', 'NL', 10.5, 'kg', 0.055, 'import_2026', true);
INSERT INTO appro_catalogue (id, nom, nom_recherche, categorie, unite, actif) VALUES ('29b9147b-53ce-46ba-be14-7e594fc3566c', 'DENTELLE DIAM 10', 'dentelle diam 10', 'Entretien/Hygiène', 'pce', true);
INSERT INTO appro_prix (id, article_id, fournisseur_id, designation, reference_fournisseur, pu_ht, unite, taux_tva, source, actif) VALUES ('063d0418-cc54-415e-87f4-9f4421ded4e1', '29b9147b-53ce-46ba-be14-7e594fc3566c', 'ba2f7076-33c2-4ce9-ad90-5778e30c29d3', 'DENTELLE DIAM 10', '652210', 1.17, 'pce', 0.2, 'import_2026', true);
INSERT INTO appro_catalogue (id, nom, nom_recherche, categorie, unite, actif) VALUES ('43c5302c-9c23-4759-9529-5a545c0c0299', 'COURGETTE ES 14/21 I PLAST', 'courgette es 14 21 i plast', 'Fruits & Légumes', 'kg', true);
INSERT INTO appro_prix (id, article_id, fournisseur_id, designation, reference_fournisseur, pu_ht, unite, taux_tva, source, actif) VALUES ('2aae37ed-b33e-49f4-9464-b626bdd23b01', '43c5302c-9c23-4759-9529-5a545c0c0299', '21fbe47e-0b13-40b5-984f-673cb012149f', 'COURGETTE ES 14/21 I PLAST', 'ES', 11.67, 'kg', 0.055, 'import_2026', true);
INSERT INTO appro_catalogue (id, nom, nom_recherche, categorie, unite, actif) VALUES ('1fd10a3f-9707-4b1f-bbc0-569cf412b35d', 'OIGNON JAUNE HVE3 FR 5/7 FLT1KG I X10', 'oignon jaune hve3 fr 5 7 flt1kg i x10', 'Fruits & Légumes', 'pce', true);
INSERT INTO appro_prix (id, article_id, fournisseur_id, designation, reference_fournisseur, pu_ht, unite, taux_tva, source, actif) VALUES ('135f9d84-6b89-4796-8a96-13a02a2b5e13', '1fd10a3f-9707-4b1f-bbc0-569cf412b35d', '21fbe47e-0b13-40b5-984f-673cb012149f', 'OIGNON JAUNE HVE3 FR 5/7 FLT1KG I X10', 'FR', 9.0, 'pce', 0.055, 'import_2026', true);
INSERT INTO appro_catalogue (id, nom, nom_recherche, categorie, unite, actif) VALUES ('8277490e-cb98-4786-ba2a-c4f530b56a56', 'FENOUIL ITA I', 'fenouil ita i', 'Fruits & Légumes', 'kg', true);
INSERT INTO appro_prix (id, article_id, fournisseur_id, designation, reference_fournisseur, pu_ht, unite, taux_tva, source, actif) VALUES ('908bf9da-7cef-4712-b361-8494573174db', '8277490e-cb98-4786-ba2a-c4f530b56a56', '21fbe47e-0b13-40b5-984f-673cb012149f', 'FENOUIL ITA I', 'IT', 11.25, 'kg', 0.055, 'import_2026', true);
INSERT INTO appro_catalogue (id, nom, nom_recherche, categorie, unite, actif) VALUES ('44eb1a67-2109-4923-9f2f-06c48128be80', 'PERSIL PLAT ALL 5KG I', 'persil plat all 5kg i', 'Fruits & Légumes', 'kg', true);
INSERT INTO appro_prix (id, article_id, fournisseur_id, designation, reference_fournisseur, pu_ht, unite, taux_tva, source, actif) VALUES ('121f688a-f100-4681-9125-36b1f7f5cb15', '44eb1a67-2109-4923-9f2f-06c48128be80', '21fbe47e-0b13-40b5-984f-673cb012149f', 'PERSIL PLAT ALL 5KG I', 'DE', 16.0, 'kg', 0.055, 'import_2026', true);
INSERT INTO appro_catalogue (id, nom, nom_recherche, categorie, unite, actif) VALUES ('50f9db84-0c37-4613-af51-83dfcd114d70', 'PDT JAZZY FR 35+ 12,5KG', 'pdt jazzy fr 35 12 5kg', 'Fruits & Légumes', 'kg', true);
INSERT INTO appro_prix (id, article_id, fournisseur_id, designation, reference_fournisseur, pu_ht, unite, taux_tva, source, actif) VALUES ('db8d334f-5d6e-4d27-8296-91c577513c2c', '50f9db84-0c37-4613-af51-83dfcd114d70', '21fbe47e-0b13-40b5-984f-673cb012149f', 'PDT JAZZY FR 35+ 12,5KG', '', 1.26, 'kg', 0.055, 'import_2025', true);
INSERT INTO appro_catalogue (id, nom, nom_recherche, categorie, unite, actif) VALUES ('7a2f1d6b-f049-4b4e-8a91-5db2fd72172e', 'PDT NLLE ANOE FR 35+ 12,5KG', 'pdt nlle anoe fr 35 12 5kg', 'Fruits & Légumes', 'kg', true);
INSERT INTO appro_prix (id, article_id, fournisseur_id, designation, reference_fournisseur, pu_ht, unite, taux_tva, source, actif) VALUES ('8fdce16a-5f1b-4b43-9120-0ee5ccbbd841', '7a2f1d6b-f049-4b4e-8a91-5db2fd72172e', '21fbe47e-0b13-40b5-984f-673cb012149f', 'PDT NLLE ANOE FR 35+ 12,5KG', '', 1.36, 'kg', 0.055, 'import_2025', true);
INSERT INTO appro_catalogue (id, nom, nom_recherche, categorie, unite, actif) VALUES ('9aaa745b-033c-40d1-9853-5548e4ef5db0', 'SL FEUI.CHE.RGE HVE3 ALS', 'sl feui che rge hve3 als', 'Fruits & Légumes', 'pce', true);
INSERT INTO appro_prix (id, article_id, fournisseur_id, designation, reference_fournisseur, pu_ht, unite, taux_tva, source, actif) VALUES ('37cb0cc8-dfa8-4478-9089-eaa377879f90', '9aaa745b-033c-40d1-9853-5548e4ef5db0', '21fbe47e-0b13-40b5-984f-673cb012149f', 'SL FEUI.CHE.RGE HVE3 ALS', '', 1.17, 'pce', 0.055, 'import_2025', true);
INSERT INTO appro_catalogue (id, nom, nom_recherche, categorie, unite, actif) VALUES ('32a6f997-289a-45c0-8bc8-65694bbe93d4', 'CREMANT BIO AOC CREMANT ALSACE 75cl', 'cremant bio aoc cremant alsace 75cl', 'Boisson alcoolisée', 'Bouteille', true);
INSERT INTO appro_prix (id, article_id, fournisseur_id, designation, reference_fournisseur, pu_ht, unite, taux_tva, source, actif) VALUES ('64247f3f-cfa5-441c-bc62-f51df8056eeb', '32a6f997-289a-45c0-8bc8-65694bbe93d4', 'd55c0dfd-d61a-432b-896f-30cbad6c68f7', 'CREMANT BIO AOC CREMANT ALSACE 75cl', '', 4.61, 'Bouteille', 0.055, 'import_2025', true);
INSERT INTO appro_catalogue (id, nom, nom_recherche, categorie, unite, actif) VALUES ('38dbbcba-4eeb-47e7-b204-e6c8d2772212', 'POM BOSCOOP HVE3 ALS 170-200G 7KG', 'pom boscoop hve3 als 170 200g 7kg', 'Alimentaire', 'kg', true);
INSERT INTO appro_prix (id, article_id, fournisseur_id, designation, reference_fournisseur, pu_ht, unite, taux_tva, source, actif) VALUES ('2f7b7ec7-527c-45bb-947e-2b048f97b46d', '38dbbcba-4eeb-47e7-b204-e6c8d2772212', '21fbe47e-0b13-40b5-984f-673cb012149f', 'POM BOSCOOP HVE3 ALS 170-200G 7KG', '', 2.03, 'kg', 0.055, 'import_2025', true);
INSERT INTO appro_catalogue (id, nom, nom_recherche, categorie, unite, actif) VALUES ('678ba4c2-8f81-46ad-abac-620848b7f32a', 'SL FEUI.CHE.RGE HVE3 MIDI', 'sl feui che rge hve3 midi', 'Fruits & Légumes', 'pce', true);
INSERT INTO appro_prix (id, article_id, fournisseur_id, designation, reference_fournisseur, pu_ht, unite, taux_tva, source, actif) VALUES ('2f37a0f6-bcae-4900-8d89-1772766c4fa0', '678ba4c2-8f81-46ad-abac-620848b7f32a', '21fbe47e-0b13-40b5-984f-673cb012149f', 'SL FEUI.CHE.RGE HVE3 MIDI', '', 1.0, 'pce', 0.055, 'import_2025', true);
INSERT INTO appro_catalogue (id, nom, nom_recherche, categorie, unite, actif) VALUES ('28529457-f238-4dfd-aa1a-89ed558a185d', 'CH CHAMPIGNON P.C POLOG M 3KG', 'ch champignon p c polog m 3kg', 'Fruits & Légumes', 'kg', true);
INSERT INTO appro_prix (id, article_id, fournisseur_id, designation, reference_fournisseur, pu_ht, unite, taux_tva, source, actif) VALUES ('ebf0c969-06dc-4937-8e6f-352cedf8d54c', '28529457-f238-4dfd-aa1a-89ed558a185d', '21fbe47e-0b13-40b5-984f-673cb012149f', 'CH CHAMPIGNON P.C POLOG M 3KG', '', 4.43, 'kg', 0.055, 'import_2025', true);
INSERT INTO appro_catalogue (id, nom, nom_recherche, categorie, unite, actif) VALUES ('4e2522ae-d0a6-4a92-9d19-c389068f96f3', '"Les Amandiers" Crozes-Hermitage Domaine du', 'les amandiers crozes hermitage domaine du', 'Boisson alcoolisée', 'pce', true);
INSERT INTO appro_prix (id, article_id, fournisseur_id, designation, reference_fournisseur, pu_ht, unite, taux_tva, source, actif) VALUES ('fe139e30-a1eb-4828-8241-b32b72f91f70', '4e2522ae-d0a6-4a92-9d19-c389068f96f3', '873c4e87-78f3-48d8-8f88-0c67d8274ccb', '"Les Amandiers" Crozes-Hermitage Domaine du', '', 12.99, 'pce', 0.055, 'import_2025', true);
INSERT INTO appro_catalogue (id, nom, nom_recherche, categorie, unite, actif) VALUES ('32689838-e37e-49c4-8864-12c7e986c98e', 'PDT NLULE JAZZY FR 35+ 12,5KG', 'pdt nlule jazzy fr 35 12 5kg', 'Fruits & Légumes', 'kg', true);
INSERT INTO appro_prix (id, article_id, fournisseur_id, designation, reference_fournisseur, pu_ht, unite, taux_tva, source, actif) VALUES ('e679f911-5c54-4b51-956a-e5348045b177', '32689838-e37e-49c4-8864-12c7e986c98e', '21fbe47e-0b13-40b5-984f-673cb012149f', 'PDT NLULE JAZZY FR 35+ 12,5KG', '', 1.29, 'kg', 0.055, 'import_2025', true);
INSERT INTO appro_catalogue (id, nom, nom_recherche, categorie, unite, actif) VALUES ('4d59f60c-24d4-4dec-93f4-af7fc75242fd', 'Frais forfaitaires', 'frais forfaitaires', 'Frais', 'pce', true);
INSERT INTO appro_prix (id, article_id, fournisseur_id, designation, reference_fournisseur, pu_ht, unite, taux_tva, source, actif) VALUES ('13eff0a9-340e-4b43-9557-ea87fd1e4082', '4d59f60c-24d4-4dec-93f4-af7fc75242fd', '21fbe47e-0b13-40b5-984f-673cb012149f', 'Frais forfaitaires', '', 15.0, 'pce', 0.055, 'import_2025', true);
INSERT INTO appro_catalogue (id, nom, nom_recherche, categorie, unite, actif) VALUES ('67410e02-2156-4c6c-b00f-78b9150999e3', 'RUHLMANN RIESLING Granit Sec', 'ruhlmann riesling granit sec', 'Boisson alcoolisée', 'Bouteille', true);
INSERT INTO appro_prix (id, article_id, fournisseur_id, designation, reference_fournisseur, pu_ht, unite, taux_tva, source, actif) VALUES ('cced2c7e-3382-443a-9a28-9a70222a38d2', '67410e02-2156-4c6c-b00f-78b9150999e3', 'b11dbed0-0d23-4e23-b6db-7a5dda2c8d33', 'RUHLMANN RIESLING Granit Sec', '', 7.75, 'Bouteille', 0.055, 'import_2025', true);
INSERT INTO appro_catalogue (id, nom, nom_recherche, categorie, unite, actif) VALUES ('e53ca82a-9d32-492f-b685-6ab571b3cd74', 'TOM.CERISE GRAPPE NL 3KG', 'tom cerise grappe nl 3kg', 'Alimentaire', 'kg', true);
INSERT INTO appro_prix (id, article_id, fournisseur_id, designation, reference_fournisseur, pu_ht, unite, taux_tva, source, actif) VALUES ('614ac552-285f-46c1-b2e6-23ed8dba2c71', 'e53ca82a-9d32-492f-b685-6ab571b3cd74', '21fbe47e-0b13-40b5-984f-673cb012149f', 'TOM.CERISE GRAPPE NL 3KG', '', 5.13, 'kg', 0.055, 'import_2025', true);
INSERT INTO appro_catalogue (id, nom, nom_recherche, categorie, unite, actif) VALUES ('aec2baa6-0d8d-409c-bbbb-80d531911926', 'RUHLMANN PINOT GRIS Tête de Cuvée BIO Demi-sec', 'ruhlmann pinot gris tete de cuvee bio demi sec', 'Boisson alcoolisée', 'Bouteille', true);
INSERT INTO appro_prix (id, article_id, fournisseur_id, designation, reference_fournisseur, pu_ht, unite, taux_tva, source, actif) VALUES ('d7534c66-4db6-40fb-99b5-be7bd7271b52', 'aec2baa6-0d8d-409c-bbbb-80d531911926', 'b11dbed0-0d23-4e23-b6db-7a5dda2c8d33', 'RUHLMANN PINOT GRIS Tête de Cuvée BIO Demi-sec', '', 6.4, 'Bouteille', 0.055, 'import_2025', true);
INSERT INTO appro_catalogue (id, nom, nom_recherche, categorie, unite, actif) VALUES ('084465b9-be79-4eea-b903-5afa90a2d202', 'SL FEUI.CHE.RGE HVE3 FR', 'sl feui che rge hve3 fr', 'Fruits & Légumes', 'pce', true);
INSERT INTO appro_prix (id, article_id, fournisseur_id, designation, reference_fournisseur, pu_ht, unite, taux_tva, source, actif) VALUES ('20ab58db-893c-43ea-a773-fc940e076c21', '084465b9-be79-4eea-b903-5afa90a2d202', '21fbe47e-0b13-40b5-984f-673cb012149f', 'SL FEUI.CHE.RGE HVE3 FR', '', 1.13, 'pce', 0.055, 'import_2025', true);
INSERT INTO appro_catalogue (id, nom, nom_recherche, categorie, unite, actif) VALUES ('951f6010-60b7-4049-8020-522ab27db1c4', 'TOM.CERISE GRAPPE ITA', 'tom cerise grappe ita', 'Alimentaire', 'kg', true);
INSERT INTO appro_prix (id, article_id, fournisseur_id, designation, reference_fournisseur, pu_ht, unite, taux_tva, source, actif) VALUES ('057b4f4f-b379-476e-b4d1-2c8f4c556abe', '951f6010-60b7-4049-8020-522ab27db1c4', '21fbe47e-0b13-40b5-984f-673cb012149f', 'TOM.CERISE GRAPPE ITA', '', 4.69, 'kg', 0.055, 'import_2025', true);
INSERT INTO appro_catalogue (id, nom, nom_recherche, categorie, unite, actif) VALUES ('b702e5f9-137c-4bdd-9dc3-1bb1e5bf80f7', 'PINOT BLANC AUXERROIS BIO AOC ALSACE 100cl', 'pinot blanc auxerrois bio aoc alsace 100cl', 'Boisson alcoolisée', 'Bouteille', true);
INSERT INTO appro_prix (id, article_id, fournisseur_id, designation, reference_fournisseur, pu_ht, unite, taux_tva, source, actif) VALUES ('1c490dbe-518a-49d6-ae5a-85c96367bcbb', 'b702e5f9-137c-4bdd-9dc3-1bb1e5bf80f7', 'd55c0dfd-d61a-432b-896f-30cbad6c68f7', 'PINOT BLANC AUXERROIS BIO AOC ALSACE 100cl', '', 5.35, 'Bouteille', 0.055, 'import_2025', true);
INSERT INTO appro_catalogue (id, nom, nom_recherche, categorie, unite, actif) VALUES ('a4424942-a886-4f2f-b673-24b591814a21', 'PINOT NOIR AOC ALSACE BIO 2024 75cl', 'pinot noir aoc alsace bio 2024 75cl', 'Boisson alcoolisée', 'Bouteille', true);
INSERT INTO appro_prix (id, article_id, fournisseur_id, designation, reference_fournisseur, pu_ht, unite, taux_tva, source, actif) VALUES ('656188f9-5dcd-46f2-914a-a100855ebe2d', 'a4424942-a886-4f2f-b673-24b591814a21', 'd55c0dfd-d61a-432b-896f-30cbad6c68f7', 'PINOT NOIR AOC ALSACE BIO 2024 75cl', '', 7.85, 'Bouteille', 0.055, 'import_2025', true);
INSERT INTO appro_catalogue (id, nom, nom_recherche, categorie, unite, actif) VALUES ('13f292db-b601-4daa-9a99-69d0d9e86cb4', 'POM BOSCOOP HVE3 ALS 170-200G VRAC', 'pom boscoop hve3 als 170 200g vrac', 'Alimentaire', 'kg', true);
INSERT INTO appro_prix (id, article_id, fournisseur_id, designation, reference_fournisseur, pu_ht, unite, taux_tva, source, actif) VALUES ('ffaf8533-ae03-4bdf-bd65-134354b3ca71', '13f292db-b601-4daa-9a99-69d0d9e86cb4', '21fbe47e-0b13-40b5-984f-673cb012149f', 'POM BOSCOOP HVE3 ALS 170-200G VRAC', '', 1.59, 'kg', 0.055, 'import_2025', true);
INSERT INTO appro_catalogue (id, nom, nom_recherche, categorie, unite, actif) VALUES ('c050d30a-292b-4685-9af1-cdc810b40bef', 'OIGNON HVE3 ALS 6/8 SAC10K', 'oignon hve3 als 6 8 sac10k', 'Fruits & Légumes', 'kg', true);
INSERT INTO appro_prix (id, article_id, fournisseur_id, designation, reference_fournisseur, pu_ht, unite, taux_tva, source, actif) VALUES ('909ef02c-60fd-49ad-b7af-62d0f3f1a84c', 'c050d30a-292b-4685-9af1-cdc810b40bef', '21fbe47e-0b13-40b5-984f-673cb012149f', 'OIGNON HVE3 ALS 6/8 SAC10K', '', 0.88, 'kg', 0.055, 'import_2025', true);
INSERT INTO appro_catalogue (id, nom, nom_recherche, categorie, unite, actif) VALUES ('c68b3336-37bb-4bf1-97ea-50666efd5f92', 'EDELZWICKER AOC ALSACE 100cl', 'edelzwicker aoc alsace 100cl', 'Boisson alcoolisée', 'Bouteille', true);
INSERT INTO appro_prix (id, article_id, fournisseur_id, designation, reference_fournisseur, pu_ht, unite, taux_tva, source, actif) VALUES ('d0f80eaf-2cfa-4e2d-adf1-509c12182083', 'c68b3336-37bb-4bf1-97ea-50666efd5f92', 'd55c0dfd-d61a-432b-896f-30cbad6c68f7', 'EDELZWICKER AOC ALSACE 100cl', '', 4.67, 'Bouteille', 0.055, 'import_2025', true);
INSERT INTO appro_catalogue (id, nom, nom_recherche, categorie, unite, actif) VALUES ('b9edba2a-a237-4f9e-9195-b59742b940ed', 'RUHLMANN GEWURZTRAMINER Vieilles Vignes BIO Moelleux', 'ruhlmann gewurztraminer vieilles vignes bio moelleux', 'Boisson alcoolisée', 'Bouteille', true);
INSERT INTO appro_prix (id, article_id, fournisseur_id, designation, reference_fournisseur, pu_ht, unite, taux_tva, source, actif) VALUES ('bdb805b2-fbf3-4641-8fdd-bc670cdba89c', 'b9edba2a-a237-4f9e-9195-b59742b940ed', 'b11dbed0-0d23-4e23-b6db-7a5dda2c8d33', 'RUHLMANN GEWURZTRAMINER Vieilles Vignes BIO Moelleux', '', 6.85, 'Bouteille', 0.055, 'import_2025', true);
INSERT INTO appro_catalogue (id, nom, nom_recherche, categorie, unite, actif) VALUES ('0faa7335-3028-4a9a-8cba-5c7ee8454c4e', 'PINOT NOIR AOC ALSACE 100cl', 'pinot noir aoc alsace 100cl', 'Boisson alcoolisée', 'Bouteille', true);
INSERT INTO appro_prix (id, article_id, fournisseur_id, designation, reference_fournisseur, pu_ht, unite, taux_tva, source, actif) VALUES ('498fb2e1-7b30-4144-b158-fd9b3b9b04ac', '0faa7335-3028-4a9a-8cba-5c7ee8454c4e', 'd55c0dfd-d61a-432b-896f-30cbad6c68f7', 'PINOT NOIR AOC ALSACE 100cl', '', 6.25, 'Bouteille', 0.055, 'import_2025', true);
INSERT INTO appro_catalogue (id, nom, nom_recherche, categorie, unite, actif) VALUES ('3185a5e6-85ef-42a7-ae8f-94a244494f3a', 'RUHLMANN PINOT BLANC Plaisir Fruité BIO Sec', 'ruhlmann pinot blanc plaisir fruite bio sec', 'Boisson alcoolisée', 'Bouteille', true);
INSERT INTO appro_prix (id, article_id, fournisseur_id, designation, reference_fournisseur, pu_ht, unite, taux_tva, source, actif) VALUES ('52d76f38-afcf-4212-b096-b991cab7ce89', '3185a5e6-85ef-42a7-ae8f-94a244494f3a', 'b11dbed0-0d23-4e23-b6db-7a5dda2c8d33', 'RUHLMANN PINOT BLANC Plaisir Fruité BIO Sec', '', 5.8, 'Bouteille', 0.055, 'import_2025', true);
INSERT INTO appro_catalogue (id, nom, nom_recherche, categorie, unite, actif) VALUES ('06ce10ea-4b5e-4f17-973c-4e2217c0297e', 'SL FEUI.CHE.RGE ALL', 'sl feui che rge all', 'Fruits & Légumes', 'pce', true);
INSERT INTO appro_prix (id, article_id, fournisseur_id, designation, reference_fournisseur, pu_ht, unite, taux_tva, source, actif) VALUES ('95710c68-b872-4c4d-b61d-f591fb31bf42', '06ce10ea-4b5e-4f17-973c-4e2217c0297e', '21fbe47e-0b13-40b5-984f-673cb012149f', 'SL FEUI.CHE.RGE ALL', '', 1.38, 'pce', 0.055, 'import_2025', true);
INSERT INTO appro_catalogue (id, nom, nom_recherche, categorie, unite, actif) VALUES ('3512fa73-2cd5-46f9-8135-2598ee3e216a', 'HCIBOULETTE MA BQ100G', 'hciboulette ma bq100g', 'Fruits & Légumes', 'pce', true);
INSERT INTO appro_prix (id, article_id, fournisseur_id, designation, reference_fournisseur, pu_ht, unite, taux_tva, source, actif) VALUES ('275503ab-6bf4-4f54-8cf9-6f2221bb461f', '3512fa73-2cd5-46f9-8135-2598ee3e216a', '21fbe47e-0b13-40b5-984f-673cb012149f', 'HCIBOULETTE MA BQ100G', '', 4.0, 'pce', 0.055, 'import_2025', true);
INSERT INTO appro_catalogue (id, nom, nom_recherche, categorie, unite, actif) VALUES ('05c13e6b-95b2-4211-93d6-6c90a61eff34', 'RIESLING BIO AOC ALSACE 100cl', 'riesling bio aoc alsace 100cl', 'Boisson alcoolisée', 'Bouteille', true);
INSERT INTO appro_prix (id, article_id, fournisseur_id, designation, reference_fournisseur, pu_ht, unite, taux_tva, source, actif) VALUES ('d1bec9ab-f252-4a53-b140-60b5b9d168e6', '05c13e6b-95b2-4211-93d6-6c90a61eff34', 'd55c0dfd-d61a-432b-896f-30cbad6c68f7', 'RIESLING BIO AOC ALSACE 100cl', '', 5.4, 'Bouteille', 0.055, 'import_2025', true);
INSERT INTO appro_catalogue (id, nom, nom_recherche, categorie, unite, actif) VALUES ('ade856ca-77b7-45d7-8022-326738237d19', 'RIESLING AOC ALSACE 100cl', 'riesling aoc alsace 100cl', 'Boisson alcoolisée', 'Bouteille', true);
INSERT INTO appro_prix (id, article_id, fournisseur_id, designation, reference_fournisseur, pu_ht, unite, taux_tva, source, actif) VALUES ('6a32dd3f-ca5b-44c1-a76f-f77f01429b34', 'ade856ca-77b7-45d7-8022-326738237d19', 'd55c0dfd-d61a-432b-896f-30cbad6c68f7', 'RIESLING AOC ALSACE 100cl', '', 5.35, 'Bouteille', 0.055, 'import_2025', true);
INSERT INTO appro_catalogue (id, nom, nom_recherche, categorie, unite, actif) VALUES ('8824d461-0f03-45fa-9682-65105a39d13c', 'PINOT BLANC AUXERROIS AOC ALSACE 100cl', 'pinot blanc auxerrois aoc alsace 100cl', 'Boisson alcoolisée', 'Bouteille', true);
INSERT INTO appro_prix (id, article_id, fournisseur_id, designation, reference_fournisseur, pu_ht, unite, taux_tva, source, actif) VALUES ('b60eccde-589e-4b35-8093-0f833d2ba521', '8824d461-0f03-45fa-9682-65105a39d13c', 'd55c0dfd-d61a-432b-896f-30cbad6c68f7', 'PINOT BLANC AUXERROIS AOC ALSACE 100cl', '', 5.3, 'Bouteille', 0.055, 'import_2025', true);
INSERT INTO appro_catalogue (id, nom, nom_recherche, categorie, unite, actif) VALUES ('741742dc-68a8-4a8a-a30b-49a37610dba5', 'Domaine de Cornillac Beaujolais J. LORON 75cl 2023', 'domaine de cornillac beaujolais j loron 75cl 2023', 'Boisson alcoolisée', 'pce', true);
INSERT INTO appro_prix (id, article_id, fournisseur_id, designation, reference_fournisseur, pu_ht, unite, taux_tva, source, actif) VALUES ('ae8821d7-b26f-4040-92b5-0df7acd7f029', '741742dc-68a8-4a8a-a30b-49a37610dba5', '873c4e87-78f3-48d8-8f88-0c67d8274ccb', 'Domaine de Cornillac Beaujolais J. LORON 75cl 2023', '', 6.9, 'pce', 0.055, 'import_2025', true);
INSERT INTO appro_catalogue (id, nom, nom_recherche, categorie, unite, actif) VALUES ('0763b363-4a1f-42bc-b67e-e19ecd2abf92', 'HCIBOULETTE MA BOQ100G', 'hciboulette ma boq100g', 'Fruits & Légumes', 'pce', true);
INSERT INTO appro_prix (id, article_id, fournisseur_id, designation, reference_fournisseur, pu_ht, unite, taux_tva, source, actif) VALUES ('2dada6bf-42c9-4fa2-a29e-e943d969ef66', '0763b363-4a1f-42bc-b67e-e19ecd2abf92', '21fbe47e-0b13-40b5-984f-673cb012149f', 'HCIBOULETTE MA BOQ100G', '', 3.99, 'pce', 0.055, 'import_2025', true);
INSERT INTO appro_catalogue (id, nom, nom_recherche, categorie, unite, actif) VALUES ('e2a58733-c0ab-4fb9-9903-2b2a6c64cddd', 'SL FEKEUI.CHE.RGE HVE3 ALS', 'sl fekeui che rge hve3 als', 'Alimentaire', 'pce', true);
INSERT INTO appro_prix (id, article_id, fournisseur_id, designation, reference_fournisseur, pu_ht, unite, taux_tva, source, actif) VALUES ('7e201a0d-0cca-4bd8-8739-007f75be4cb3', 'e2a58733-c0ab-4fb9-9903-2b2a6c64cddd', '21fbe47e-0b13-40b5-984f-673cb012149f', 'SL FEKEUI.CHE.RGE HVE3 ALS', '', 1.15, 'pce', 0.055, 'import_2025', true);
INSERT INTO appro_catalogue (id, nom, nom_recherche, categorie, unite, actif) VALUES ('50f55f05-36ce-4679-9cae-560d5c7e5432', 'Pas si Vite IGP St Guilhem Le Désert 2023', 'pas si vite igp st guilhem le desert 2023', 'Boisson alcoolisée', 'pce', true);
INSERT INTO appro_prix (id, article_id, fournisseur_id, designation, reference_fournisseur, pu_ht, unite, taux_tva, source, actif) VALUES ('092e0e53-631d-496c-b3ac-b148d4249982', '50f55f05-36ce-4679-9cae-560d5c7e5432', '873c4e87-78f3-48d8-8f88-0c67d8274ccb', 'Pas si Vite IGP St Guilhem Le Désert 2023', '', 5.99, 'pce', 0.055, 'import_2025', true);
INSERT INTO appro_catalogue (id, nom, nom_recherche, categorie, unite, actif) VALUES ('35cd0f1e-905e-4190-92cf-9baa7e8b1209', 'CHATEAU VALMONT AVENTURE BIO', 'chateau valmont aventure bio', 'Boisson alcoolisée', 'Bouteille', true);
INSERT INTO appro_prix (id, article_id, fournisseur_id, designation, reference_fournisseur, pu_ht, unite, taux_tva, source, actif) VALUES ('3fef2d81-f8a4-45f3-bc54-58eb676b8d72', '35cd0f1e-905e-4190-92cf-9baa7e8b1209', 'b11dbed0-0d23-4e23-b6db-7a5dda2c8d33', 'CHATEAU VALMONT AVENTURE BIO', '', 5.7, 'Bouteille', 0.055, 'import_2025', true);
INSERT INTO appro_catalogue (id, nom, nom_recherche, categorie, unite, actif) VALUES ('82c24d01-593d-4fa2-b9fa-286a010abb7b', 'CITRON EUREKA ZA 4', 'citron eureka za 4', 'Alimentaire', 'kg', true);
INSERT INTO appro_prix (id, article_id, fournisseur_id, designation, reference_fournisseur, pu_ht, unite, taux_tva, source, actif) VALUES ('0da0fd84-decc-4491-8416-de572d6d0139', '82c24d01-593d-4fa2-b9fa-286a010abb7b', '21fbe47e-0b13-40b5-984f-673cb012149f', 'CITRON EUREKA ZA 4', '', 3.82, 'kg', 0.055, 'import_2025', true);
INSERT INTO appro_catalogue (id, nom, nom_recherche, categorie, unite, actif) VALUES ('82614dc7-0eac-474f-94cc-3dc843a9ada6', 'CHOU ROUGE HVE3 ALS', 'chou rouge hve3 als', 'Fruits & Légumes', 'pce', true);
INSERT INTO appro_prix (id, article_id, fournisseur_id, designation, reference_fournisseur, pu_ht, unite, taux_tva, source, actif) VALUES ('0cb3c94b-eaea-4d4b-8045-26116e414b5a', '82614dc7-0eac-474f-94cc-3dc843a9ada6', '21fbe47e-0b13-40b5-984f-673cb012149f', 'CHOU ROUGE HVE3 ALS', '', 1.74, 'pce', 0.055, 'import_2025', true);
INSERT INTO appro_catalogue (id, nom, nom_recherche, categorie, unite, actif) VALUES ('f411e7e3-b26a-4485-b044-f043952d8e89', 'ABRICOT MIDI A 40-45', 'abricot midi a 40 45', 'Alimentaire', 'kg', true);
INSERT INTO appro_prix (id, article_id, fournisseur_id, designation, reference_fournisseur, pu_ht, unite, taux_tva, source, actif) VALUES ('e17dd900-d10a-41c1-92ed-ec974cdc7802', 'f411e7e3-b26a-4485-b044-f043952d8e89', '21fbe47e-0b13-40b5-984f-673cb012149f', 'ABRICOT MIDI A 40-45', '', 2.79, 'kg', 0.055, 'import_2025', true);
INSERT INTO appro_catalogue (id, nom, nom_recherche, categorie, unite, actif) VALUES ('613e9aad-59fe-4f24-9002-e66716309375', 'POM ELSTAR HVE3 ALS 150-180G', 'pom elstar hve3 als 150 180g', 'Alimentaire', 'kg', true);
INSERT INTO appro_prix (id, article_id, fournisseur_id, designation, reference_fournisseur, pu_ht, unite, taux_tva, source, actif) VALUES ('b4e80b13-0046-43a9-b394-fc75ba714622', '613e9aad-59fe-4f24-9002-e66716309375', '21fbe47e-0b13-40b5-984f-673cb012149f', 'POM ELSTAR HVE3 ALS 150-180G', '', 1.95, 'kg', 0.055, 'import_2025', true);
INSERT INTO appro_catalogue (id, nom, nom_recherche, categorie, unite, actif) VALUES ('2aca582b-dd8c-42f6-aa63-1a606001f69d', 'RUHLMANN ETOILE DE ROSE Moelleux', 'ruhlmann etoile de rose moelleux', 'Boisson alcoolisée', 'Bouteille', true);
INSERT INTO appro_prix (id, article_id, fournisseur_id, designation, reference_fournisseur, pu_ht, unite, taux_tva, source, actif) VALUES ('b0960792-5433-43f9-b061-fde9a902d4c4', '2aca582b-dd8c-42f6-aa63-1a606001f69d', 'b11dbed0-0d23-4e23-b6db-7a5dda2c8d33', 'RUHLMANN ETOILE DE ROSE Moelleux', '', 6.95, 'Bouteille', 0.055, 'import_2025', true);
INSERT INTO appro_catalogue (id, nom, nom_recherche, categorie, unite, actif) VALUES ('3bb1a133-2633-4f29-aaba-ea3eae6596b0', 'CAROTTE HVE3 ALS SAC10K', 'carotte hve3 als sac10k', 'Fruits & Légumes', 'kg', true);
INSERT INTO appro_prix (id, article_id, fournisseur_id, designation, reference_fournisseur, pu_ht, unite, taux_tva, source, actif) VALUES ('45f141d8-77cf-4dbc-94ac-9fbc656a3422', '3bb1a133-2633-4f29-aaba-ea3eae6596b0', '21fbe47e-0b13-40b5-984f-673cb012149f', 'CAROTTE HVE3 ALS SAC10K', '', 1.15, 'kg', 0.055, 'import_2025', true);
INSERT INTO appro_catalogue (id, nom, nom_recherche, categorie, unite, actif) VALUES ('123298fb-c58f-4066-ad16-af6bb650ec1b', 'RUHLMANN DELICAT S Sec', 'ruhlmann delicat s sec', 'Boisson alcoolisée', 'Bouteille', true);
INSERT INTO appro_prix (id, article_id, fournisseur_id, designation, reference_fournisseur, pu_ht, unite, taux_tva, source, actif) VALUES ('b6681a69-5778-4650-94ba-50706244aa76', '123298fb-c58f-4066-ad16-af6bb650ec1b', 'b11dbed0-0d23-4e23-b6db-7a5dda2c8d33', 'RUHLMANN DELICAT S Sec', '', 6.55, 'Bouteille', 0.055, 'import_2025', true);
INSERT INTO appro_catalogue (id, nom, nom_recherche, categorie, unite, actif) VALUES ('f7e61bb0-e143-4dce-adf5-b2bb2649778a', 'PDT NULE JAZZY FR 35+ 12,5KG', 'pdt nule jazzy fr 35 12 5kg', 'Fruits & Légumes', 'kg', true);
INSERT INTO appro_prix (id, article_id, fournisseur_id, designation, reference_fournisseur, pu_ht, unite, taux_tva, source, actif) VALUES ('d0b7f04b-03ab-4223-8b18-cb682f754721', 'f7e61bb0-e143-4dce-adf5-b2bb2649778a', '21fbe47e-0b13-40b5-984f-673cb012149f', 'PDT NULE JAZZY FR 35+ 12,5KG', '', 1.25, 'kg', 0.055, 'import_2025', true);
INSERT INTO appro_catalogue (id, nom, nom_recherche, categorie, unite, actif) VALUES ('c5ab1e9a-a522-472d-ac62-22a029a31377', 'SL FEUI.CHE.RGE MIDI', 'sl feui che rge midi', 'Fruits & Légumes', 'pce', true);
INSERT INTO appro_prix (id, article_id, fournisseur_id, designation, reference_fournisseur, pu_ht, unite, taux_tva, source, actif) VALUES ('3added55-999d-4ae1-8dbd-4c1be8fae8d3', 'c5ab1e9a-a522-472d-ac62-22a029a31377', '21fbe47e-0b13-40b5-984f-673cb012149f', 'SL FEUI.CHE.RGE MIDI', '', 1.22, 'pce', 0.055, 'import_2025', true);
INSERT INTO appro_catalogue (id, nom, nom_recherche, categorie, unite, actif) VALUES ('eea73200-8995-4e0c-a581-4d83cac753ce', 'SL FEUI.CHE.BLO HVE3 ALS', 'sl feui che blo hve3 als', 'Fruits & Légumes', 'pce', true);
INSERT INTO appro_prix (id, article_id, fournisseur_id, designation, reference_fournisseur, pu_ht, unite, taux_tva, source, actif) VALUES ('e9fdcfb7-d994-4e42-8a36-d2db069301c9', 'eea73200-8995-4e0c-a581-4d83cac753ce', '21fbe47e-0b13-40b5-984f-673cb012149f', 'SL FEUI.CHE.BLO HVE3 ALS', '', 1.21, 'pce', 0.055, 'import_2025', true);
INSERT INTO appro_catalogue (id, nom, nom_recherche, categorie, unite, actif) VALUES ('933a4793-b0b0-433d-8d7a-94373175f009', 'ECHALOTE FR 30/50 SAC5K', 'echalote fr 30 50 sac5k', 'Fruits & Légumes', 'kg', true);
INSERT INTO appro_prix (id, article_id, fournisseur_id, designation, reference_fournisseur, pu_ht, unite, taux_tva, source, actif) VALUES ('5eaab9ab-c5d7-4ce8-a291-e7574fd97aaf', '933a4793-b0b0-433d-8d7a-94373175f009', '21fbe47e-0b13-40b5-984f-673cb012149f', 'ECHALOTE FR 30/50 SAC5K', '', 2.75, 'kg', 0.055, 'import_2025', true);
INSERT INTO appro_catalogue (id, nom, nom_recherche, categorie, unite, actif) VALUES ('ac860431-a1f3-47fd-a237-709d3dcffeea', 'CITRON PRIMOFIORI ES 4', 'citron primofiori es 4', 'Alimentaire', 'kg', true);
INSERT INTO appro_prix (id, article_id, fournisseur_id, designation, reference_fournisseur, pu_ht, unite, taux_tva, source, actif) VALUES ('f998fdba-da7b-4e3f-abef-d3810999b4c2', 'ac860431-a1f3-47fd-a237-709d3dcffeea', '21fbe47e-0b13-40b5-984f-673cb012149f', 'CITRON PRIMOFIORI ES 4', '', 3.03, 'kg', 0.055, 'import_2025', true);
INSERT INTO appro_catalogue (id, nom, nom_recherche, categorie, unite, actif) VALUES ('f3107db5-45c2-4a94-94ac-a0b450f3a4fb', 'ECHALOTE HVE3 ALS 30/50 SAC5K', 'echalote hve3 als 30 50 sac5k', 'Fruits & Légumes', 'kg', true);
INSERT INTO appro_prix (id, article_id, fournisseur_id, designation, reference_fournisseur, pu_ht, unite, taux_tva, source, actif) VALUES ('5e9291b7-3e81-4285-9f93-fb6e48572d7d', 'f3107db5-45c2-4a94-94ac-a0b450f3a4fb', '21fbe47e-0b13-40b5-984f-673cb012149f', 'ECHALOTE HVE3 ALS 30/50 SAC5K', '', 1.66, 'kg', 0.055, 'import_2025', true);
INSERT INTO appro_catalogue (id, nom, nom_recherche, categorie, unite, actif) VALUES ('072304fd-5aad-49fa-ae4b-3c85dd6eafec', 'CH PLEUROTE FR 2KG', 'ch pleurote fr 2kg', 'Alimentaire', 'kg', true);
INSERT INTO appro_prix (id, article_id, fournisseur_id, designation, reference_fournisseur, pu_ht, unite, taux_tva, source, actif) VALUES ('ed31917b-4480-4a53-90f6-5938a896f488', '072304fd-5aad-49fa-ae4b-3c85dd6eafec', '21fbe47e-0b13-40b5-984f-673cb012149f', 'CH PLEUROTE FR 2KG', '', 8.65, 'kg', 0.055, 'import_2025', true);
INSERT INTO appro_catalogue (id, nom, nom_recherche, categorie, unite, actif) VALUES ('64748c08-222b-4184-a911-2682b2cfd3c1', 'AIL ES 7/9 5KG', 'ail es 7 9 5kg', 'Fruits & Légumes', 'kg', true);
INSERT INTO appro_prix (id, article_id, fournisseur_id, designation, reference_fournisseur, pu_ht, unite, taux_tva, source, actif) VALUES ('5021c8c6-6f21-4722-b930-76238ebf128e', '64748c08-222b-4184-a911-2682b2cfd3c1', '21fbe47e-0b13-40b5-984f-673cb012149f', 'AIL ES 7/9 5KG', '', 7.21, 'kg', 0.055, 'import_2025', true);
INSERT INTO appro_catalogue (id, nom, nom_recherche, categorie, unite, actif) VALUES ('3fba2be0-25df-460d-aa78-66bfecca9280', 'HCIBOULETTE FR SACH100G', 'hciboulette fr sach100g', 'Fruits & Légumes', 'pce', true);
INSERT INTO appro_prix (id, article_id, fournisseur_id, designation, reference_fournisseur, pu_ht, unite, taux_tva, source, actif) VALUES ('3059ccfc-36ad-4855-ab64-c372b57f97e5', '3fba2be0-25df-460d-aa78-66bfecca9280', '21fbe47e-0b13-40b5-984f-673cb012149f', 'HCIBOULETTE FR SACH100G', '', 2.53, 'pce', 0.055, 'import_2025', true);
INSERT INTO appro_catalogue (id, nom, nom_recherche, categorie, unite, actif) VALUES ('5c4e7058-7522-49f4-b020-e54ce68fbe5d', 'POM ELSTAR HVE3 FR 115-135G', 'pom elstar hve3 fr 115 135g', 'Alimentaire', 'kg', true);
INSERT INTO appro_prix (id, article_id, fournisseur_id, designation, reference_fournisseur, pu_ht, unite, taux_tva, source, actif) VALUES ('eeeed32b-ac3a-4249-80f4-84ad9ac9ecae', '5c4e7058-7522-49f4-b020-e54ce68fbe5d', '21fbe47e-0b13-40b5-984f-673cb012149f', 'POM ELSTAR HVE3 FR 115-135G', '', 1.85, 'kg', 0.055, 'import_2025', true);
INSERT INTO appro_catalogue (id, nom, nom_recherche, categorie, unite, actif) VALUES ('5c4d13d2-3ee6-485d-8e44-dd96a962e7e5', 'POM STORY HVE3 FR 115-135G', 'pom story hve3 fr 115 135g', 'Alimentaire', 'kg', true);
INSERT INTO appro_prix (id, article_id, fournisseur_id, designation, reference_fournisseur, pu_ht, unite, taux_tva, source, actif) VALUES ('91939fde-792b-46aa-a41d-a32ea7b2be4e', '5c4d13d2-3ee6-485d-8e44-dd96a962e7e5', '21fbe47e-0b13-40b5-984f-673cb012149f', 'POM STORY HVE3 FR 115-135G', '', 1.82, 'kg', 0.055, 'import_2025', true);
INSERT INTO appro_catalogue (id, nom, nom_recherche, categorie, unite, actif) VALUES ('ab23d086-24ae-4d4f-961b-c4fe306bb22f', 'ORANGE NAVEL LATE ZA 4', 'orange navel late za 4', 'Alimentaire', 'kg', true);
INSERT INTO appro_prix (id, article_id, fournisseur_id, designation, reference_fournisseur, pu_ht, unite, taux_tva, source, actif) VALUES ('a51ffcf0-091e-4146-88c8-7052a275292c', 'ab23d086-24ae-4d4f-961b-c4fe306bb22f', '21fbe47e-0b13-40b5-984f-673cb012149f', 'ORANGE NAVEL LATE ZA 4', '', 3.08, 'kg', 0.055, 'import_2025', true);
INSERT INTO appro_catalogue (id, nom, nom_recherche, categorie, unite, actif) VALUES ('e7ac5f81-7c86-47b5-8da9-8e22921b99de', 'POIREAU HVE3 FR 10KG', 'poireau hve3 fr 10kg', 'Alimentaire', 'kg', true);
INSERT INTO appro_prix (id, article_id, fournisseur_id, designation, reference_fournisseur, pu_ht, unite, taux_tva, source, actif) VALUES ('20a024a2-7b52-463b-b3c7-c501edfd4770', 'e7ac5f81-7c86-47b5-8da9-8e22921b99de', '21fbe47e-0b13-40b5-984f-673cb012149f', 'POIREAU HVE3 FR 10KG', '', 1.64, 'kg', 0.055, 'import_2025', true);
INSERT INTO appro_catalogue (id, nom, nom_recherche, categorie, unite, actif) VALUES ('b385bfb8-5d4b-4c74-8ab0-150ca5c680f7', 'POIREAU HVE3 ALS 10KG', 'poireau hve3 als 10kg', 'Alimentaire', 'kg', true);
INSERT INTO appro_prix (id, article_id, fournisseur_id, designation, reference_fournisseur, pu_ht, unite, taux_tva, source, actif) VALUES ('45245ed7-2355-4c67-99b6-40ff93df51d7', 'b385bfb8-5d4b-4c74-8ab0-150ca5c680f7', '21fbe47e-0b13-40b5-984f-673cb012149f', 'POIREAU HVE3 ALS 10KG', '', 1.49, 'kg', 0.055, 'import_2025', true);
INSERT INTO appro_catalogue (id, nom, nom_recherche, categorie, unite, actif) VALUES ('c44037aa-72f9-4402-8c43-0f49cba31ce8', 'POM BOSCOOP ALS 201-240G VRAC', 'pom boscoop als 201 240g vrac', 'Alimentaire', 'kg', true);
INSERT INTO appro_prix (id, article_id, fournisseur_id, designation, reference_fournisseur, pu_ht, unite, taux_tva, source, actif) VALUES ('52e305eb-01fb-4b83-a6ef-fb5ce2d16a17', 'c44037aa-72f9-4402-8c43-0f49cba31ce8', '21fbe47e-0b13-40b5-984f-673cb012149f', 'POM BOSCOOP ALS 201-240G VRAC', '', 1.65, 'kg', 0.055, 'import_2025', true);
INSERT INTO appro_catalogue (id, nom, nom_recherche, categorie, unite, actif) VALUES ('cd6921fe-cf2c-4c94-9bb5-62b960524b06', 'ORANGE NAVELINAS ES 4', 'orange navelinas es 4', 'Alimentaire', 'kg', true);
INSERT INTO appro_prix (id, article_id, fournisseur_id, designation, reference_fournisseur, pu_ht, unite, taux_tva, source, actif) VALUES ('540cad0f-69af-4f31-90e6-e92faadfe777', 'cd6921fe-cf2c-4c94-9bb5-62b960524b06', '21fbe47e-0b13-40b5-984f-673cb012149f', 'ORANGE NAVELINAS ES 4', '', 2.39, 'kg', 0.055, 'import_2025', true);
INSERT INTO appro_catalogue (id, nom, nom_recherche, categorie, unite, actif) VALUES ('8e92494a-5501-4605-94a8-1cc8174539cd', 'PINOT GRIS AOC ALSACE BIO 2024 75cl', 'pinot gris aoc alsace bio 2024 75cl', 'Boisson alcoolisée', 'Bouteille', true);
INSERT INTO appro_prix (id, article_id, fournisseur_id, designation, reference_fournisseur, pu_ht, unite, taux_tva, source, actif) VALUES ('2e61f8ae-b120-4c8f-b14a-a263a9411ec5', '8e92494a-5501-4605-94a8-1cc8174539cd', 'd55c0dfd-d61a-432b-896f-30cbad6c68f7', 'PINOT GRIS AOC ALSACE BIO 2024 75cl', '', 7.8, 'Bouteille', 0.055, 'import_2025', true);
INSERT INTO appro_catalogue (id, nom, nom_recherche, categorie, unite, actif) VALUES ('081105e5-a338-488d-92b0-847c86fceedb', 'POIREAU HVE3 ALS BTE 1KG', 'poireau hve3 als bte 1kg', 'Alimentaire', 'pce', true);
INSERT INTO appro_prix (id, article_id, fournisseur_id, designation, reference_fournisseur, pu_ht, unite, taux_tva, source, actif) VALUES ('61426fae-f114-486a-9de7-8318a34fc20f', '081105e5-a338-488d-92b0-847c86fceedb', '21fbe47e-0b13-40b5-984f-673cb012149f', 'POIREAU HVE3 ALS BTE 1KG', '', 1.79, 'pce', 0.055, 'import_2025', true);
INSERT INTO appro_catalogue (id, nom, nom_recherche, categorie, unite, actif) VALUES ('80a0313a-f25d-4efc-8f65-36055583749f', 'CAROTTE ALL BOQ 1KG', 'carotte all boq 1kg', 'Fruits & Légumes', 'pce', true);
INSERT INTO appro_prix (id, article_id, fournisseur_id, designation, reference_fournisseur, pu_ht, unite, taux_tva, source, actif) VALUES ('ebd4b68b-f7c9-484f-821d-ad2c3d02ad6a', '80a0313a-f25d-4efc-8f65-36055583749f', '21fbe47e-0b13-40b5-984f-673cb012149f', 'CAROTTE ALL BOQ 1KG', '', 1.41, 'pce', 0.055, 'import_2025', true);
INSERT INTO appro_catalogue (id, nom, nom_recherche, categorie, unite, actif) VALUES ('0504cc67-6ebb-41bd-becd-6466c834bf89', 'PRUNE B.CACAKS HVE3 ALS 30-34 6KG', 'prune b cacaks hve3 als 30 34 6kg', 'Alimentaire', 'kg', true);
INSERT INTO appro_prix (id, article_id, fournisseur_id, designation, reference_fournisseur, pu_ht, unite, taux_tva, source, actif) VALUES ('b4c7950a-78a9-4419-9a80-fac27b5df165', '0504cc67-6ebb-41bd-becd-6466c834bf89', '21fbe47e-0b13-40b5-984f-673cb012149f', 'PRUNE B.CACAKS HVE3 ALS 30-34 6KG', '', 2.4, 'kg', 0.055, 'import_2025', true);
INSERT INTO appro_catalogue (id, nom, nom_recherche, categorie, unite, actif) VALUES ('438663ac-ee2e-47fd-a558-dc53d0b6a097', 'CH CHAMPIGNON P.C NL M 3kKG', 'ch champignon p c nl m 3kkg', 'Fruits & Légumes', 'kg', true);
INSERT INTO appro_prix (id, article_id, fournisseur_id, designation, reference_fournisseur, pu_ht, unite, taux_tva, source, actif) VALUES ('a608b3de-f8b3-4712-b95f-e4a0b7d74c06', '438663ac-ee2e-47fd-a558-dc53d0b6a097', '21fbe47e-0b13-40b5-984f-673cb012149f', 'CH CHAMPIGNON P.C NL M 3kKG', '', 4.5, 'kg', 0.055, 'import_2025', true);
INSERT INTO appro_catalogue (id, nom, nom_recherche, categorie, unite, actif) VALUES ('938198e2-33a4-419b-a311-8302fb6bfc2b', 'SL FEUI.CHE.BLO ALS', 'sl feui che blo als', 'Fruits & Légumes', 'pce', true);
INSERT INTO appro_prix (id, article_id, fournisseur_id, designation, reference_fournisseur, pu_ht, unite, taux_tva, source, actif) VALUES ('d6248b21-3a86-4736-9c9c-5864e9e91ab0', '938198e2-33a4-419b-a311-8302fb6bfc2b', '21fbe47e-0b13-40b5-984f-673cb012149f', 'SL FEUI.CHE.BLO ALS', '', 1.1, 'pce', 0.055, 'import_2025', true);
INSERT INTO appro_catalogue (id, nom, nom_recherche, categorie, unite, actif) VALUES ('ba1ac650-bced-4b2b-997c-f3c1194b7b8e', 'POIRE CONFERENCE HVE3 ALS 70-75', 'poire conference hve3 als 70 75', 'Alimentaire', 'kg', true);
INSERT INTO appro_prix (id, article_id, fournisseur_id, designation, reference_fournisseur, pu_ht, unite, taux_tva, source, actif) VALUES ('640976b1-93e3-43b7-a194-9d9294f1f9be', 'ba1ac650-bced-4b2b-997c-f3c1194b7b8e', '21fbe47e-0b13-40b5-984f-673cb012149f', 'POIRE CONFERENCE HVE3 ALS 70-75', '', 2.75, 'kg', 0.055, 'import_2025', true);
INSERT INTO appro_catalogue (id, nom, nom_recherche, categorie, unite, actif) VALUES ('710b739f-00a7-4f44-a3e8-760f66ac1721', 'CH CHAMPIGNON P.C POLOG BF500G', 'ch champignon p c polog bf500g', 'Fruits & Légumes', 'pce', true);
INSERT INTO appro_prix (id, article_id, fournisseur_id, designation, reference_fournisseur, pu_ht, unite, taux_tva, source, actif) VALUES ('14eff829-e5f2-4e80-ae0f-98d1f8b3a5c7', '710b739f-00a7-4f44-a3e8-760f66ac1721', '21fbe47e-0b13-40b5-984f-673cb012149f', 'CH CHAMPIGNON P.C POLOG BF500G', '', 2.62, 'pce', 0.055, 'import_2025', true);
INSERT INTO appro_catalogue (id, nom, nom_recherche, categorie, unite, actif) VALUES ('521e47bc-1d62-41f1-a8fa-bda1cd7df05b', 'FX CITRON VERT BR LIME', 'fx citron vert br lime', 'Alimentaire', 'kg', true);
INSERT INTO appro_prix (id, article_id, fournisseur_id, designation, reference_fournisseur, pu_ht, unite, taux_tva, source, actif) VALUES ('43ef2fd7-b4d0-419f-9913-992fbfbcb46d', '521e47bc-1d62-41f1-a8fa-bda1cd7df05b', '21fbe47e-0b13-40b5-984f-673cb012149f', 'FX CITRON VERT BR LIME', '', 5.7, 'kg', 0.055, 'import_2025', true);
INSERT INTO appro_catalogue (id, nom, nom_recherche, categorie, unite, actif) VALUES ('30423bdb-08e1-41cc-9c4e-b4eeac815b19', 'OIGNON HVE3 ALS 6/8 SACI10K', 'oignon hve3 als 6 8 saci10k', 'Fruits & Légumes', 'kg', true);
INSERT INTO appro_prix (id, article_id, fournisseur_id, designation, reference_fournisseur, pu_ht, unite, taux_tva, source, actif) VALUES ('1e4860f6-2c21-46cd-b202-38e1bc2262ab', '30423bdb-08e1-41cc-9c4e-b4eeac815b19', '21fbe47e-0b13-40b5-984f-673cb012149f', 'OIGNON HVE3 ALS 6/8 SACI10K', '', 0.82, 'kg', 0.055, 'import_2025', true);
INSERT INTO appro_catalogue (id, nom, nom_recherche, categorie, unite, actif) VALUES ('2744fe84-f8eb-4063-9d48-73172ce7aa5e', 'MELON CHAR JAUNE FR 750/975G', 'melon char jaune fr 750 975g', 'Alimentaire', 'pce', true);
INSERT INTO appro_prix (id, article_id, fournisseur_id, designation, reference_fournisseur, pu_ht, unite, taux_tva, source, actif) VALUES ('29d7dbd4-d493-4d37-85cf-bcebd665f656', '2744fe84-f8eb-4063-9d48-73172ce7aa5e', '21fbe47e-0b13-40b5-984f-673cb012149f', 'MELON CHAR JAUNE FR 750/975G', '', 3.2, 'pce', 0.055, 'import_2025', true);
INSERT INTO appro_catalogue (id, nom, nom_recherche, categorie, unite, actif) VALUES ('78d4b939-fc63-4107-aa3f-0a30ecf8025b', 'CH CHAMPIGNON P.C NL M 3KG', 'ch champignon p c nl m 3kg', 'Fruits & Légumes', 'kg', true);
INSERT INTO appro_prix (id, article_id, fournisseur_id, designation, reference_fournisseur, pu_ht, unite, taux_tva, source, actif) VALUES ('a3a3c45f-984d-4759-9587-6034b59e4cb0', '78d4b939-fc63-4107-aa3f-0a30ecf8025b', '21fbe47e-0b13-40b5-984f-673cb012149f', 'CH CHAMPIGNON P.C NL M 3KG', '', 5.1, 'kg', 0.055, 'import_2025', true);
INSERT INTO appro_catalogue (id, nom, nom_recherche, categorie, unite, actif) VALUES ('b91bb22f-7bb5-40cf-b1be-257f2cddb17b', 'SL COEUR DE ROMAINE ES X2P', 'sl coeur de romaine es x2p', 'Fruits & Légumes', 'pce', true);
INSERT INTO appro_prix (id, article_id, fournisseur_id, designation, reference_fournisseur, pu_ht, unite, taux_tva, source, actif) VALUES ('ba0bd49f-76e0-4847-892e-1704fae833e7', 'b91bb22f-7bb5-40cf-b1be-257f2cddb17b', '21fbe47e-0b13-40b5-984f-673cb012149f', 'SL COEUR DE ROMAINE ES X2P', '', 2.95, 'pce', 0.055, 'import_2025', true);
INSERT INTO appro_catalogue (id, nom, nom_recherche, categorie, unite, actif) VALUES ('b57cb509-3108-4b89-b098-5f11511e02ca', 'CAROTTE HVE3 ALS M SAC5K', 'carotte hve3 als m sac5k', 'Fruits & Légumes', 'kg', true);
INSERT INTO appro_prix (id, article_id, fournisseur_id, designation, reference_fournisseur, pu_ht, unite, taux_tva, source, actif) VALUES ('c71a45a3-280f-4527-816d-18ebc7ba9b83', 'b57cb509-3108-4b89-b098-5f11511e02ca', '21fbe47e-0b13-40b5-984f-673cb012149f', 'CAROTTE HVE3 ALS M SAC5K', '', 1.15, 'kg', 0.055, 'import_2025', true);
INSERT INTO appro_catalogue (id, nom, nom_recherche, categorie, unite, actif) VALUES ('6553685a-5cc9-4ef7-b5f3-4c7ca4a49885', 'PDT CHARLOTTE HVE3 ALS 12,5KG', 'pdt charlotte hve3 als 12 5kg', 'Poisson', 'kg', true);
INSERT INTO appro_prix (id, article_id, fournisseur_id, designation, reference_fournisseur, pu_ht, unite, taux_tva, source, actif) VALUES ('1240d3f2-fb03-49f3-8345-94a7e2596801', '6553685a-5cc9-4ef7-b5f3-4c7ca4a49885', '21fbe47e-0b13-40b5-984f-673cb012149f', 'PDT CHARLOTTE HVE3 ALS 12,5KG', '', 1.15, 'kg', 0.055, 'import_2025', true);
INSERT INTO appro_catalogue (id, nom, nom_recherche, categorie, unite, actif) VALUES ('e62630bd-a190-4478-a3e6-87f3cd0a2838', 'POIREAU ALS 10KG', 'poireau als 10kg', 'Alimentaire', 'kg', true);
INSERT INTO appro_prix (id, article_id, fournisseur_id, designation, reference_fournisseur, pu_ht, unite, taux_tva, source, actif) VALUES ('5fba90f4-1868-4ba4-846b-1608b44d6c25', 'e62630bd-a190-4478-a3e6-87f3cd0a2838', '21fbe47e-0b13-40b5-984f-673cb012149f', 'POIREAU ALS 10KG', '', 1.97, 'kg', 0.055, 'import_2025', true);
INSERT INTO appro_catalogue (id, nom, nom_recherche, categorie, unite, actif) VALUES ('ca152815-fb15-4edd-a3f0-b2d941391aaa', 'POIVRON TRICOLORE NL SACH500G', 'poivron tricolore nl sach500g', 'Fruits & Légumes', 'pce', true);
INSERT INTO appro_prix (id, article_id, fournisseur_id, designation, reference_fournisseur, pu_ht, unite, taux_tva, source, actif) VALUES ('e7ba955b-44ec-4466-8213-c1fdf38b131c', 'ca152815-fb15-4edd-a3f0-b2d941391aaa', '21fbe47e-0b13-40b5-984f-673cb012149f', 'POIVRON TRICOLORE NL SACH500G', '', 2.16, 'pce', 0.055, 'import_2025', true);
INSERT INTO appro_catalogue (id, nom, nom_recherche, categorie, unite, actif) VALUES ('7b070d82-6837-4d83-9b19-10c522bc3e0f', 'TOM.CERISE GRAPPE ITA 3KG', 'tom cerise grappe ita 3kg', 'Alimentaire', 'kg', true);
INSERT INTO appro_prix (id, article_id, fournisseur_id, designation, reference_fournisseur, pu_ht, unite, taux_tva, source, actif) VALUES ('1efcc19e-5c2d-4d57-9c7e-8210db679877', '7b070d82-6837-4d83-9b19-10c522bc3e0f', '21fbe47e-0b13-40b5-984f-673cb012149f', 'TOM.CERISE GRAPPE ITA 3KG', '', 4.6, 'kg', 0.055, 'import_2025', true);
INSERT INTO appro_catalogue (id, nom, nom_recherche, categorie, unite, actif) VALUES ('89f40068-267d-459d-a165-505bb0a2a531', 'CAROTTE HVE3 ALS 1KG', 'carotte hve3 als 1kg', 'Fruits & Légumes', 'pce', true);
INSERT INTO appro_prix (id, article_id, fournisseur_id, designation, reference_fournisseur, pu_ht, unite, taux_tva, source, actif) VALUES ('5d2591ed-9790-4174-ae68-656388135db7', '89f40068-267d-459d-a165-505bb0a2a531', '21fbe47e-0b13-40b5-984f-673cb012149f', 'CAROTTE HVE3 ALS 1KG', '', 1.4, 'pce', 0.055, 'import_2025', true);
INSERT INTO appro_catalogue (id, nom, nom_recherche, categorie, unite, actif) VALUES ('54edd69d-d1c8-41b1-a0e6-d75d3b587796', 'VG BETTE.RGE.CUITE EPL.ENT. FR SACH500G P', 'vg bette rge cuite epl ent fr sach500g p', 'Fruits & Légumes', 'pce', true);
INSERT INTO appro_prix (id, article_id, fournisseur_id, designation, reference_fournisseur, pu_ht, unite, taux_tva, source, actif) VALUES ('cd25fbe0-3117-42e5-b799-eccf8ebef71b', '54edd69d-d1c8-41b1-a0e6-d75d3b587796', '21fbe47e-0b13-40b5-984f-673cb012149f', 'VG BETTE.RGE.CUITE EPL.ENT. FR SACH500G P', '', 1.08, 'pce', 0.055, 'import_2025', true);
INSERT INTO appro_catalogue (id, nom, nom_recherche, categorie, unite, actif) VALUES ('8dbd4347-4a08-4c71-aa6e-ff3e96319d35', 'SL FEUI.CHE.BLO MIDI', 'sl feui che blo midi', 'Fruits & Légumes', 'pce', true);
INSERT INTO appro_prix (id, article_id, fournisseur_id, designation, reference_fournisseur, pu_ht, unite, taux_tva, source, actif) VALUES ('fdc34032-c6a6-4167-b3de-b0a124aca537', '8dbd4347-4a08-4c71-aa6e-ff3e96319d35', '21fbe47e-0b13-40b5-984f-673cb012149f', 'SL FEUI.CHE.BLO MIDI', '', 1.05, 'pce', 0.055, 'import_2025', true);
INSERT INTO appro_catalogue (id, nom, nom_recherche, categorie, unite, actif) VALUES ('0c2907d5-c22b-445d-83f9-e235431d2f6d', 'OIGNON JAUNE HVE3 ALS 5/7 FLT1KG', 'oignon jaune hve3 als 5 7 flt1kg', 'Fruits & Légumes', 'pce', true);
INSERT INTO appro_prix (id, article_id, fournisseur_id, designation, reference_fournisseur, pu_ht, unite, taux_tva, source, actif) VALUES ('7e182bcb-48ae-4884-af0c-9fbbd28433d9', '0c2907d5-c22b-445d-83f9-e235431d2f6d', '21fbe47e-0b13-40b5-984f-673cb012149f', 'OIGNON JAUNE HVE3 ALS 5/7 FLT1KG', '', 1.25, 'pce', 0.055, 'import_2025', true);
INSERT INTO appro_catalogue (id, nom, nom_recherche, categorie, unite, actif) VALUES ('3b2c98aa-7b29-4871-adeb-ee4ad93f827a', 'POIRE GUYOT MIDI 65-70', 'poire guyot midi 65 70', 'Alimentaire', 'kg', true);
INSERT INTO appro_prix (id, article_id, fournisseur_id, designation, reference_fournisseur, pu_ht, unite, taux_tva, source, actif) VALUES ('0a1637f2-4c6b-4f64-ba6c-3d2b7aac985d', '3b2c98aa-7b29-4871-adeb-ee4ad93f827a', '21fbe47e-0b13-40b5-984f-673cb012149f', 'POIRE GUYOT MIDI 65-70', '', 2.75, 'kg', 0.055, 'import_2025', true);
INSERT INTO appro_catalogue (id, nom, nom_recherche, categorie, unite, actif) VALUES ('0755e68a-77ea-4c83-a1b9-098b8c303dd0', 'CELERI RAVE HVE3 ALS', 'celeri rave hve3 als', 'Fruits & Légumes', 'pce', true);
INSERT INTO appro_prix (id, article_id, fournisseur_id, designation, reference_fournisseur, pu_ht, unite, taux_tva, source, actif) VALUES ('bb1064d7-933c-4944-9a70-31cc54eee0db', '0755e68a-77ea-4c83-a1b9-098b8c303dd0', '21fbe47e-0b13-40b5-984f-673cb012149f', 'CELERI RAVE HVE3 ALS', '', 1.76, 'pce', 0.055, 'import_2025', true);
INSERT INTO appro_catalogue (id, nom, nom_recherche, categorie, unite, actif) VALUES ('ebdd517b-9507-4d34-9a5c-1fb00d7237a0', 'SL FRKUI.CHE.RGE HVE3 ALS', 'sl frkui che rge hve3 als', 'Alimentaire', 'pce', true);
INSERT INTO appro_prix (id, article_id, fournisseur_id, designation, reference_fournisseur, pu_ht, unite, taux_tva, source, actif) VALUES ('e30710bb-5d3b-481f-91c2-3ef424337e65', 'ebdd517b-9507-4d34-9a5c-1fb00d7237a0', '21fbe47e-0b13-40b5-984f-673cb012149f', 'SL FRKUI.CHE.RGE HVE3 ALS', '', 1.25, 'pce', 0.055, 'import_2025', true);
INSERT INTO appro_catalogue (id, nom, nom_recherche, categorie, unite, actif) VALUES ('cdf053ec-fc67-446f-b8a9-50f081f5cb0b', 'CAROTTE ALL BO 1KG', 'carotte all bo 1kg', 'Fruits & Légumes', 'pce', true);
INSERT INTO appro_prix (id, article_id, fournisseur_id, designation, reference_fournisseur, pu_ht, unite, taux_tva, source, actif) VALUES ('c32687e6-4dbf-4f08-8fbf-137a4aa75fa9', 'cdf053ec-fc67-446f-b8a9-50f081f5cb0b', '21fbe47e-0b13-40b5-984f-673cb012149f', 'CAROTTE ALL BO 1KG', '', 1.4, 'pce', 0.055, 'import_2025', true);
INSERT INTO appro_catalogue (id, nom, nom_recherche, categorie, unite, actif) VALUES ('41f0910f-bab4-4b25-901f-2168f5b85c70', 'CLEM.CORSE CORSE 4', 'clem corse corse 4', 'Alimentaire', 'kg', true);
INSERT INTO appro_prix (id, article_id, fournisseur_id, designation, reference_fournisseur, pu_ht, unite, taux_tva, source, actif) VALUES ('5789d421-8eaf-40bd-a182-b2085f4b1703', '41f0910f-bab4-4b25-901f-2168f5b85c70', '21fbe47e-0b13-40b5-984f-673cb012149f', 'CLEM.CORSE CORSE 4', '', 4.4, 'kg', 0.055, 'import_2025', true);
INSERT INTO appro_catalogue (id, nom, nom_recherche, categorie, unite, actif) VALUES ('97cf5268-c77c-4d28-8667-d1135f69c48c', 'SL FEUI.CHE.RGE ALS', 'sl feui che rge als', 'Fruits & Légumes', 'pce', true);
INSERT INTO appro_prix (id, article_id, fournisseur_id, designation, reference_fournisseur, pu_ht, unite, taux_tva, source, actif) VALUES ('b4dedc14-4c9b-40e6-a45c-a121afb64266', '97cf5268-c77c-4d28-8667-d1135f69c48c', '21fbe47e-0b13-40b5-984f-673cb012149f', 'SL FEUI.CHE.RGE ALS', '', 1.22, 'pce', 0.055, 'import_2025', true);
INSERT INTO appro_catalogue (id, nom, nom_recherche, categorie, unite, actif) VALUES ('e7c8ff55-15f8-4fbd-a8e8-9fc1b9117db6', 'SL FEKEUI.CHE.BLO HVE3 MIDI', 'sl fekeui che blo hve3 midi', 'Alimentaire', 'pce', true);
INSERT INTO appro_prix (id, article_id, fournisseur_id, designation, reference_fournisseur, pu_ht, unite, taux_tva, source, actif) VALUES ('d63fa66b-47d0-457c-a000-0d023105b0c1', 'e7c8ff55-15f8-4fbd-a8e8-9fc1b9117db6', '21fbe47e-0b13-40b5-984f-673cb012149f', 'SL FEKEUI.CHE.BLO HVE3 MIDI', '', 0.9, 'pce', 0.055, 'import_2025', true);
INSERT INTO appro_catalogue (id, nom, nom_recherche, categorie, unite, actif) VALUES ('28171dd9-cc58-465e-b1ef-ac0967ea25a9', 'PASTEQUE S/PEPIN ES 3', 'pasteque s pepin es 3', 'Alimentaire', 'kg', true);
INSERT INTO appro_prix (id, article_id, fournisseur_id, designation, reference_fournisseur, pu_ht, unite, taux_tva, source, actif) VALUES ('dbe94b93-60d3-409d-a548-a3f06569c6dc', '28171dd9-cc58-465e-b1ef-ac0967ea25a9', '21fbe47e-0b13-40b5-984f-673cb012149f', 'PASTEQUE S/PEPIN ES 3', '', 1.15, 'kg', 0.055, 'import_2025', true);
INSERT INTO appro_catalogue (id, nom, nom_recherche, categorie, unite, actif) VALUES ('5681e909-d1d3-4430-a8b4-e38a2d45c429', 'MELON BRODE HVE3 MIDI 975/1250G', 'melon brode hve3 midi 975 1250g', 'Alimentaire', 'pce', true);
INSERT INTO appro_prix (id, article_id, fournisseur_id, designation, reference_fournisseur, pu_ht, unite, taux_tva, source, actif) VALUES ('bee36938-a67f-4596-9859-25963a35f3ad', '5681e909-d1d3-4430-a8b4-e38a2d45c429', '21fbe47e-0b13-40b5-984f-673cb012149f', 'MELON BRODE HVE3 MIDI 975/1250G', '', 1.75, 'pce', 0.055, 'import_2025', true);
INSERT INTO appro_catalogue (id, nom, nom_recherche, categorie, unite, actif) VALUES ('c993f005-fad9-4fa0-acfe-69ef21681739', 'OIGNON ROUGE HVE3 ALS 5/7 FLT1KG', 'oignon rouge hve3 als 5 7 flt1kg', 'Fruits & Légumes', 'pce', true);
INSERT INTO appro_prix (id, article_id, fournisseur_id, designation, reference_fournisseur, pu_ht, unite, taux_tva, source, actif) VALUES ('9ea54f62-b262-43f9-a373-a48b67710c49', 'c993f005-fad9-4fa0-acfe-69ef21681739', '21fbe47e-0b13-40b5-984f-673cb012149f', 'OIGNON ROUGE HVE3 ALS 5/7 FLT1KG', '', 1.45, 'pce', 0.055, 'import_2025', true);
INSERT INTO appro_catalogue (id, nom, nom_recherche, categorie, unite, actif) VALUES ('37a81dec-8447-45e6-8b47-1b12aa96834e', 'CITRON EUREKA AR 4', 'citron eureka ar 4', 'Alimentaire', 'kg', true);
INSERT INTO appro_prix (id, article_id, fournisseur_id, designation, reference_fournisseur, pu_ht, unite, taux_tva, source, actif) VALUES ('0c5c4737-9031-4a9b-a731-38b1c004c6fe', '37a81dec-8447-45e6-8b47-1b12aa96834e', '21fbe47e-0b13-40b5-984f-673cb012149f', 'CITRON EUREKA AR 4', '', 3.95, 'kg', 0.055, 'import_2025', true);
INSERT INTO appro_catalogue (id, nom, nom_recherche, categorie, unite, actif) VALUES ('6219ef0c-26b9-4c8e-b32d-ca2100d5276c', 'HMENTHE FR BOQ1OOG', 'hmenthe fr boq1oog', 'Fruits & Légumes', 'pce', true);
INSERT INTO appro_prix (id, article_id, fournisseur_id, designation, reference_fournisseur, pu_ht, unite, taux_tva, source, actif) VALUES ('1262bf78-52fb-49d3-8a22-1078ea47486d', '6219ef0c-26b9-4c8e-b32d-ca2100d5276c', '21fbe47e-0b13-40b5-984f-673cb012149f', 'HMENTHE FR BOQ1OOG', '', 4.0, 'pce', 0.055, 'import_2025', true);
INSERT INTO appro_catalogue (id, nom, nom_recherche, categorie, unite, actif) VALUES ('9ff0960a-3ddb-466f-8795-00ffbb390717', 'MIRABELLE ALL', 'mirabelle all', 'Alimentaire', 'kg', true);
INSERT INTO appro_prix (id, article_id, fournisseur_id, designation, reference_fournisseur, pu_ht, unite, taux_tva, source, actif) VALUES ('1053876e-a8ea-469f-8b33-ccb8035ef262', '9ff0960a-3ddb-466f-8795-00ffbb390717', '21fbe47e-0b13-40b5-984f-673cb012149f', 'MIRABELLE ALL', '', 3.95, 'kg', 0.055, 'import_2025', true);
INSERT INTO appro_catalogue (id, nom, nom_recherche, categorie, unite, actif) VALUES ('5283b9df-3bf9-47e5-925c-3ab760f208b6', 'OIGNON ROUGE HVE3 ALS 6/8 SAC5K', 'oignon rouge hve3 als 6 8 sac5k', 'Fruits & Légumes', 'kg', true);
INSERT INTO appro_prix (id, article_id, fournisseur_id, designation, reference_fournisseur, pu_ht, unite, taux_tva, source, actif) VALUES ('b87e234c-09bf-40d2-b477-e5f40a72b9fb', '5283b9df-3bf9-47e5-925c-3ab760f208b6', '21fbe47e-0b13-40b5-984f-673cb012149f', 'OIGNON ROUGE HVE3 ALS 6/8 SAC5K', '', 1.3, 'kg', 0.055, 'import_2025', true);
INSERT INTO appro_catalogue (id, nom, nom_recherche, categorie, unite, actif) VALUES ('40e9d47a-0ecf-4876-add2-925a13c453c3', 'ECHALOTTE NLLE FR 30/50 SAC5K', 'echalotte nlle fr 30 50 sac5k', 'Poisson', 'kg', true);
INSERT INTO appro_prix (id, article_id, fournisseur_id, designation, reference_fournisseur, pu_ht, unite, taux_tva, source, actif) VALUES ('7838bc61-77e0-4ea6-849f-31541b212c3d', '40e9d47a-0ecf-4876-add2-925a13c453c3', '21fbe47e-0b13-40b5-984f-673cb012149f', 'ECHALOTTE NLLE FR 30/50 SAC5K', '', 3.0, 'kg', 0.055, 'import_2025', true);
INSERT INTO appro_catalogue (id, nom, nom_recherche, categorie, unite, actif) VALUES ('91029ae8-a7db-41d9-bd18-33b7727a2fd1', 'CLEM.CORSE CORSE 2 10KG', 'clem corse corse 2 10kg', 'Alimentaire', 'kg', true);
INSERT INTO appro_prix (id, article_id, fournisseur_id, designation, reference_fournisseur, pu_ht, unite, taux_tva, source, actif) VALUES ('bf361c51-b302-4cb9-baaf-a4af453a6d44', '91029ae8-a7db-41d9-bd18-33b7727a2fd1', '21fbe47e-0b13-40b5-984f-673cb012149f', 'CLEM.CORSE CORSE 2 10KG', '', 4.35, 'kg', 0.055, 'import_2025', true);
INSERT INTO appro_catalogue (id, nom, nom_recherche, categorie, unite, actif) VALUES ('7bc66ae0-94e8-455a-906d-023f47a20f34', 'NAVET BLANC HVE3 ALS SAC5K', 'navet blanc hve3 als sac5k', 'Fruits & Légumes', 'kg', true);
INSERT INTO appro_prix (id, article_id, fournisseur_id, designation, reference_fournisseur, pu_ht, unite, taux_tva, source, actif) VALUES ('6d0ae23e-869e-4069-92ef-52214af6842b', '7bc66ae0-94e8-455a-906d-023f47a20f34', '21fbe47e-0b13-40b5-984f-673cb012149f', 'NAVET BLANC HVE3 ALS SAC5K', '', 1.75, 'kg', 0.055, 'import_2025', true);
INSERT INTO appro_catalogue (id, nom, nom_recherche, categorie, unite, actif) VALUES ('df097395-0c4e-4b82-aa60-9a62aab48316', 'POIRE DOY DE COMICE NL 70-75', 'poire doy de comice nl 70 75', 'Alimentaire', 'kg', true);
INSERT INTO appro_prix (id, article_id, fournisseur_id, designation, reference_fournisseur, pu_ht, unite, taux_tva, source, actif) VALUES ('7b673cb7-d0ec-4dd7-96a0-56bcac7ad9b6', 'df097395-0c4e-4b82-aa60-9a62aab48316', '21fbe47e-0b13-40b5-984f-673cb012149f', 'POIRE DOY DE COMICE NL 70-75', '', 1.75, 'kg', 0.055, 'import_2025', true);
INSERT INTO appro_catalogue (id, nom, nom_recherche, categorie, unite, actif) VALUES ('6cc6505e-3898-4a87-9c46-d5dba4ab3fc8', 'OIGNON JAUNE HVE3 ALS 6/8 FILET 10KG', 'oignon jaune hve3 als 6 8 filet 10kg', 'Alimentaire', 'kg', true);
INSERT INTO appro_prix (id, article_id, fournisseur_id, designation, reference_fournisseur, pu_ht, unite, taux_tva, source, actif) VALUES ('c70dc258-e4e8-4638-b495-6f319a7e68cc', '6cc6505e-3898-4a87-9c46-d5dba4ab3fc8', '21fbe47e-0b13-40b5-984f-673cb012149f', 'OIGNON JAUNE HVE3 ALS 6/8 FILET 10KG', '', 0.85, 'kg', 0.055, 'import_2025', true);
INSERT INTO appro_catalogue (id, nom, nom_recherche, categorie, unite, actif) VALUES ('d24f0384-76b4-4921-b05f-c71012174767', 'CITRON EUREKA ZA 3', 'citron eureka za 3', 'Alimentaire', 'kg', true);
INSERT INTO appro_prix (id, article_id, fournisseur_id, designation, reference_fournisseur, pu_ht, unite, taux_tva, source, actif) VALUES ('f5efb934-caa5-47a4-b7fc-daf5b39e2e07', 'd24f0384-76b4-4921-b05f-c71012174767', '21fbe47e-0b13-40b5-984f-673cb012149f', 'CITRON EUREKA ZA 3', '', 3.8, 'kg', 0.055, 'import_2025', true);
INSERT INTO appro_catalogue (id, nom, nom_recherche, categorie, unite, actif) VALUES ('bb9c3e6a-3094-4999-acf4-2485d4d28c9f', 'OIGNON JAUNE HVE3 ALS 4/6 SAC5K', 'oignon jaune hve3 als 4 6 sac5k', 'Fruits & Légumes', 'kg', true);
INSERT INTO appro_prix (id, article_id, fournisseur_id, designation, reference_fournisseur, pu_ht, unite, taux_tva, source, actif) VALUES ('f62a95c7-b15f-4e66-8f8d-14c7eadd5e31', 'bb9c3e6a-3094-4999-acf4-2485d4d28c9f', '21fbe47e-0b13-40b5-984f-673cb012149f', 'OIGNON JAUNE HVE3 ALS 4/6 SAC5K', '', 0.8, 'kg', 0.055, 'import_2025', true);
INSERT INTO appro_catalogue (id, nom, nom_recherche, categorie, unite, actif) VALUES ('835a187a-c090-438f-bd8d-2a508178cca0', 'OIGNON ALS 8/9 SAC25K', 'oignon als 8 9 sac25k', 'Fruits & Légumes', 'kg', true);
INSERT INTO appro_prix (id, article_id, fournisseur_id, designation, reference_fournisseur, pu_ht, unite, taux_tva, source, actif) VALUES ('48a289be-f3b3-44fb-8b2a-85228e1f32f6', '835a187a-c090-438f-bd8d-2a508178cca0', '21fbe47e-0b13-40b5-984f-673cb012149f', 'OIGNON ALS 8/9 SAC25K', '', 0.6, 'kg', 0.055, 'import_2025', true);
INSERT INTO appro_catalogue (id, nom, nom_recherche, categorie, unite, actif) VALUES ('2923086b-5786-4c4a-99f9-efce3c3d1c50', 'CONCOMBRE ALS 4/5', 'concombre als 4 5', 'Fruits & Légumes', 'pce', true);
INSERT INTO appro_prix (id, article_id, fournisseur_id, designation, reference_fournisseur, pu_ht, unite, taux_tva, source, actif) VALUES ('895d5777-af09-4bcf-8a54-6e8110a82775', '2923086b-5786-4c4a-99f9-efce3c3d1c50', '21fbe47e-0b13-40b5-984f-673cb012149f', 'CONCOMBRE ALS 4/5', '', 1.12, 'pce', 0.055, 'import_2025', true);
INSERT INTO appro_catalogue (id, nom, nom_recherche, categorie, unite, actif) VALUES ('41b93ebb-3e68-40dd-8c34-90af1a1c9da0', 'PRUNE B. PRESENTA ALS 6KG', 'prune b presenta als 6kg', 'Alimentaire', 'kg', true);
INSERT INTO appro_prix (id, article_id, fournisseur_id, designation, reference_fournisseur, pu_ht, unite, taux_tva, source, actif) VALUES ('366a3c11-90aa-4f4e-bcbf-07ee81b3bb46', '41b93ebb-3e68-40dd-8c34-90af1a1c9da0', '21fbe47e-0b13-40b5-984f-673cb012149f', 'PRUNE B. PRESENTA ALS 6KG', '', 2.4, 'kg', 0.055, 'import_2025', true);
INSERT INTO appro_catalogue (id, nom, nom_recherche, categorie, unite, actif) VALUES ('6115182d-d10f-4a6d-9199-dfca50b906e9', 'CLEM.CORSE CORSE 1 10KG', 'clem corse corse 1 10kg', 'Alimentaire', 'kg', true);
INSERT INTO appro_prix (id, article_id, fournisseur_id, designation, reference_fournisseur, pu_ht, unite, taux_tva, source, actif) VALUES ('fd1d4d51-8d6a-4294-9d53-a9a524dced8a', '6115182d-d10f-4a6d-9199-dfca50b906e9', '21fbe47e-0b13-40b5-984f-673cb012149f', 'CLEM.CORSE CORSE 1 10KG', '', 4.35, 'kg', 0.055, 'import_2025', true);
INSERT INTO appro_catalogue (id, nom, nom_recherche, categorie, unite, actif) VALUES ('737e4e20-9324-4498-b993-c2d951425d5b', 'POIVRON TRICOLORE ES SACH500G', 'poivron tricolore es sach500g', 'Fruits & Légumes', 'pce', true);
INSERT INTO appro_prix (id, article_id, fournisseur_id, designation, reference_fournisseur, pu_ht, unite, taux_tva, source, actif) VALUES ('3e55c5bb-7b21-4cfa-8e96-2484c3b8c8a6', '737e4e20-9324-4498-b993-c2d951425d5b', '21fbe47e-0b13-40b5-984f-673cb012149f', 'POIVRON TRICOLORE ES SACH500G', '', 2.03, 'pce', 0.055, 'import_2025', true);
INSERT INTO appro_catalogue (id, nom, nom_recherche, categorie, unite, actif) VALUES ('77e443c0-8fe6-4704-aeaa-0646659df53d', 'AUBERGINE MIDI 6KG', 'aubergine midi 6kg', 'Fruits & Légumes', 'kg', true);
INSERT INTO appro_prix (id, article_id, fournisseur_id, designation, reference_fournisseur, pu_ht, unite, taux_tva, source, actif) VALUES ('bdf0b436-06da-48f9-87dd-a85f9c11b3fc', '77e443c0-8fe6-4704-aeaa-0646659df53d', '21fbe47e-0b13-40b5-984f-673cb012149f', 'AUBERGINE MIDI 6KG', '', 2.58, 'kg', 0.055, 'import_2025', true);
INSERT INTO appro_catalogue (id, nom, nom_recherche, categorie, unite, actif) VALUES ('f53fb256-e5e8-4a3e-a685-4113af165f8e', 'PATATE DOUCE EG 6KG', 'patate douce eg 6kg', 'Fruits & Légumes', 'kg', true);
INSERT INTO appro_prix (id, article_id, fournisseur_id, designation, reference_fournisseur, pu_ht, unite, taux_tva, source, actif) VALUES ('de9ad233-30ba-4a8d-8f64-5ccd908e8f9a', 'f53fb256-e5e8-4a3e-a685-4113af165f8e', '21fbe47e-0b13-40b5-984f-673cb012149f', 'PATATE DOUCE EG 6KG', '', 1.64, 'kg', 0.055, 'import_2025', true);
INSERT INTO appro_catalogue (id, nom, nom_recherche, categorie, unite, actif) VALUES ('036c89be-0d98-4c0e-95b8-80f28e26fbd7', 'PERSIL PLAT ES', 'persil plat es', 'Fruits & Légumes', 'pce', true);
INSERT INTO appro_prix (id, article_id, fournisseur_id, designation, reference_fournisseur, pu_ht, unite, taux_tva, source, actif) VALUES ('bf5729bf-67ae-4476-b80f-d01c599f0f4d', '036c89be-0d98-4c0e-95b8-80f28e26fbd7', '21fbe47e-0b13-40b5-984f-673cb012149f', 'PERSIL PLAT ES', '', 0.84, 'pce', 0.055, 'import_2025', true);
INSERT INTO appro_catalogue (id, nom, nom_recherche, categorie, unite, actif) VALUES ('ae6ee0db-a76f-4ddd-9040-355a5761cb1c', 'CAROTTE FR BQ 1KG', 'carotte fr bq 1kg', 'Fruits & Légumes', 'pce', true);
INSERT INTO appro_prix (id, article_id, fournisseur_id, designation, reference_fournisseur, pu_ht, unite, taux_tva, source, actif) VALUES ('fcf551f9-43f2-45d1-b6ae-6d87ec8468e3', 'ae6ee0db-a76f-4ddd-9040-355a5761cb1c', '21fbe47e-0b13-40b5-984f-673cb012149f', 'CAROTTE FR BQ 1KG', '', 1.45, 'pce', 0.055, 'import_2025', true);
INSERT INTO appro_catalogue (id, nom, nom_recherche, categorie, unite, actif) VALUES ('152638e9-b5d8-4155-947e-fe8daa6196d8', 'TOM.CERISE GRAPPE ES 3KG', 'tom cerise grappe es 3kg', 'Alimentaire', 'kg', true);
INSERT INTO appro_prix (id, article_id, fournisseur_id, designation, reference_fournisseur, pu_ht, unite, taux_tva, source, actif) VALUES ('4dca0467-854d-4cc4-aaf5-4d5a6fa17f3e', '152638e9-b5d8-4155-947e-fe8daa6196d8', '21fbe47e-0b13-40b5-984f-673cb012149f', 'TOM.CERISE GRAPPE ES 3KG', '', 4.2, 'kg', 0.055, 'import_2025', true);
INSERT INTO appro_catalogue (id, nom, nom_recherche, categorie, unite, actif) VALUES ('54bf3f82-e166-4694-8cd0-714f20338f93', 'AUBERGINE ES', 'aubergine es', 'Fruits & Légumes', 'kg', true);
INSERT INTO appro_prix (id, article_id, fournisseur_id, designation, reference_fournisseur, pu_ht, unite, taux_tva, source, actif) VALUES ('9b046796-283f-4136-8e65-8150a2fe3cda', '54bf3f82-e166-4694-8cd0-714f20338f93', '21fbe47e-0b13-40b5-984f-673cb012149f', 'AUBERGINE ES', '', 1.86, 'kg', 0.055, 'import_2025', true);
INSERT INTO appro_catalogue (id, nom, nom_recherche, categorie, unite, actif) VALUES ('310e489b-a3c6-4a3a-92c9-396b55596700', 'HANETH FR BQ100G', 'haneth fr bq100g', 'Fruits & Légumes', 'pce', true);
INSERT INTO appro_prix (id, article_id, fournisseur_id, designation, reference_fournisseur, pu_ht, unite, taux_tva, source, actif) VALUES ('2a6aaf4d-7bd1-4c70-9b9c-ed8c25f11e38', '310e489b-a3c6-4a3a-92c9-396b55596700', '21fbe47e-0b13-40b5-984f-673cb012149f', 'HANETH FR BQ100G', '', 4.0, 'pce', 0.055, 'import_2025', true);
INSERT INTO appro_catalogue (id, nom, nom_recherche, categorie, unite, actif) VALUES ('168e06a2-d9da-4992-bbf1-239d8658df0b', 'SL FEKEUI.CHE.RGE MIDI', 'sl fekeui che rge midi', 'Alimentaire', 'pce', true);
INSERT INTO appro_prix (id, article_id, fournisseur_id, designation, reference_fournisseur, pu_ht, unite, taux_tva, source, actif) VALUES ('f38bdb34-7e84-4173-b010-36eced2ddcf0', '168e06a2-d9da-4992-bbf1-239d8658df0b', '21fbe47e-0b13-40b5-984f-673cb012149f', 'SL FEKEUI.CHE.RGE MIDI', '', 1.0, 'pce', 0.055, 'import_2025', true);
INSERT INTO appro_catalogue (id, nom, nom_recherche, categorie, unite, actif) VALUES ('fd8d0fce-65a3-4a56-804d-1a3a1c1ff28a', 'QUETSCHE HVE3 ALS 6KG', 'quetsche hve3 als 6kg', 'Alimentaire', 'kg', true);
INSERT INTO appro_prix (id, article_id, fournisseur_id, designation, reference_fournisseur, pu_ht, unite, taux_tva, source, actif) VALUES ('a49695d8-009c-444c-bd27-de057258835b', 'fd8d0fce-65a3-4a56-804d-1a3a1c1ff28a', '21fbe47e-0b13-40b5-984f-673cb012149f', 'QUETSCHE HVE3 ALS 6KG', '', 1.95, 'kg', 0.055, 'import_2025', true);
INSERT INTO appro_catalogue (id, nom, nom_recherche, categorie, unite, actif) VALUES ('f28526e0-22ad-4d0f-8376-b7cb7afca27f', 'NAVET BLANC FR SACSK', 'navet blanc fr sacsk', 'Fruits & Légumes', 'kg', true);
INSERT INTO appro_prix (id, article_id, fournisseur_id, designation, reference_fournisseur, pu_ht, unite, taux_tva, source, actif) VALUES ('6563a346-7195-44b1-856a-b186f2619748', 'f28526e0-22ad-4d0f-8376-b7cb7afca27f', '21fbe47e-0b13-40b5-984f-673cb012149f', 'NAVET BLANC FR SACSK', '', 2.3, 'kg', 0.055, 'import_2025', true);
INSERT INTO appro_catalogue (id, nom, nom_recherche, categorie, unite, actif) VALUES ('a24c6171-fc03-428b-8139-6b48fec60e14', 'AUBERGINE HVE3 ALS 5KG', 'aubergine hve3 als 5kg', 'Fruits & Légumes', 'kg', true);
INSERT INTO appro_prix (id, article_id, fournisseur_id, designation, reference_fournisseur, pu_ht, unite, taux_tva, source, actif) VALUES ('206d5a71-2447-4751-b0f2-aafc080e39dc', 'a24c6171-fc03-428b-8139-6b48fec60e14', '21fbe47e-0b13-40b5-984f-673cb012149f', 'AUBERGINE HVE3 ALS 5KG', '', 2.25, 'kg', 0.055, 'import_2025', true);
INSERT INTO appro_catalogue (id, nom, nom_recherche, categorie, unite, actif) VALUES ('b0f4f7ef-ddee-47c0-8c37-daf79e464125', 'POIRE ROCHA PORTU 60-65', 'poire rocha portu 60 65', 'Alimentaire', 'kg', true);
INSERT INTO appro_prix (id, article_id, fournisseur_id, designation, reference_fournisseur, pu_ht, unite, taux_tva, source, actif) VALUES ('d54fd90a-b94d-48e7-828f-85ed134fc9be', 'b0f4f7ef-ddee-47c0-8c37-daf79e464125', '21fbe47e-0b13-40b5-984f-673cb012149f', 'POIRE ROCHA PORTU 60-65', '', 2.55, 'kg', 0.055, 'import_2025', true);
INSERT INTO appro_catalogue (id, nom, nom_recherche, categorie, unite, actif) VALUES ('1d29962d-b223-421a-ac9f-758e9215bb3d', 'QUETSCHE ALL 10KG', 'quetsche all 10kg', 'Alimentaire', 'kg', true);
INSERT INTO appro_prix (id, article_id, fournisseur_id, designation, reference_fournisseur, pu_ht, unite, taux_tva, source, actif) VALUES ('f79c609c-e8a5-4bcf-a248-8290ce93d95f', '1d29962d-b223-421a-ac9f-758e9215bb3d', '21fbe47e-0b13-40b5-984f-673cb012149f', 'QUETSCHE ALL 10KG', '', 2.15, 'kg', 0.055, 'import_2025', true);
INSERT INTO appro_catalogue (id, nom, nom_recherche, categorie, unite, actif) VALUES ('a12ad486-7423-40ea-b8c0-4de30ac59f33', 'OIGNON JAUNE HVE3 FR 4/6 SAC5K', 'oignon jaune hve3 fr 4 6 sac5k', 'Fruits & Légumes', 'pce', true);
INSERT INTO appro_prix (id, article_id, fournisseur_id, designation, reference_fournisseur, pu_ht, unite, taux_tva, source, actif) VALUES ('ba99e16f-4268-4912-9e09-369681eeac24', 'a12ad486-7423-40ea-b8c0-4de30ac59f33', '21fbe47e-0b13-40b5-984f-673cb012149f', 'OIGNON JAUNE HVE3 FR 4/6 SAC5K', '', 1.85, 'pce', 0.055, 'import_2025', true);
INSERT INTO appro_catalogue (id, nom, nom_recherche, categorie, unite, actif) VALUES ('2c6657d6-1a08-47eb-a3a6-89ddd814ce6e', 'POM ROYAL GALA HVE3 FR 136-165G', 'pom royal gala hve3 fr 136 165g', 'Alimentaire', 'kg', true);
INSERT INTO appro_prix (id, article_id, fournisseur_id, designation, reference_fournisseur, pu_ht, unite, taux_tva, source, actif) VALUES ('a59e9f1b-4707-44a1-8c8d-d450b72f6cd4', '2c6657d6-1a08-47eb-a3a6-89ddd814ce6e', '21fbe47e-0b13-40b5-984f-673cb012149f', 'POM ROYAL GALA HVE3 FR 136-165G', '', 1.8, 'kg', 0.055, 'import_2025', true);
INSERT INTO appro_catalogue (id, nom, nom_recherche, categorie, unite, actif) VALUES ('f095efd8-f76d-4912-83f3-2efed798414d', 'POIRE GUYOT MIDI 60-65', 'poire guyot midi 60 65', 'Alimentaire', 'kg', true);
INSERT INTO appro_prix (id, article_id, fournisseur_id, designation, reference_fournisseur, pu_ht, unite, taux_tva, source, actif) VALUES ('d6014059-4bd4-4711-bc5a-57d4a4a566e4', 'f095efd8-f76d-4912-83f3-2efed798414d', '21fbe47e-0b13-40b5-984f-673cb012149f', 'POIRE GUYOT MIDI 60-65', '', 2.05, 'kg', 0.055, 'import_2025', true);
INSERT INTO appro_catalogue (id, nom, nom_recherche, categorie, unite, actif) VALUES ('a9970a47-4a78-4530-9821-e1b9beca7719', 'CONCOMBRE MIDI 4/5', 'concombre midi 4 5', 'Fruits & Légumes', 'pce', true);
INSERT INTO appro_prix (id, article_id, fournisseur_id, designation, reference_fournisseur, pu_ht, unite, taux_tva, source, actif) VALUES ('8aeea1d9-7d9d-462e-98fe-f0eab8501a86', 'a9970a47-4a78-4530-9821-e1b9beca7719', '21fbe47e-0b13-40b5-984f-673cb012149f', 'CONCOMBRE MIDI 4/5', '', 1.27, 'pce', 0.055, 'import_2025', true);
INSERT INTO appro_catalogue (id, nom, nom_recherche, categorie, unite, actif) VALUES ('b6592eae-6069-453e-9cb6-86a5b80ed4ac', 'CITRON PRIMOFIORI ES 3', 'citron primofiori es 3', 'Alimentaire', 'kg', true);
INSERT INTO appro_prix (id, article_id, fournisseur_id, designation, reference_fournisseur, pu_ht, unite, taux_tva, source, actif) VALUES ('15d3f06e-0354-4104-8bb9-06dcd6a72c5b', 'b6592eae-6069-453e-9cb6-86a5b80ed4ac', '21fbe47e-0b13-40b5-984f-673cb012149f', 'CITRON PRIMOFIORI ES 3', '', 3.17, 'kg', 0.055, 'import_2025', true);
INSERT INTO appro_catalogue (id, nom, nom_recherche, categorie, unite, actif) VALUES ('e6851198-5959-4cc8-a717-3c56c8dfd92a', 'CHOU FLEUR BRET EXT X6 P', 'chou fleur bret ext x6 p', 'Fruits & Légumes', 'pce', true);
INSERT INTO appro_prix (id, article_id, fournisseur_id, designation, reference_fournisseur, pu_ht, unite, taux_tva, source, actif) VALUES ('69025632-ad06-42b9-912d-9a875880d741', 'e6851198-5959-4cc8-a717-3c56c8dfd92a', '21fbe47e-0b13-40b5-984f-673cb012149f', 'CHOU FLEUR BRET EXT X6 P', '', 2.0, 'pce', 0.055, 'import_2025', true);
INSERT INTO appro_catalogue (id, nom, nom_recherche, categorie, unite, actif) VALUES ('36b36a2e-c1a1-45de-bee8-cad3af06161a', 'OG ATL EPLUCHE ES 1KG', 'og atl epluche es 1kg', 'Alimentaire', 'pce', true);
INSERT INTO appro_prix (id, article_id, fournisseur_id, designation, reference_fournisseur, pu_ht, unite, taux_tva, source, actif) VALUES ('aa4e6a28-b025-429c-98da-fd280f0b339f', '36b36a2e-c1a1-45de-bee8-cad3af06161a', '21fbe47e-0b13-40b5-984f-673cb012149f', 'OG ATL EPLUCHE ES 1KG', '', 7.85, 'pce', 0.055, 'import_2025', true);
INSERT INTO appro_catalogue (id, nom, nom_recherche, categorie, unite, actif) VALUES ('41232d41-ad9c-4462-8d99-3be421d7f98f', 'OIGNON ROUGE HVE3 ALS 4/6 FLT1KG', 'oignon rouge hve3 als 4 6 flt1kg', 'Fruits & Légumes', 'pce', true);
INSERT INTO appro_prix (id, article_id, fournisseur_id, designation, reference_fournisseur, pu_ht, unite, taux_tva, source, actif) VALUES ('532fd414-1bff-4bb4-a0a7-2620202e7a4f', '41232d41-ad9c-4462-8d99-3be421d7f98f', '21fbe47e-0b13-40b5-984f-673cb012149f', 'OIGNON ROUGE HVE3 ALS 4/6 FLT1KG', '', 1.3, 'pce', 0.055, 'import_2025', true);
INSERT INTO appro_catalogue (id, nom, nom_recherche, categorie, unite, actif) VALUES ('eb1c16d9-a22e-4851-963c-66c998477882', 'HCIBOULETTE MA BO100G', 'hciboulette ma bo100g', 'Fruits & Légumes', 'pce', true);
INSERT INTO appro_prix (id, article_id, fournisseur_id, designation, reference_fournisseur, pu_ht, unite, taux_tva, source, actif) VALUES ('e60a2c0d-dde1-4d16-952a-3b3ab53ca397', 'eb1c16d9-a22e-4851-963c-66c998477882', '21fbe47e-0b13-40b5-984f-673cb012149f', 'HCIBOULETTE MA BO100G', '', 3.8, 'pce', 0.055, 'import_2025', true);
INSERT INTO appro_catalogue (id, nom, nom_recherche, categorie, unite, actif) VALUES ('9d55dfc0-8bb7-43d3-a892-1c50562848ab', 'SL FRKUI.CHE.BLO ALS', 'sl frkui che blo als', 'Alimentaire', 'pce', true);
INSERT INTO appro_prix (id, article_id, fournisseur_id, designation, reference_fournisseur, pu_ht, unite, taux_tva, source, actif) VALUES ('08adc629-e939-4847-b207-0b102e6ca313', '9d55dfc0-8bb7-43d3-a892-1c50562848ab', '21fbe47e-0b13-40b5-984f-673cb012149f', 'SL FRKUI.CHE.BLO ALS', '', 1.25, 'pce', 0.055, 'import_2025', true);
INSERT INTO appro_catalogue (id, nom, nom_recherche, categorie, unite, actif) VALUES ('3fb84b02-6637-40a5-8f6c-2b211f3d87af', 'ABR.BERGERON FR A 40-45 5KG', 'abr bergeron fr a 40 45 5kg', 'Alimentaire', 'kg', true);
INSERT INTO appro_prix (id, article_id, fournisseur_id, designation, reference_fournisseur, pu_ht, unite, taux_tva, source, actif) VALUES ('246bed18-1323-409e-a534-370a0043582a', '3fb84b02-6637-40a5-8f6c-2b211f3d87af', '21fbe47e-0b13-40b5-984f-673cb012149f', 'ABR.BERGERON FR A 40-45 5KG', '', 2.45, 'kg', 0.055, 'import_2025', true);
INSERT INTO appro_catalogue (id, nom, nom_recherche, categorie, unite, actif) VALUES ('53a8f7fa-e165-4bc7-9545-443b3d718aed', 'NAVET BLANC FR SAC5K', 'navet blanc fr sac5k', 'Fruits & Légumes', 'kg', true);
INSERT INTO appro_prix (id, article_id, fournisseur_id, designation, reference_fournisseur, pu_ht, unite, taux_tva, source, actif) VALUES ('0bbdab23-892b-4bd3-8028-531800f5c343', '53a8f7fa-e165-4bc7-9545-443b3d718aed', '21fbe47e-0b13-40b5-984f-673cb012149f', 'NAVET BLANC FR SAC5K', '', 2.3, 'kg', 0.055, 'import_2025', true);
INSERT INTO appro_catalogue (id, nom, nom_recherche, categorie, unite, actif) VALUES ('de8f943d-f3dc-420f-97e5-17e698a47d07', 'CLEM.OR ZA 2', 'clem or za 2', 'Alimentaire', 'kg', true);
INSERT INTO appro_prix (id, article_id, fournisseur_id, designation, reference_fournisseur, pu_ht, unite, taux_tva, source, actif) VALUES ('a0011efb-bad0-4450-b3a4-7691feaf21d7', 'de8f943d-f3dc-420f-97e5-17e698a47d07', '21fbe47e-0b13-40b5-984f-673cb012149f', 'CLEM.OR ZA 2', '', 3.5, 'kg', 0.055, 'import_2025', true);
INSERT INTO appro_catalogue (id, nom, nom_recherche, categorie, unite, actif) VALUES ('39abe10e-ef78-4f64-9a2b-2236ac40d935', 'SL ENDIVE FR 5KG', 'sl endive fr 5kg', 'Fruits & Légumes', 'kg', true);
INSERT INTO appro_prix (id, article_id, fournisseur_id, designation, reference_fournisseur, pu_ht, unite, taux_tva, source, actif) VALUES ('d036b77a-58a5-4eb9-b5fb-de1a93f47af5', '39abe10e-ef78-4f64-9a2b-2236ac40d935', '21fbe47e-0b13-40b5-984f-673cb012149f', 'SL ENDIVE FR 5KG', '', 2.2, 'kg', 0.055, 'import_2025', true);
INSERT INTO appro_catalogue (id, nom, nom_recherche, categorie, unite, actif) VALUES ('dcd3de47-911d-45c8-bc4b-b4a1873bb5e9', 'SL ENDIVE FR SACHET 1KG', 'sl endive fr sachet 1kg', 'Fruits & Légumes', 'pce', true);
INSERT INTO appro_prix (id, article_id, fournisseur_id, designation, reference_fournisseur, pu_ht, unite, taux_tva, source, actif) VALUES ('3538b66a-54aa-4d7a-bcc3-5caf00c415eb', 'dcd3de47-911d-45c8-bc4b-b4a1873bb5e9', '21fbe47e-0b13-40b5-984f-673cb012149f', 'SL ENDIVE FR SACHET 1KG', '', 2.2, 'pce', 0.055, 'import_2025', true);
INSERT INTO appro_catalogue (id, nom, nom_recherche, categorie, unite, actif) VALUES ('0b9e1b01-7d03-414c-8199-164c374d9929', 'COURG.BUTTERNUT HVE3 ALS 10KG', 'courg butternut hve3 als 10kg', 'Alimentaire', 'kg', true);
INSERT INTO appro_prix (id, article_id, fournisseur_id, designation, reference_fournisseur, pu_ht, unite, taux_tva, source, actif) VALUES ('ccaa5fc1-de95-4470-b099-4b0d703805ae', '0b9e1b01-7d03-414c-8199-164c374d9929', '21fbe47e-0b13-40b5-984f-673cb012149f', 'COURG.BUTTERNUT HVE3 ALS 10KG', '', 1.53, 'kg', 0.055, 'import_2025', true);
INSERT INTO appro_catalogue (id, nom, nom_recherche, categorie, unite, actif) VALUES ('c9968c4a-a2c9-4dac-9c85-b52627ce6439', 'TOM.RONDE HVE3 ALS 57-67 6KG', 'tom ronde hve3 als 57 67 6kg', 'Fruits & Légumes', 'kg', true);
INSERT INTO appro_prix (id, article_id, fournisseur_id, designation, reference_fournisseur, pu_ht, unite, taux_tva, source, actif) VALUES ('7678e2c2-4b42-47f2-ab16-107e5f1ee1fe', 'c9968c4a-a2c9-4dac-9c85-b52627ce6439', '21fbe47e-0b13-40b5-984f-673cb012149f', 'TOM.RONDE HVE3 ALS 57-67 6KG', '', 2.1, 'kg', 0.055, 'import_2025', true);
INSERT INTO appro_catalogue (id, nom, nom_recherche, categorie, unite, actif) VALUES ('17cb148a-5723-4bfd-8b60-287dd1010943', 'MELON CHAR JAUNE FR 975/1250G', 'melon char jaune fr 975 1250g', 'Alimentaire', 'pce', true);
INSERT INTO appro_prix (id, article_id, fournisseur_id, designation, reference_fournisseur, pu_ht, unite, taux_tva, source, actif) VALUES ('348370da-afeb-4acd-b956-440ca65328a8', '17cb148a-5723-4bfd-8b60-287dd1010943', '21fbe47e-0b13-40b5-984f-673cb012149f', 'MELON CHAR JAUNE FR 975/1250G', '', 2.1, 'pce', 0.055, 'import_2025', true);
INSERT INTO appro_catalogue (id, nom, nom_recherche, categorie, unite, actif) VALUES ('2d5683f1-3890-4f86-93fe-811128ddca40', 'SL FEUI.CHE.BLO HVE3 FR', 'sl feui che blo hve3 fr', 'Fruits & Légumes', 'pce', true);
INSERT INTO appro_prix (id, article_id, fournisseur_id, designation, reference_fournisseur, pu_ht, unite, taux_tva, source, actif) VALUES ('c992c1bb-02b2-4f83-b95c-4f6bc5946bca', '2d5683f1-3890-4f86-93fe-811128ddca40', '21fbe47e-0b13-40b5-984f-673cb012149f', 'SL FEUI.CHE.BLO HVE3 FR', '', 1.05, 'pce', 0.055, 'import_2025', true);
INSERT INTO appro_catalogue (id, nom, nom_recherche, categorie, unite, actif) VALUES ('f6b414b6-7d40-4882-9a72-c41900b08daf', 'COURGETTE FR 14/21 10KG', 'courgette fr 14 21 10kg', 'Fruits & Légumes', 'kg', true);
INSERT INTO appro_prix (id, article_id, fournisseur_id, designation, reference_fournisseur, pu_ht, unite, taux_tva, source, actif) VALUES ('93e0dfda-3d23-478e-874e-6424f9bf2238', 'f6b414b6-7d40-4882-9a72-c41900b08daf', '21fbe47e-0b13-40b5-984f-673cb012149f', 'COURGETTE FR 14/21 10KG', '', 1.95, 'kg', 0.055, 'import_2025', true);
INSERT INTO appro_catalogue (id, nom, nom_recherche, categorie, unite, actif) VALUES ('2fdcb929-e184-48e8-a472-cc556f233f14', 'CAROTTE BE SAC5K', 'carotte be sac5k', 'Fruits & Légumes', 'kg', true);
INSERT INTO appro_prix (id, article_id, fournisseur_id, designation, reference_fournisseur, pu_ht, unite, taux_tva, source, actif) VALUES ('1c9f9c0c-4d1d-4702-9d5f-06a394883145', '2fdcb929-e184-48e8-a472-cc556f233f14', '21fbe47e-0b13-40b5-984f-673cb012149f', 'CAROTTE BE SAC5K', '', 1.2, 'kg', 0.055, 'import_2025', true);
INSERT INTO appro_catalogue (id, nom, nom_recherche, categorie, unite, actif) VALUES ('3df196a3-30cd-4a5a-835d-0bc3552cd3b4', 'CAROTTE HVE3 ALS M SACSK', 'carotte hve3 als m sacsk', 'Fruits & Légumes', 'kg', true);
INSERT INTO appro_prix (id, article_id, fournisseur_id, designation, reference_fournisseur, pu_ht, unite, taux_tva, source, actif) VALUES ('8f338e9b-f87c-47c6-977d-b09114582faa', '3df196a3-30cd-4a5a-835d-0bc3552cd3b4', '21fbe47e-0b13-40b5-984f-673cb012149f', 'CAROTTE HVE3 ALS M SACSK', '', 1.15, 'kg', 0.055, 'import_2025', true);
INSERT INTO appro_catalogue (id, nom, nom_recherche, categorie, unite, actif) VALUES ('4941ea7c-fdfa-4916-ae9f-272997921c6e', 'POIRE DOY DE COMICE BE 60-65 7KG', 'poire doy de comice be 60 65 7kg', 'Alimentaire', 'kg', true);
INSERT INTO appro_prix (id, article_id, fournisseur_id, designation, reference_fournisseur, pu_ht, unite, taux_tva, source, actif) VALUES ('1cae58bf-b542-4530-b050-fb537803bbe6', '4941ea7c-fdfa-4916-ae9f-272997921c6e', '21fbe47e-0b13-40b5-984f-673cb012149f', 'POIRE DOY DE COMICE BE 60-65 7KG', '', 1.4, 'kg', 0.055, 'import_2025', true);
INSERT INTO appro_catalogue (id, nom, nom_recherche, categorie, unite, actif) VALUES ('30d5bd66-0b5e-4b4d-837c-f0db1c9b7250', 'COURG.POTIMARRON HVE3 ALS 10KG', 'courg potimarron hve3 als 10kg', 'Alimentaire', 'kg', true);
INSERT INTO appro_prix (id, article_id, fournisseur_id, designation, reference_fournisseur, pu_ht, unite, taux_tva, source, actif) VALUES ('293e394d-3157-4d7e-97cd-98f520edd96c', '30d5bd66-0b5e-4b4d-837c-f0db1c9b7250', '21fbe47e-0b13-40b5-984f-673cb012149f', 'COURG.POTIMARRON HVE3 ALS 10KG', '', 1.6, 'kg', 0.055, 'import_2025', true);
INSERT INTO appro_catalogue (id, nom, nom_recherche, categorie, unite, actif) VALUES ('5c30147a-e771-45f6-a0c2-960d821bd324', 'SL FEKEUI.CHE.BLO HVE3 ALS', 'sl fekeui che blo hve3 als', 'Alimentaire', 'pce', true);
INSERT INTO appro_prix (id, article_id, fournisseur_id, designation, reference_fournisseur, pu_ht, unite, taux_tva, source, actif) VALUES ('f7bb8a64-f457-4cb0-a7f6-af79919d22e3', '5c30147a-e771-45f6-a0c2-960d821bd324', '21fbe47e-0b13-40b5-984f-673cb012149f', 'SL FEKEUI.CHE.BLO HVE3 ALS', '', 0.9, 'pce', 0.055, 'import_2025', true);
INSERT INTO appro_catalogue (id, nom, nom_recherche, categorie, unite, actif) VALUES ('a2ec062b-c9fa-4844-887a-f0da1d26d2b8', 'SL ENDIVE FR 5DKG', 'sl endive fr 5dkg', 'Fruits & Légumes', 'kg', true);
INSERT INTO appro_prix (id, article_id, fournisseur_id, designation, reference_fournisseur, pu_ht, unite, taux_tva, source, actif) VALUES ('b493d66c-a316-4f5a-a577-ac74115cb29b', 'a2ec062b-c9fa-4844-887a-f0da1d26d2b8', '21fbe47e-0b13-40b5-984f-673cb012149f', 'SL ENDIVE FR 5DKG', '', 2.6, 'kg', 0.055, 'import_2025', true);
INSERT INTO appro_catalogue (id, nom, nom_recherche, categorie, unite, actif) VALUES ('e8eb1830-0356-4a75-a5c8-7f6381fc98bf', 'HCIBOULETTE FR BQ100G', 'hciboulette fr bq100g', 'Fruits & Légumes', 'pce', true);
INSERT INTO appro_prix (id, article_id, fournisseur_id, designation, reference_fournisseur, pu_ht, unite, taux_tva, source, actif) VALUES ('0e9768d8-1bcb-4403-81ef-2ac5da640cc7', 'e8eb1830-0356-4a75-a5c8-7f6381fc98bf', '21fbe47e-0b13-40b5-984f-673cb012149f', 'HCIBOULETTE FR BQ100G', '', 2.55, 'pce', 0.055, 'import_2025', true);
INSERT INTO appro_catalogue (id, nom, nom_recherche, categorie, unite, actif) VALUES ('47f45e60-2583-443f-9981-e47dc7fc9548', 'OIGNON HVE3 ALS 4/6 SAC5K', 'oignon hve3 als 4 6 sac5k', 'Fruits & Légumes', 'kg', true);
INSERT INTO appro_prix (id, article_id, fournisseur_id, designation, reference_fournisseur, pu_ht, unite, taux_tva, source, actif) VALUES ('60348fde-9783-403f-8afc-22176e362e5d', '47f45e60-2583-443f-9981-e47dc7fc9548', '21fbe47e-0b13-40b5-984f-673cb012149f', 'OIGNON HVE3 ALS 4/6 SAC5K', '', 1.0, 'kg', 0.055, 'import_2025', true);
INSERT INTO appro_catalogue (id, nom, nom_recherche, categorie, unite, actif) VALUES ('fe93283c-c26a-4492-b588-46bf5a942324', 'BANANE CAVENDISH CM P19', 'banane cavendish cm p19', 'Alimentaire', 'kg', true);
INSERT INTO appro_prix (id, article_id, fournisseur_id, designation, reference_fournisseur, pu_ht, unite, taux_tva, source, actif) VALUES ('0eb28f52-6310-4c10-954e-307234f8580b', 'fe93283c-c26a-4492-b588-46bf5a942324', '21fbe47e-0b13-40b5-984f-673cb012149f', 'BANANE CAVENDISH CM P19', '', 1.65, 'kg', 0.055, 'import_2025', true);
INSERT INTO appro_catalogue (id, nom, nom_recherche, categorie, unite, actif) VALUES ('ae1351ce-9be9-4399-8aef-58f0d4f61807', 'OIGNON ROUGE NL', 'oignon rouge nl', 'Fruits & Légumes', 'pce', true);
INSERT INTO appro_prix (id, article_id, fournisseur_id, designation, reference_fournisseur, pu_ht, unite, taux_tva, source, actif) VALUES ('d55e68b0-2a2b-4ed3-8f43-cd898b65e2fb', 'ae1351ce-9be9-4399-8aef-58f0d4f61807', '21fbe47e-0b13-40b5-984f-673cb012149f', 'OIGNON ROUGE NL', '', 1.55, 'pce', 0.055, 'import_2025', true);
INSERT INTO appro_catalogue (id, nom, nom_recherche, categorie, unite, actif) VALUES ('0f8ec016-f0e1-4bf6-a75c-7a461fcd752c', 'COURGETTE MIDI 14/21 9KG', 'courgette midi 14 21 9kg', 'Fruits & Légumes', 'kg', true);
INSERT INTO appro_prix (id, article_id, fournisseur_id, designation, reference_fournisseur, pu_ht, unite, taux_tva, source, actif) VALUES ('1ec7f6ef-2264-4680-b954-a7855cac510e', '0f8ec016-f0e1-4bf6-a75c-7a461fcd752c', '21fbe47e-0b13-40b5-984f-673cb012149f', 'COURGETTE MIDI 14/21 9KG', '', 1.9, 'kg', 0.055, 'import_2025', true);
INSERT INTO appro_catalogue (id, nom, nom_recherche, categorie, unite, actif) VALUES ('1c3c61b9-0c9c-4501-a388-f098c91e553c', 'CHOU FLEUR FR', 'chou fleur fr', 'Fruits & Légumes', 'pce', true);
INSERT INTO appro_prix (id, article_id, fournisseur_id, designation, reference_fournisseur, pu_ht, unite, taux_tva, source, actif) VALUES ('122fc463-636b-497f-b4a8-a923823f1d9b', '1c3c61b9-0c9c-4501-a388-f098c91e553c', '21fbe47e-0b13-40b5-984f-673cb012149f', 'CHOU FLEUR FR', '', 2.2, 'pce', 0.055, 'import_2025', true);
INSERT INTO appro_catalogue (id, nom, nom_recherche, categorie, unite, actif) VALUES ('335c9273-c2a8-4fc1-9ace-30207240cc6f', 'OIGNON ROUGE EG 6/8 SAC5K', 'oignon rouge eg 6 8 sac5k', 'Fruits & Légumes', 'kg', true);
INSERT INTO appro_prix (id, article_id, fournisseur_id, designation, reference_fournisseur, pu_ht, unite, taux_tva, source, actif) VALUES ('79f15edf-db32-4bd5-a42c-82911fd401ad', '335c9273-c2a8-4fc1-9ace-30207240cc6f', '21fbe47e-0b13-40b5-984f-673cb012149f', 'OIGNON ROUGE EG 6/8 SAC5K', '', 0.85, 'kg', 0.055, 'import_2025', true);
INSERT INTO appro_catalogue (id, nom, nom_recherche, categorie, unite, actif) VALUES ('d22b80e9-abad-4106-bcb4-d00c0fde3ea4', 'POIREAU NOUVEAU FR 10KG', 'poireau nouveau fr 10kg', 'Alimentaire', 'kg', true);
INSERT INTO appro_prix (id, article_id, fournisseur_id, designation, reference_fournisseur, pu_ht, unite, taux_tva, source, actif) VALUES ('4feead8e-a4a4-497d-bf17-a73c99667d83', 'd22b80e9-abad-4106-bcb4-d00c0fde3ea4', '21fbe47e-0b13-40b5-984f-673cb012149f', 'POIREAU NOUVEAU FR 10KG', '', 2.1, 'kg', 0.055, 'import_2025', true);
INSERT INTO appro_catalogue (id, nom, nom_recherche, categorie, unite, actif) VALUES ('c040b185-9678-43ec-8c1d-c8561c405af1', 'CHOU FLEUR HVE3 ALS', 'chou fleur hve3 als', 'Fruits & Légumes', 'pce', true);
INSERT INTO appro_prix (id, article_id, fournisseur_id, designation, reference_fournisseur, pu_ht, unite, taux_tva, source, actif) VALUES ('1f128d57-3e63-4a4b-9f59-f428df79ecdf', 'c040b185-9678-43ec-8c1d-c8561c405af1', '21fbe47e-0b13-40b5-984f-673cb012149f', 'CHOU FLEUR HVE3 ALS', '', 2.1, 'pce', 0.055, 'import_2025', true);
INSERT INTO appro_catalogue (id, nom, nom_recherche, categorie, unite, actif) VALUES ('418a44ef-3b9d-464f-a60f-83413d86da1b', 'Capucine', 'capucine', 'Alimentaire', 'pce', true);
INSERT INTO appro_prix (id, article_id, fournisseur_id, designation, reference_fournisseur, pu_ht, unite, taux_tva, source, actif) VALUES ('5d7c996a-fcff-40fc-a83d-d4c753129bf5', '418a44ef-3b9d-464f-a60f-83413d86da1b', '6615983c-bd95-4160-a4c6-589d4033aef7', 'Capucine', '', 3.9, 'pce', 0.055, 'import_2025', true);
INSERT INTO appro_catalogue (id, nom, nom_recherche, categorie, unite, actif) VALUES ('8468ab8d-e736-4508-a5af-02452642a379', 'CAROTTE HVE3 FR SACH2K', 'carotte hve3 fr sach2k', 'Fruits & Légumes', 'pce', true);
INSERT INTO appro_prix (id, article_id, fournisseur_id, designation, reference_fournisseur, pu_ht, unite, taux_tva, source, actif) VALUES ('4ad7dced-5ad8-4754-b601-de1993565f96', '8468ab8d-e736-4508-a5af-02452642a379', '21fbe47e-0b13-40b5-984f-673cb012149f', 'CAROTTE HVE3 FR SACH2K', '', 1.95, 'pce', 0.055, 'import_2025', true);
INSERT INTO appro_catalogue (id, nom, nom_recherche, categorie, unite, actif) VALUES ('8fd71d71-142e-4f6d-966e-b8985f91b46c', 'BANANE CAVENDISH C.IVO P19', 'banane cavendish c ivo p19', 'Alimentaire', 'kg', true);
INSERT INTO appro_prix (id, article_id, fournisseur_id, designation, reference_fournisseur, pu_ht, unite, taux_tva, source, actif) VALUES ('0696ac81-ffcd-48f0-b52c-f03401ec8dea', '8fd71d71-142e-4f6d-966e-b8985f91b46c', '21fbe47e-0b13-40b5-984f-673cb012149f', 'BANANE CAVENDISH C.IVO P19', '', 1.8, 'kg', 0.055, 'import_2025', true);
INSERT INTO appro_catalogue (id, nom, nom_recherche, categorie, unite, actif) VALUES ('ef13c96b-7f6e-479f-abb0-e7459c7a9f88', 'NAVET BLANC ALS SAC5SK', 'navet blanc als sac5sk', 'Fruits & Légumes', 'kg', true);
INSERT INTO appro_prix (id, article_id, fournisseur_id, designation, reference_fournisseur, pu_ht, unite, taux_tva, source, actif) VALUES ('5603d8d5-0445-443c-a0ed-76c01bf60b2d', 'ef13c96b-7f6e-479f-abb0-e7459c7a9f88', '21fbe47e-0b13-40b5-984f-673cb012149f', 'NAVET BLANC ALS SAC5SK', '', 1.45, 'kg', 0.055, 'import_2025', true);
INSERT INTO appro_catalogue (id, nom, nom_recherche, categorie, unite, actif) VALUES ('156f8d32-d444-4672-b5df-1c1e69256049', 'Persil plat 300gr', 'persil plat 300gr', 'Alimentaire', 'pce', true);
INSERT INTO appro_prix (id, article_id, fournisseur_id, designation, reference_fournisseur, pu_ht, unite, taux_tva, source, actif) VALUES ('69111cf6-4a2f-4dd1-b5bf-5681d05ff207', '156f8d32-d444-4672-b5df-1c1e69256049', '6615983c-bd95-4160-a4c6-589d4033aef7', 'Persil plat 300gr', '', 2.8, 'pce', 0.055, 'import_2025', true);
INSERT INTO appro_catalogue (id, nom, nom_recherche, categorie, unite, actif) VALUES ('fb752248-0bce-4400-b715-c4d926df257e', 'OIGNON JAUNE HVE3 ALS 6/8 F5K', 'oignon jaune hve3 als 6 8 f5k', 'Fruits & Légumes', 'pce', true);
INSERT INTO appro_prix (id, article_id, fournisseur_id, designation, reference_fournisseur, pu_ht, unite, taux_tva, source, actif) VALUES ('4a9ed87b-d5f6-4771-ba53-0d3b954079c1', 'fb752248-0bce-4400-b715-c4d926df257e', '21fbe47e-0b13-40b5-984f-673cb012149f', 'OIGNON JAUNE HVE3 ALS 6/8 F5K', '', 2.8, 'pce', 0.055, 'import_2025', true);
INSERT INTO appro_catalogue (id, nom, nom_recherche, categorie, unite, actif) VALUES ('cde35ed5-a214-4ad2-9fed-e61210d12c65', 'OIGNON ROUGE EG 6/8 FLT1KG', 'oignon rouge eg 6 8 flt1kg', 'Fruits & Légumes', 'pce', true);
INSERT INTO appro_prix (id, article_id, fournisseur_id, designation, reference_fournisseur, pu_ht, unite, taux_tva, source, actif) VALUES ('f214fb5a-175a-4121-ad7f-eff566704afc', 'cde35ed5-a214-4ad2-9fed-e61210d12c65', '21fbe47e-0b13-40b5-984f-673cb012149f', 'OIGNON ROUGE EG 6/8 FLT1KG', '', 0.9, 'pce', 0.055, 'import_2025', true);
INSERT INTO appro_catalogue (id, nom, nom_recherche, categorie, unite, actif) VALUES ('cffc52c8-2e26-4a8d-95cd-ae5da4db7df4', 'PERSIL PLAT ALS', 'persil plat als', 'Fruits & Légumes', 'kg', true);
INSERT INTO appro_prix (id, article_id, fournisseur_id, designation, reference_fournisseur, pu_ht, unite, taux_tva, source, actif) VALUES ('22c37a5f-7378-4ec1-9f67-18aa04688fe9', 'cffc52c8-2e26-4a8d-95cd-ae5da4db7df4', '21fbe47e-0b13-40b5-984f-673cb012149f', 'PERSIL PLAT ALS', '', 4.1, 'kg', 0.055, 'import_2025', true);
INSERT INTO appro_catalogue (id, nom, nom_recherche, categorie, unite, actif) VALUES ('373a077c-c2b6-42b2-b931-9507814d9eed', 'CELERI BRANCHE FR 5SKG', 'celeri branche fr 5skg', 'Fruits & Légumes', 'kg', true);
INSERT INTO appro_prix (id, article_id, fournisseur_id, designation, reference_fournisseur, pu_ht, unite, taux_tva, source, actif) VALUES ('51f633a8-7dd2-40e1-af36-935795568f45', '373a077c-c2b6-42b2-b931-9507814d9eed', '21fbe47e-0b13-40b5-984f-673cb012149f', 'CELERI BRANCHE FR 5SKG', '', 1.95, 'kg', 0.055, 'import_2025', true);
INSERT INTO appro_catalogue (id, nom, nom_recherche, categorie, unite, actif) VALUES ('15d7f9d3-31ad-4b52-b956-113eda5c97c9', 'Basilic 100gr', 'basilic 100gr', 'Alimentaire', 'pce', true);
INSERT INTO appro_prix (id, article_id, fournisseur_id, designation, reference_fournisseur, pu_ht, unite, taux_tva, source, actif) VALUES ('cb2edf8c-2c5f-45d7-87ff-e0077de8bc46', '15d7f9d3-31ad-4b52-b956-113eda5c97c9', '6615983c-bd95-4160-a4c6-589d4033aef7', 'Basilic 100gr', '', 2.3, 'pce', 0.055, 'import_2025', true);
INSERT INTO appro_catalogue (id, nom, nom_recherche, categorie, unite, actif) VALUES ('74afb593-d8d1-4c16-9cef-15ccaca9c5fb', 'Bourrache 100gr', 'bourrache 100gr', 'Alimentaire', 'pce', true);
INSERT INTO appro_prix (id, article_id, fournisseur_id, designation, reference_fournisseur, pu_ht, unite, taux_tva, source, actif) VALUES ('defabe81-1fc3-42d2-bf62-380eadd8cb42', '74afb593-d8d1-4c16-9cef-15ccaca9c5fb', '6615983c-bd95-4160-a4c6-589d4033aef7', 'Bourrache 100gr', '', 2.3, 'pce', 0.055, 'import_2025', true);
INSERT INTO appro_catalogue (id, nom, nom_recherche, categorie, unite, actif) VALUES ('80904056-c02d-41ae-894b-d578769513eb', 'Cerfeuil 100gr', 'cerfeuil 100gr', 'Alimentaire', 'pce', true);
INSERT INTO appro_prix (id, article_id, fournisseur_id, designation, reference_fournisseur, pu_ht, unite, taux_tva, source, actif) VALUES ('7b75094d-575d-45c0-bef8-2015d060d75c', '80904056-c02d-41ae-894b-d578769513eb', '6615983c-bd95-4160-a4c6-589d4033aef7', 'Cerfeuil 100gr', '', 2.3, 'pce', 0.055, 'import_2025', true);
INSERT INTO appro_catalogue (id, nom, nom_recherche, categorie, unite, actif) VALUES ('80d78c58-1f15-4d74-bc88-16cd9c9d5a73', 'Ciboulette 100gr', 'ciboulette 100gr', 'Alimentaire', 'pce', true);
INSERT INTO appro_prix (id, article_id, fournisseur_id, designation, reference_fournisseur, pu_ht, unite, taux_tva, source, actif) VALUES ('3cef59b8-b66c-4667-8dcd-02efffe201b9', '80d78c58-1f15-4d74-bc88-16cd9c9d5a73', '6615983c-bd95-4160-a4c6-589d4033aef7', 'Ciboulette 100gr', '', 2.3, 'pce', 0.055, 'import_2025', true);
INSERT INTO appro_catalogue (id, nom, nom_recherche, categorie, unite, actif) VALUES ('cddfd27f-990e-4037-ab1d-4e90e53c34ec', 'Estragon 100gr', 'estragon 100gr', 'Alimentaire', 'pce', true);
INSERT INTO appro_prix (id, article_id, fournisseur_id, designation, reference_fournisseur, pu_ht, unite, taux_tva, source, actif) VALUES ('9aff2cfe-0775-4b7e-940f-263605d1488d', 'cddfd27f-990e-4037-ab1d-4e90e53c34ec', '6615983c-bd95-4160-a4c6-589d4033aef7', 'Estragon 100gr', '', 2.3, 'pce', 0.055, 'import_2025', true);
INSERT INTO appro_catalogue (id, nom, nom_recherche, categorie, unite, actif) VALUES ('55206e19-a6eb-4a6c-8541-1551eeb20404', 'Menthe 100gr', 'menthe 100gr', 'Alimentaire', 'pce', true);
INSERT INTO appro_prix (id, article_id, fournisseur_id, designation, reference_fournisseur, pu_ht, unite, taux_tva, source, actif) VALUES ('157d989b-dca0-42b6-aabe-079b3281db90', '55206e19-a6eb-4a6c-8541-1551eeb20404', '6615983c-bd95-4160-a4c6-589d4033aef7', 'Menthe 100gr', '', 2.3, 'pce', 0.055, 'import_2025', true);
INSERT INTO appro_catalogue (id, nom, nom_recherche, categorie, unite, actif) VALUES ('f42b9af4-58fc-495a-9fbb-bb88864ba8d4', 'Pimprenelle 100gr', 'pimprenelle 100gr', 'Alimentaire', 'pce', true);
INSERT INTO appro_prix (id, article_id, fournisseur_id, designation, reference_fournisseur, pu_ht, unite, taux_tva, source, actif) VALUES ('2f21bb51-887e-4d9b-ac78-de8bd8be554d', 'f42b9af4-58fc-495a-9fbb-bb88864ba8d4', '6615983c-bd95-4160-a4c6-589d4033aef7', 'Pimprenelle 100gr', '', 2.3, 'pce', 0.055, 'import_2025', true);
INSERT INTO appro_catalogue (id, nom, nom_recherche, categorie, unite, actif) VALUES ('155fde92-0d5d-46ae-b5f7-3de9cd3a06d3', 'Romarin 100gr', 'romarin 100gr', 'Alimentaire', 'pce', true);
INSERT INTO appro_prix (id, article_id, fournisseur_id, designation, reference_fournisseur, pu_ht, unite, taux_tva, source, actif) VALUES ('e011d4a5-1169-4466-9e13-5c84890f652e', '155fde92-0d5d-46ae-b5f7-3de9cd3a06d3', '6615983c-bd95-4160-a4c6-589d4033aef7', 'Romarin 100gr', '', 2.3, 'pce', 0.055, 'import_2025', true);
INSERT INTO appro_catalogue (id, nom, nom_recherche, categorie, unite, actif) VALUES ('9d16239a-8da2-4e97-b503-fc104e1d86c2', 'Sarriette 100gr', 'sarriette 100gr', 'Alimentaire', 'pce', true);
INSERT INTO appro_prix (id, article_id, fournisseur_id, designation, reference_fournisseur, pu_ht, unite, taux_tva, source, actif) VALUES ('015ab0a1-c36e-4cf9-be49-d9cf363ffecc', '9d16239a-8da2-4e97-b503-fc104e1d86c2', '6615983c-bd95-4160-a4c6-589d4033aef7', 'Sarriette 100gr', '', 2.3, 'pce', 0.055, 'import_2025', true);
INSERT INTO appro_catalogue (id, nom, nom_recherche, categorie, unite, actif) VALUES ('6ef53789-fb11-4a8c-9526-a2863f6b18e6', 'Thym citronné 100gr', 'thym citronne 100gr', 'Alimentaire', 'pce', true);
INSERT INTO appro_prix (id, article_id, fournisseur_id, designation, reference_fournisseur, pu_ht, unite, taux_tva, source, actif) VALUES ('b51adcf0-c064-4590-ac3a-d68c90333ea4', '6ef53789-fb11-4a8c-9526-a2863f6b18e6', '6615983c-bd95-4160-a4c6-589d4033aef7', 'Thym citronné 100gr', '', 2.3, 'pce', 0.055, 'import_2025', true);
INSERT INTO appro_catalogue (id, nom, nom_recherche, categorie, unite, actif) VALUES ('58b4b384-49ca-46fd-a9cd-fe98b6d2a21d', 'HMENTHE ES', 'hmenthe es', 'Fruits & Légumes', 'pce', true);
INSERT INTO appro_prix (id, article_id, fournisseur_id, designation, reference_fournisseur, pu_ht, unite, taux_tva, source, actif) VALUES ('3b2adfba-97c4-489a-8d83-3d8da27ce8aa', '58b4b384-49ca-46fd-a9cd-fe98b6d2a21d', '21fbe47e-0b13-40b5-984f-673cb012149f', 'HMENTHE ES', '', 1.1, 'pce', 0.055, 'import_2025', true);
INSERT INTO appro_catalogue (id, nom, nom_recherche, categorie, unite, actif) VALUES ('893db027-7e75-47ac-a76a-dbb02d9ee686', 'POIVRON TRICOLORE MA SACH500G', 'poivron tricolore ma sach500g', 'Fruits & Légumes', 'pce', true);
INSERT INTO appro_prix (id, article_id, fournisseur_id, designation, reference_fournisseur, pu_ht, unite, taux_tva, source, actif) VALUES ('29dc4ebf-c3bd-4546-adae-5f580d180e26', '893db027-7e75-47ac-a76a-dbb02d9ee686', '21fbe47e-0b13-40b5-984f-673cb012149f', 'POIVRON TRICOLORE MA SACH500G', '', 2.2, 'pce', 0.055, 'import_2025', true);
INSERT INTO appro_catalogue (id, nom, nom_recherche, categorie, unite, actif) VALUES ('2d72d077-9c96-4737-87ac-b348cd5da51e', 'POIVRON ROUGE NL GG 5KG', 'poivron rouge nl gg 5kg', 'Fruits & Légumes', 'kg', true);
INSERT INTO appro_prix (id, article_id, fournisseur_id, designation, reference_fournisseur, pu_ht, unite, taux_tva, source, actif) VALUES ('8c7edc13-db8d-41b7-8b9a-df63fb01418f', '2d72d077-9c96-4737-87ac-b348cd5da51e', '21fbe47e-0b13-40b5-984f-673cb012149f', 'POIVRON ROUGE NL GG 5KG', '', 2.9, 'kg', 0.055, 'import_2025', true);
INSERT INTO appro_catalogue (id, nom, nom_recherche, categorie, unite, actif) VALUES ('07899232-8eda-4a45-85ba-26a08396a845', 'POIVRON VERT POLOG G 5KG', 'poivron vert polog g 5kg', 'Fruits & Légumes', 'kg', true);
INSERT INTO appro_prix (id, article_id, fournisseur_id, designation, reference_fournisseur, pu_ht, unite, taux_tva, source, actif) VALUES ('e7ab5961-64d2-4dcf-bc3e-0bd1442787f6', '07899232-8eda-4a45-85ba-26a08396a845', '21fbe47e-0b13-40b5-984f-673cb012149f', 'POIVRON VERT POLOG G 5KG', '', 2.7, 'kg', 0.055, 'import_2025', true);
INSERT INTO appro_catalogue (id, nom, nom_recherche, categorie, unite, actif) VALUES ('08a6309f-5434-47a9-a041-da48805507f2', 'AUBERGINE ES M', 'aubergine es m', 'Fruits & Légumes', 'kg', true);
INSERT INTO appro_prix (id, article_id, fournisseur_id, designation, reference_fournisseur, pu_ht, unite, taux_tva, source, actif) VALUES ('5a8a6eb0-f3d2-46ba-8c2a-83d79195d18e', '08a6309f-5434-47a9-a041-da48805507f2', '21fbe47e-0b13-40b5-984f-673cb012149f', 'AUBERGINE ES M', '', 1.55, 'kg', 0.055, 'import_2025', true);
INSERT INTO appro_catalogue (id, nom, nom_recherche, categorie, unite, actif) VALUES ('11d10429-087b-42f0-b560-258c29ce76fe', 'POIVRON JAUNE NL GG 5KG', 'poivron jaune nl gg 5kg', 'Fruits & Légumes', 'kg', true);
INSERT INTO appro_prix (id, article_id, fournisseur_id, designation, reference_fournisseur, pu_ht, unite, taux_tva, source, actif) VALUES ('9b1b21d4-6930-4276-a8f6-3d938e07e26e', '11d10429-087b-42f0-b560-258c29ce76fe', '21fbe47e-0b13-40b5-984f-673cb012149f', 'POIVRON JAUNE NL GG 5KG', '', 2.1, 'kg', 0.055, 'import_2025', true);
INSERT INTO appro_catalogue (id, nom, nom_recherche, categorie, unite, actif) VALUES ('3ff467b6-198b-4467-b0e0-4bcaea6f85a3', 'COURGETTE ES 14/21', 'courgette es 14 21', 'Fruits & Légumes', 'kg', true);
INSERT INTO appro_prix (id, article_id, fournisseur_id, designation, reference_fournisseur, pu_ht, unite, taux_tva, source, actif) VALUES ('6e31970f-f6c8-4bdf-8fcc-3815d142bd63', '3ff467b6-198b-4467-b0e0-4bcaea6f85a3', '21fbe47e-0b13-40b5-984f-673cb012149f', 'COURGETTE ES 14/21', '', 1.05, 'kg', 0.055, 'import_2025', true);
INSERT INTO appro_catalogue (id, nom, nom_recherche, categorie, unite, actif) VALUES ('9b90f840-4355-48e5-ab3a-515980ee438d', 'FENOUIL ITA', 'fenouil ita', 'Fruits & Légumes', 'kg', true);
INSERT INTO appro_prix (id, article_id, fournisseur_id, designation, reference_fournisseur, pu_ht, unite, taux_tva, source, actif) VALUES ('b478cf9a-7163-405b-a6cb-d7c01fba7b84', '9b90f840-4355-48e5-ab3a-515980ee438d', '21fbe47e-0b13-40b5-984f-673cb012149f', 'FENOUIL ITA', '', 2.25, 'kg', 0.055, 'import_2025', true);
INSERT INTO appro_catalogue (id, nom, nom_recherche, categorie, unite, actif) VALUES ('cd16e208-e2ea-4c67-8f8e-0b8e571923a0', 'PERSIL PLAT ALL 5KG', 'persil plat all 5kg', 'Fruits & Légumes', 'kg', true);
INSERT INTO appro_prix (id, article_id, fournisseur_id, designation, reference_fournisseur, pu_ht, unite, taux_tva, source, actif) VALUES ('e1455f4f-07fe-41fa-9e2b-7f0c9b83f6dd', 'cd16e208-e2ea-4c67-8f8e-0b8e571923a0', '21fbe47e-0b13-40b5-984f-673cb012149f', 'PERSIL PLAT ALL 5KG', '', 3.2, 'kg', 0.055, 'import_2025', true);

-- 760 articles, 760 prix